dataset,seed,model,task_type,prequential_skill,worst_prequential_skill,post_update_skill,final_avg_skill,forgetting,backward_transfer,hidden_prequential_skill,hidden_post_update_skill,mean_update_latency_sec,init_latency_sec,final_state_kb,peak_state_kb,R_matrix,prequential_by_batch
nonlinear_regression,0,Static,regression,0.029352136255169768,-0.7161764793948553,0.029352136255169768,0.1810493770090951,0.0,0.0,-0.7161764793948553,-0.7161764793948553,0.0008278113999494963,0.515178307000042,757.2392578125,757.2392578125,"[[0.9395, NaN, NaN, NaN, NaN, NaN], [0.9395, -0.2855, NaN, NaN, NaN, NaN], [0.9395, -0.2855, 0.4025, NaN, NaN, NaN], [0.9395, -0.2855, 0.4025, 0.8997, NaN, NaN], [0.9395, -0.2855, 0.4025, 0.8997, -0.1538, NaN], [0.9395, -0.2855, 0.4025, 0.8997, -0.1538, -0.7162]]","[NaN, -0.2855, 0.4025, 0.8997, -0.1538, -0.7162]"
nonlinear_regression,0,Naive incremental,regression,-0.08088187571249725,-0.8711433365693846,0.8670104030956376,-1.3613087004118556,2.6884879597456086,-2.6884879597456086,-0.8711433365693846,0.9094948162250762,0.2704642751999927,0.452687891000096,225.5791015625,772.1103515625,"[[0.9395, NaN, NaN, NaN, NaN, NaN], [0.5634, 0.7403, NaN, NaN, NaN, NaN], [0.345, -1.0798, 0.9186, NaN, NaN, NaN], [0.8716, -0.6848, 0.6165, 0.953, NaN, NaN], [0.6327, -0.15, -0.1509, 0.5624, 0.8136, NaN], [-2.2927, -2.5538, -0.7688, -1.374, -2.088, 0.9095]]","[NaN, -0.2855, 0.1153, 0.7022, -0.0652, -0.8711]"
nonlinear_regression,0,Standard replay (FIFO),regression,-0.060622704140284166,-0.8073954729637545,0.8637935383391403,-0.0506483935657606,1.1141251512046442,-1.1124787267737974,-0.8073954729637545,0.8978446340175021,0.40253088839995144,0.4344238559999667,463.2353515625,839.2705078125,"[[0.9395, NaN, NaN, NaN, NaN, NaN], [0.9207, 0.7927, NaN, NaN, NaN, NaN], [0.4488, 0.7627, 0.9171, NaN, NaN, NaN], [0.7364, -0.7272, 0.8082, 0.9167, NaN, NaN], [0.8464, -0.6924, 0.5625, 0.9249, 0.7946, NaN], [-0.115, -2.5609, 0.4174, 0.4098, 0.6471, 0.8978]]","[NaN, -0.2855, 0.2991, 0.745, -0.2543, -0.8074]"
nonlinear_regression,0,Full retrain oracle*,regression,-0.09147498936786054,-0.8203448636308641,0.8473057930041531,0.8130560907137672,0.05963891883928485,-0.059545600303376765,-0.8203448636308641,0.8880378179337495,0.6559529430000112,0.6476521319998483,1438.4306640625,1515.5166015625,"[[0.9395, NaN, NaN, NaN, NaN, NaN], [0.9326, 0.8222, NaN, NaN, NaN, NaN], [0.8397, 0.7604, 0.7711, NaN, NaN, NaN], [0.8596, 0.8165, 0.7548, 0.9511, NaN, NaN], [0.871, 0.7794, 0.7349, 0.9516, 0.804, NaN], [0.8266, 0.729, 0.7314, 0.9402, 0.763, 0.888]]","[NaN, -0.2855, 0.3479, 0.9215, -0.6209, -0.8203]"
nonlinear_regression,0,ADAPT-X (proposed),regression,-0.02713607766621211,-0.809133994730459,0.8830852032095123,0.6383718687698926,0.30526607528276334,-0.3027509748551049,-0.809133994730459,0.9106723821109678,0.20105086060002578,0.9588782629998605,1233.3837890625,1233.3837890625,"[[0.9286, NaN, NaN, NaN, NaN, NaN], [0.9181, 0.838, NaN, NaN, NaN, NaN], [0.6098, 0.8205, 0.8995, NaN, NaN, NaN], [0.8768, 0.8505, 0.6529, 0.9549, NaN, NaN], [0.8946, 0.8497, 0.5922, 0.9474, 0.8124, NaN], [0.5967, 0.3857, 0.5218, 0.8004, 0.615, 0.9107]]","[NaN, -0.3321, 0.3313, 0.8339, -0.1596, -0.8091]"
nonlinear_regression,0,A: no drift detection,regression,-0.04437703284990635,-0.7937739581412631,0.8852653023908106,0.6099954345253221,0.33921508386320076,-0.3389827951298877,-0.7937739581412631,0.9110281888444638,0.19173947420013066,0.31368230099997163,1263.0751953125,1263.0751953125,"[[0.9286, NaN, NaN, NaN, NaN, NaN], [0.9176, 0.8382, NaN, NaN, NaN, NaN], [0.5997, 0.8182, 0.9069, NaN, NaN, NaN], [0.8494, 0.8394, 0.7074, 0.9501, NaN, NaN], [0.8504, 0.8334, 0.6672, 0.9389, 0.8201, NaN], [0.5504, 0.3638, 0.441, 0.7545, 0.6393, 0.911]]","[NaN, -0.3321, 0.3352, 0.8305, -0.2617, -0.7938]"
nonlinear_regression,0,B: no replay (K=0),regression,0.02282258144427256,-0.7786341214087158,0.8734425686895337,-0.5566204281149123,1.7270990965968924,-1.7270990965968924,-0.7786341214087158,0.8406448224132254,0.14575944499997603,0.2803336889999173,1084.7783203125,1084.7783203125,"[[0.9286, NaN, NaN, NaN, NaN, NaN], [0.8949, 0.7993, NaN, NaN, NaN, NaN], [0.4368, 0.3107, 0.9482, NaN, NaN, NaN], [0.8701, 0.3568, 0.6686, 0.9688, NaN, NaN], [0.9175, 0.5438, 0.4658, 0.9235, 0.8103, NaN], [-1.4674, -1.3401, 0.0631, -0.5707, -0.8653, 0.8406]]","[NaN, -0.3321, 0.4744, 0.7606, -0.0101, -0.7786]"
nonlinear_regression,0,C: no adaptive scaling,regression,-0.04437703284990635,-0.7937739581412631,0.8852653023908106,0.6099954345253221,0.33921508386320076,-0.3389827951298877,-0.7937739581412631,0.9110281888444638,0.19477963919998728,0.3269190220000837,1263.0751953125,1263.0751953125,"[[0.9286, NaN, NaN, NaN, NaN, NaN], [0.9176, 0.8382, NaN, NaN, NaN, NaN], [0.5997, 0.8182, 0.9069, NaN, NaN, NaN], [0.8494, 0.8394, 0.7074, 0.9501, NaN, NaN], [0.8504, 0.8334, 0.6672, 0.9389, 0.8201, NaN], [0.5504, 0.3638, 0.441, 0.7545, 0.6393, 0.911]]","[NaN, -0.3321, 0.3352, 0.8305, -0.2617, -0.7938]"
nonlinear_regression,0,D: no stable persistent state,regression,-0.04205177852413704,-0.8267305717214497,0.850326851808717,0.5164578792422364,0.4162894108874971,-0.4162894108874971,-0.8267305717214497,0.8982246856165615,0.35887556400002724,0.2833859309998843,592.541015625,1244.232421875,"[[0.9286, NaN, NaN, NaN, NaN, NaN], [0.9165, 0.79, NaN, NaN, NaN, NaN], [0.6358, 0.437, 0.8287, NaN, NaN, NaN], [0.8526, 0.2197, 0.6497, 0.9258, NaN, NaN], [0.8502, 0.0489, 0.5779, 0.9055, 0.8089, NaN], [0.5722, -0.2335, 0.5785, 0.799, 0.4844, 0.8982]]","[NaN, -0.3321, 0.3057, 0.8527, -0.2098, -0.8267]"
nonlinear_regression,0,E: random replay,regression,-0.006932913438606625,-0.8068464538097178,0.8874256736842195,0.4879491468092653,0.4894210308216399,-0.48759871168256497,-0.8068464538097178,0.9111550913266437,0.18888404019994595,0.2798637010000675,1303.5048828125,1303.5048828125,"[[0.9286, NaN, NaN, NaN, NaN, NaN], [0.9341, 0.8324, NaN, NaN, NaN, NaN], [0.6231, 0.8051, 0.9162, NaN, NaN, NaN], [0.8669, 0.8321, 0.6898, 0.9658, NaN, NaN], [0.8828, 0.8359, 0.6322, 0.9505, 0.8116, NaN], [0.4494, 0.0197, 0.2748, 0.7213, 0.5514, 0.9112]]","[NaN, -0.3321, 0.358, 0.8501, -0.1039, -0.8068]"
nonlinear_regression,1,Static,regression,-0.03861668218057832,-1.1755404615709955,-0.03861668218057832,0.126123668316508,0.0,0.0,-1.1755404615709955,-1.1755404615709955,0.0008154544000262831,0.38781250400006684,542.2314453125,542.2314453125,"[[0.9498, NaN, NaN, NaN, NaN, NaN], [0.9498, -0.1193, NaN, NaN, NaN, NaN], [0.9498, -0.1193, 0.3933, NaN, NaN, NaN], [0.9498, -0.1193, 0.3933, 0.9008, NaN, NaN], [0.9498, -0.1193, 0.3933, 0.9008, -0.1923, NaN], [0.9498, -0.1193, 0.3933, 0.9008, -0.1923, -1.1755]]","[NaN, -0.1193, 0.3933, 0.9008, -0.1923, -1.1755]"
nonlinear_regression,1,Naive incremental,regression,-0.12326591576208953,-1.3433710839310802,0.8883907985510623,-0.6938215790200681,1.9109417775355317,-1.9109417775355317,-1.3433710839310802,0.9297136574054155,0.3780887798000549,0.4083751939999729,303.7197265625,924.2666015625,"[[0.9498, NaN, NaN, NaN, NaN, NaN], [0.4123, 0.8262, NaN, NaN, NaN, NaN], [0.3954, -0.743, 0.938, NaN, NaN, NaN], [0.895, -0.7676, 0.6382, 0.9451, NaN, NaN], [0.6497, -0.2776, 0.0226, 0.5738, 0.803, NaN], [-1.2865, -1.7371, 0.1322, -0.2062, -1.9951, 0.9297]]","[NaN, -0.1193, 0.4583, 0.7023, -0.3142, -1.3434]"
nonlinear_regression,1,Standard replay (FIFO),regression,-0.13206379406818472,-1.1216294312865678,0.8850328554571403,-0.01736894582030028,1.097940381151842,-1.0958406746018885,-1.1216294312865678,0.9137865492584563,0.41849238139998307,0.28666021200001524,519.2666015625,1156.3603515625,"[[0.9498, NaN, NaN, NaN, NaN, NaN], [0.9311, 0.8812, NaN, NaN, NaN, NaN], [0.4786, 0.8539, 0.9277, NaN, NaN, NaN], [0.7735, -0.7328, 0.8161, 0.9102, NaN, NaN], [0.8831, -0.9197, 0.5733, 0.9207, 0.7923, NaN], [-0.5929, -1.6079, 0.2962, 0.2191, 0.6675, 0.9138]]","[NaN, -0.1193, 0.4296, 0.7397, -0.5887, -1.1216]"
nonlinear_regression,1,Full retrain oracle*,regression,-0.1380755106071446,-1.2370524337921802,0.8657347275363796,0.8309591345261936,0.06087453472864668,-0.058548850265335295,-1.2370524337921802,0.9189959164737783,0.3971056576000137,0.33135735099995145,1217.8603515625,1345.5947265625,"[[0.9498, NaN, NaN, NaN, NaN, NaN], [0.9499, 0.8662, NaN, NaN, NaN, NaN], [0.852, 0.8542, 0.7869, NaN, NaN, NaN], [0.8934, 0.8585, 0.7482, 0.9403, NaN, NaN], [0.892, 0.873, 0.7363, 0.9451, 0.8163, NaN], [0.833, 0.7524, 0.7478, 0.9418, 0.7918, 0.919]]","[NaN, -0.1193, 0.3909, 0.9077, -0.6326, -1.2371]"
nonlinear_regression,1,ADAPT-X (proposed),regression,-0.0848124034514512,-1.2605266608436678,0.9043015421699337,0.6175470576882395,0.35103786870536924,-0.35103786870536924,-1.2605266608436678,0.919350784559958,0.17659755959994072,0.3593809169999531,1295.0048828125,1295.0048828125,"[[0.939, NaN, NaN, NaN, NaN, NaN], [0.9376, 0.9168, NaN, NaN, NaN, NaN], [0.661, 0.8981, 0.9136, NaN, NaN, NaN], [0.8937, 0.9083, 0.6872, 0.9524, NaN, NaN], [0.9204, 0.9009, 0.5982, 0.9505, 0.8194, NaN], [0.4527, 0.5361, 0.5015, 0.7661, 0.5295, 0.9194]]","[NaN, -0.2229, 0.4203, 0.8241, -0.185, -1.2605]"
nonlinear_regression,1,A: no drift detection,regression,-0.10304967368604712,-1.2453402319589775,0.9042305139060263,0.5704446319334319,0.4074897513472311,-0.4074897513472311,-1.2453402319589775,0.9253734469535166,0.17399063040002147,0.2969633180000528,1352.5751953125,1352.5751953125,"[[0.939, NaN, NaN, NaN, NaN, NaN], [0.9372, 0.9171, NaN, NaN, NaN, NaN], [0.6455, 0.8982, 0.9199, NaN, NaN, NaN], [0.8808, 0.9039, 0.7179, 0.9477, NaN, NaN], [0.9043, 0.9053, 0.6615, 0.9471, 0.8111, NaN], [0.3617, 0.3743, 0.5784, 0.6328, 0.5501, 0.9254]]","[NaN, -0.2229, 0.4278, 0.8136, -0.2884, -1.2453]"
nonlinear_regression,1,B: no replay (K=0),regression,-0.04912207904469681,-1.2162623325957873,0.8924543544876913,-0.24591287784346105,1.3753426036611676,-1.3753426036611676,-1.2162623325957873,0.8766950506903048,0.1602613462000136,0.40030200599994714,1284.5361328125,1284.5361328125,"[[0.939, NaN, NaN, NaN, NaN, NaN], [0.8511, 0.8567, NaN, NaN, NaN, NaN], [0.5133, 0.3273, 0.9496, NaN, NaN, NaN], [0.9028, 0.3071, 0.637, 0.9607, NaN, NaN], [0.9174, 0.1861, 0.4837, 0.9384, 0.8185, NaN], [-1.0214, -0.9759, 0.0792, -0.0383, -0.3958, 0.8767]]","[NaN, -0.2229, 0.6209, 0.7548, -0.1821, -1.2163]"
nonlinear_regression,1,C: no adaptive scaling,regression,-0.10304967368604712,-1.2453402319589775,0.9042305139060263,0.5704446319334319,0.4074897513472311,-0.4074897513472311,-1.2453402319589775,0.9253734469535166,0.21531842939994023,0.3245351360001223,1352.5751953125,1352.5751953125,"[[0.939, NaN, NaN, NaN, NaN, NaN], [0.9372, 0.9171, NaN, NaN, NaN, NaN], [0.6455, 0.8982, 0.9199, NaN, NaN, NaN], [0.8808, 0.9039, 0.7179, 0.9477, NaN, NaN], [0.9043, 0.9053, 0.6615, 0.9471, 0.8111, NaN], [0.3617, 0.3743, 0.5784, 0.6328, 0.5501, 0.9254]]","[NaN, -0.2229, 0.4278, 0.8136, -0.2884, -1.2453]"
nonlinear_regression,1,D: no stable persistent state,regression,-0.15205456864842976,-1.272643605071039,0.8643764446659986,0.5506350446048736,0.3914071869014733,-0.3914071869014733,-1.272643605071039,0.9101353975366089,0.5540031087999978,0.44933544499986056,522.978515625,1244.232421875,"[[0.939, NaN, NaN, NaN, NaN, NaN], [0.9298, 0.8195, NaN, NaN, NaN, NaN], [0.6798, 0.7367, 0.8652, NaN, NaN, NaN], [0.8785, 0.6017, 0.6977, 0.9291, NaN, NaN], [0.8867, 0.2051, 0.5359, 0.8893, 0.7979, NaN], [0.5931, -0.0439, 0.6431, 0.7476, 0.4539, 0.9101]]","[NaN, -0.2229, 0.3386, 0.818, -0.4213, -1.2726]"
nonlinear_regression,1,E: random replay,regression,-0.09038063996576655,-1.2829224327015645,0.8991509412900947,0.5593436782646148,0.4158616743567425,-0.41573132313388,-1.2829224327015645,0.9269123864491009,0.16373512539998955,0.4081622129999687,1296.6572265625,1296.6572265625,"[[0.939, NaN, NaN, NaN, NaN, NaN], [0.9367, 0.9108, NaN, NaN, NaN, NaN], [0.6736, 0.8926, 0.9043, NaN, NaN, NaN], [0.9013, 0.8959, 0.658, 0.9474, NaN, NaN], [0.9224, 0.8645, 0.5926, 0.9481, 0.8063, NaN], [0.4672, 0.2497, 0.5209, 0.7099, 0.4816, 0.9269]]","[NaN, -0.2229, 0.4098, 0.8282, -0.184, -1.2829]"
nonlinear_regression,2,Static,regression,-0.026045607786368708,-1.0415425536584264,-0.026045607786368708,0.13452254875077607,0.0,0.0,-1.0415425536584264,-1.0415425536584264,0.0011406752000311827,0.45079288300007647,588.2705078125,588.2705078125,"[[0.9374, NaN, NaN, NaN, NaN, NaN], [0.9374, -0.0238, NaN, NaN, NaN, NaN], [0.9374, -0.0238, 0.2913, NaN, NaN, NaN], [0.9374, -0.0238, 0.2913, 0.893, NaN, NaN], [0.9374, -0.0238, 0.2913, 0.893, -0.2492, NaN], [0.9374, -0.0238, 0.2913, 0.893, -0.2492, -1.0415]]","[NaN, -0.0238, 0.2913, 0.893, -0.2492, -1.0415]"
nonlinear_regression,2,Naive incremental,regression,-0.12118203718770475,-1.1972635754123102,0.8751075318212476,-0.9828170707986414,2.2419606830669174,-2.2419606830669174,-1.1972635754123102,0.9168399641341195,0.3542850766000811,0.3967007029998513,285.9228515625,825.3447265625,"[[0.9374, NaN, NaN, NaN, NaN, NaN], [0.5114, 0.8257, NaN, NaN, NaN, NaN], [0.3537, -0.7386, 0.901, NaN, NaN, NaN], [0.8746, -0.5452, 0.556, 0.9464, NaN, NaN], [0.6229, -0.0869, -0.0828, 0.5705, 0.7857, NaN], [-1.8522, -1.3462, -0.6646, -1.0122, -1.9386, 0.9168]]","[NaN, -0.0238, 0.169, 0.6524, -0.2062, -1.1973]"
nonlinear_regression,2,Standard replay (FIFO),regression,-0.1260715592827677,-1.0723377801063032,0.8754492361902715,0.21233524501832127,0.8109535254768382,-0.8081196084555863,-1.0723377801063032,0.9118762167129895,0.42680186639995554,0.3271002089998092,431.1494140625,1048.1025390625,"[[0.9374, NaN, NaN, NaN, NaN, NaN], [0.9431, 0.8721, NaN, NaN, NaN, NaN], [0.4268, 0.7779, 0.8851, NaN, NaN, NaN], [0.7396, -0.5901, 0.778, 0.8941, NaN, NaN], [0.8711, -0.5667, 0.5152, 0.9025, 0.814, NaN], [0.1825, -1.256, 0.345, 0.4219, 0.6688, 0.9119]]","[NaN, -0.0238, 0.2532, 0.6922, -0.4796, -1.0723]"
nonlinear_regression,2,Full retrain oracle*,regression,-0.1616918392579482,-1.2164766451989708,0.8464885554902353,0.8258498903307592,0.043458217671655364,-0.0429413533806241,-1.2164766451989708,0.9108348727733347,0.4129435217999344,0.4784198480001578,1420.9697265625,1420.9697265625,"[[0.9374, NaN, NaN, NaN, NaN, NaN], [0.9393, 0.8618, NaN, NaN, NaN, NaN], [0.8227, 0.8426, 0.7311, NaN, NaN, NaN], [0.8697, 0.8038, 0.6863, 0.9315, NaN, NaN], [0.8844, 0.8443, 0.6951, 0.9321, 0.7973, NaN], [0.8498, 0.8142, 0.6943, 0.9336, 0.7524, 0.9108]]","[NaN, -0.0238, 0.2422, 0.8915, -0.7019, -1.2165]"
nonlinear_regression,2,ADAPT-X (proposed),regression,-0.08497299690598488,-1.1601467728559678,0.8907321077329475,0.6819488442304805,0.25818090819517225,-0.25805867004299765,-1.1601467728559678,0.9219370839397533,0.18556449839998096,0.33084319799991135,1246.8564453125,1246.8564453125,"[[0.9283, NaN, NaN, NaN, NaN, NaN], [0.9247, 0.8707, NaN, NaN, NaN, NaN], [0.6122, 0.8488, 0.8968, NaN, NaN, NaN], [0.8799, 0.8673, 0.675, 0.9406, NaN, NaN], [0.9099, 0.8559, 0.6298, 0.9412, 0.8236, NaN], [0.7571, 0.5136, 0.5592, 0.8026, 0.5372, 0.9219]]","[NaN, -0.0547, 0.3747, 0.7872, -0.372, -1.1601]"
nonlinear_regression,2,A: no drift detection,regression,-0.1053826144328958,-1.169039763354042,0.8870659500017364,0.6671345120319607,0.27216971095001025,-0.27216971095001025,-1.169039763354042,0.9262982032529695,0.19936931040006128,0.320667050999873,1260.6220703125,1260.6220703125,"[[0.9283, NaN, NaN, NaN, NaN, NaN], [0.9243, 0.8709, NaN, NaN, NaN, NaN], [0.5943, 0.8486, 0.9026, NaN, NaN, NaN], [0.8528, 0.8642, 0.7148, 0.9333, NaN, NaN], [0.8795, 0.8586, 0.6802, 0.9322, 0.8022, NaN], [0.6733, 0.5233, 0.6083, 0.7379, 0.5337, 0.9263]]","[NaN, -0.0547, 0.3829, 0.7715, -0.4577, -1.169]"
nonlinear_regression,2,B: no replay (K=0),regression,-0.03236571227397737,-1.0968868560879548,0.87363496469682,-0.2700181646372284,1.383321937648121,-1.383321937648121,-1.0968868560879548,0.8421484368231984,0.1717281883999476,0.2950503930001105,1224.2236328125,1224.2236328125,"[[0.9283, NaN, NaN, NaN, NaN, NaN], [0.8682, 0.814, NaN, NaN, NaN, NaN], [0.446, 0.4021, 0.9408, NaN, NaN, NaN], [0.884, 0.3822, 0.6312, 0.9583, NaN, NaN], [0.9181, 0.4823, 0.5219, 0.9152, 0.813, NaN], [-0.7162, -0.7104, -0.2388, -0.1428, -0.6541, 0.8421]]","[NaN, -0.0547, 0.4361, 0.7044, -0.1508, -1.0969]"
nonlinear_regression,2,C: no adaptive scaling,regression,-0.1053826144328958,-1.169039763354042,0.8870659500017364,0.6671345120319607,0.27216971095001025,-0.27216971095001025,-1.169039763354042,0.9262982032529695,0.18745314239995423,0.28752524200012886,1260.6220703125,1260.6220703125,"[[0.9283, NaN, NaN, NaN, NaN, NaN], [0.9243, 0.8709, NaN, NaN, NaN, NaN], [0.5943, 0.8486, 0.9026, NaN, NaN, NaN], [0.8528, 0.8642, 0.7148, 0.9333, NaN, NaN], [0.8795, 0.8586, 0.6802, 0.9322, 0.8022, NaN], [0.6733, 0.5233, 0.6083, 0.7379, 0.5337, 0.9263]]","[NaN, -0.0547, 0.3829, 0.7715, -0.4577, -1.169]"
nonlinear_regression,2,D: no stable persistent state,regression,-0.14492152001475245,-1.132635336235138,0.8460830192600467,0.5772998935705197,0.33898832236205,-0.33898832236205,-1.132635336235138,0.908908019646623,0.45339210160004767,0.3675077200000487,386.330078125,1114.708984375,"[[0.9283, NaN, NaN, NaN, NaN, NaN], [0.9225, 0.801, NaN, NaN, NaN, NaN], [0.6084, 0.7016, 0.7942, NaN, NaN, NaN], [0.8552, 0.6443, 0.6354, 0.9219, NaN, NaN], [0.8545, 0.3023, 0.5497, 0.89, 0.8044, NaN], [0.7024, 0.0052, 0.5654, 0.795, 0.487, 0.9089]]","[NaN, -0.0547, 0.2416, 0.7946, -0.5735, -1.1326]"
nonlinear_regression,2,E: random replay,regression,-0.11468987591889035,-1.2123211319138547,0.8922696958354889,0.6175506463943372,0.337296541119328,-0.33687409554891107,-1.2123211319138547,0.9317273785666422,0.15360838479996347,0.37154383699999016,1166.3408203125,1166.3408203125,"[[0.9283, NaN, NaN, NaN, NaN, NaN], [0.93, 0.8896, NaN, NaN, NaN, NaN], [0.6279, 0.8653, 0.8892, NaN, NaN, NaN], [0.8916, 0.8802, 0.6687, 0.9494, NaN, NaN], [0.9018, 0.8773, 0.6353, 0.9498, 0.8015, NaN], [0.7222, 0.2197, 0.5683, 0.7923, 0.4711, 0.9317]]","[NaN, -0.0547, 0.3722, 0.7885, -0.4672, -1.2123]"
nonlinear_regression,3,Static,regression,-0.028561275834094912,-1.1662076592799795,-0.028561275834094912,0.13301259141671876,0.0,0.0,-1.1662076592799795,-1.1662076592799795,0.0009008346000427992,0.5000024849998681,927.2197265625,927.2197265625,"[[0.9409, NaN, NaN, NaN, NaN, NaN], [0.9409, -0.1334, NaN, NaN, NaN, NaN], [0.9409, -0.1334, 0.4352, NaN, NaN, NaN], [0.9409, -0.1334, 0.4352, 0.8918, NaN, NaN], [0.9409, -0.1334, 0.4352, 0.8918, -0.1702, NaN], [0.9409, -0.1334, 0.4352, 0.8918, -0.1702, -1.1662]]","[NaN, -0.1334, 0.4352, 0.8918, -0.1702, -1.1662]"
nonlinear_regression,3,Naive incremental,regression,-0.12405734727299689,-1.3022047885052253,0.8538953901860522,-0.6804873187529386,1.8586565582237362,-1.8586565582237362,-1.3022047885052253,0.9032031091915623,0.307465784399983,0.6168241379998562,294.0009765625,927.2197265625,"[[0.9409, NaN, NaN, NaN, NaN, NaN], [0.3954, 0.6909, NaN, NaN, NaN, NaN], [0.3769, -0.8295, 0.9286, NaN, NaN, NaN], [0.8796, -0.5738, 0.6354, 0.9388, NaN, NaN], [0.5958, -0.4139, 0.3046, 0.5554, 0.8079, NaN], [-0.709, -2.3235, 0.1843, -0.1947, -1.9432, 0.9032]]","[NaN, -0.1334, 0.3646, 0.6377, -0.187, -1.3022]"
nonlinear_regression,3,Standard replay (FIFO),regression,-0.1523648284175815,-1.2524520155753165,0.8706572931405219,0.22624070895877466,0.7916517459554137,-0.7873448279241498,-1.2524520155753165,0.9020667370490114,0.31884306500001003,0.6465251839999837,344.0322265625,1009.2509765625,"[[0.9409, NaN, NaN, NaN, NaN, NaN], [0.9417, 0.8162, NaN, NaN, NaN, NaN], [0.4593, 0.7243, 0.9325, NaN, NaN, NaN], [0.7757, -0.7542, 0.7954, 0.8955, NaN, NaN], [0.8828, -0.5596, 0.5685, 0.9162, 0.807, NaN], [0.5375, -1.9594, 0.6014, 0.5618, 0.7142, 0.9021]]","[NaN, -0.1334, 0.4041, 0.644, -0.424, -1.2525]"
nonlinear_regression,3,Full retrain oracle*,regression,-0.17826657210767022,-1.3832731566030385,0.8445109337816076,0.8158160933779355,0.056592249613204706,-0.053708007262242494,-1.3832731566030385,0.9025589435250687,0.46501724039999315,0.5908592440000575,1291.3525390625,1291.3525390625,"[[0.9409, NaN, NaN, NaN, NaN, NaN], [0.9478, 0.789, NaN, NaN, NaN, NaN], [0.8404, 0.7873, 0.7996, NaN, NaN, NaN], [0.8757, 0.7818, 0.7667, 0.9216, NaN, NaN], [0.8798, 0.7847, 0.7628, 0.9292, 0.8097, NaN], [0.8705, 0.6538, 0.7799, 0.9041, 0.784, 0.9026]]","[NaN, -0.1334, 0.4597, 0.8868, -0.7211, -1.3833]"
nonlinear_regression,3,ADAPT-X (proposed),regression,-0.12445455492056579,-1.3543033751096898,0.8934529590388761,0.6501737642393203,0.30071951990613655,-0.30071951990613655,-1.3543033751096898,0.9097657140306091,0.2279668718000721,0.3354401440001311,1179.3486328125,1179.3486328125,"[[0.9374, NaN, NaN, NaN, NaN, NaN], [0.9222, 0.8852, NaN, NaN, NaN, NaN], [0.6324, 0.8526, 0.9157, NaN, NaN, NaN], [0.8999, 0.8798, 0.6883, 0.943, NaN, NaN], [0.9198, 0.8719, 0.657, 0.933, 0.8136, NaN], [0.7099, 0.2046, 0.6821, 0.7932, 0.6016, 0.9098]]","[NaN, -0.1603, 0.4497, 0.78, -0.3374, -1.3543]"
nonlinear_regression,3,A: no drift detection,regression,-0.11223570981622774,-1.3519406914634553,0.8924977061408381,0.6526705214648313,0.29724321359314076,-0.2967681583374851,-1.3519406914634553,0.9068338517813155,0.18390763739998875,0.34098803400002,1191.3720703125,1191.3720703125,"[[0.9374, NaN, NaN, NaN, NaN, NaN], [0.9221, 0.8858, NaN, NaN, NaN, NaN], [0.6209, 0.8519, 0.9174, NaN, NaN, NaN], [0.8786, 0.8746, 0.7217, 0.938, NaN, NaN], [0.8908, 0.859, 0.6993, 0.9404, 0.8145, NaN], [0.6184, 0.2732, 0.687, 0.7786, 0.652, 0.9068]]","[NaN, -0.1603, 0.4564, 0.7731, -0.2785, -1.3519]"
nonlinear_regression,3,B: no replay (K=0),regression,-0.06755031443192201,-1.254081971871082,0.873256481222994,0.024695803917388997,1.031096594476572,-1.031096594476572,-1.254081971871082,0.8251992795660295,0.18625966700005847,0.27986438099992483,1252.7548828125,1252.7548828125,"[[0.9374, NaN, NaN, NaN, NaN, NaN], [0.8564, 0.8215, NaN, NaN, NaN, NaN], [0.5056, 0.2978, 0.9552, NaN, NaN, NaN], [0.9017, 0.3387, 0.6714, 0.963, NaN, NaN], [0.9373, 0.4667, 0.5617, 0.9365, 0.8014, NaN], [-0.0719, -1.2965, 0.6373, 0.2745, -0.2204, 0.8252]]","[NaN, -0.1603, 0.6071, 0.7195, -0.25, -1.2541]"
nonlinear_regression,3,C: no adaptive scaling,regression,-0.11223570981622774,-1.3519406914634553,0.8924977061408381,0.6526705214648313,0.29724321359314076,-0.2967681583374851,-1.3519406914634553,0.9068338517813155,0.19445537279998462,0.26339175300017814,1191.3720703125,1191.3720703125,"[[0.9374, NaN, NaN, NaN, NaN, NaN], [0.9221, 0.8858, NaN, NaN, NaN, NaN], [0.6209, 0.8519, 0.9174, NaN, NaN, NaN], [0.8786, 0.8746, 0.7217, 0.938, NaN, NaN], [0.8908, 0.859, 0.6993, 0.9404, 0.8145, NaN], [0.6184, 0.2732, 0.687, 0.7786, 0.652, 0.9068]]","[NaN, -0.1603, 0.4564, 0.7731, -0.2785, -1.3519]"
nonlinear_regression,3,D: no stable persistent state,regression,-0.1526322084074037,-1.3003182443505472,0.8507911703646673,0.5123393827640075,0.42345898900230317,-0.42345898900230317,-1.3003182443505472,0.8920333587898626,0.4903018810000049,0.34899055200003204,530.181640625,1139.466796875,"[[0.9374, NaN, NaN, NaN, NaN, NaN], [0.9261, 0.7833, NaN, NaN, NaN, NaN], [0.649, 0.6402, 0.8741, NaN, NaN, NaN], [0.8408, 0.3691, 0.7037, 0.911, NaN, NaN], [0.8219, 0.1711, 0.6397, 0.8989, 0.7935, NaN], [0.6028, -0.3553, 0.6503, 0.7423, 0.5419, 0.892]]","[NaN, -0.1603, 0.432, 0.7629, -0.4974, -1.3003]"
nonlinear_regression,3,E: random replay,regression,-0.10262514841261412,-1.3528257029529351,0.8922160136196432,0.5782763092664397,0.3857595204543601,-0.3857595204543601,-1.3528257029529351,0.9089046692776878,0.1768978615999913,0.287186550999877,1186.4111328125,1186.4111328125,"[[0.9374, NaN, NaN, NaN, NaN, NaN], [0.9265, 0.8978, NaN, NaN, NaN, NaN], [0.6273, 0.8748, 0.9137, NaN, NaN, NaN], [0.8957, 0.894, 0.6958, 0.939, NaN, NaN], [0.9033, 0.8668, 0.6785, 0.9337, 0.8017, NaN], [0.6675, -0.1041, 0.6955, 0.7885, 0.5133, 0.9089]]","[NaN, -0.1603, 0.4289, 0.7786, -0.2075, -1.3528]"
nonlinear_regression,4,Static,regression,0.053994279538388576,-0.802690025816776,0.053994279538388576,0.202654567787812,0.0,0.0,-0.802690025816776,-0.802690025816776,0.001289817600081733,0.4355835389999356,531.2509765625,531.2509765625,"[[0.946, NaN, NaN, NaN, NaN, NaN], [0.946, -0.1288, NaN, NaN, NaN, NaN], [0.946, -0.1288, 0.4848, NaN, NaN, NaN], [0.946, -0.1288, 0.4848, 0.8969, NaN, NaN], [0.946, -0.1288, 0.4848, 0.8969, -0.1803, NaN], [0.946, -0.1288, 0.4848, 0.8969, -0.1803, -0.8027]]","[NaN, -0.1288, 0.4848, 0.8969, -0.1803, -0.8027]"
nonlinear_regression,4,Naive incremental,regression,-0.07807529369766456,-0.9856252492892528,0.8688242096736178,-0.5671177983162133,1.7385567694600599,-1.7385567694600599,-0.9856252492892528,0.9085481262226374,0.4447547036000287,0.37113815799989425,384.2744140625,926.2353515625,"[[0.946, NaN, NaN, NaN, NaN, NaN], [0.5706, 0.7412, NaN, NaN, NaN, NaN], [0.4622, -0.9691, 0.9442, NaN, NaN, NaN], [0.8978, -0.6999, 0.6736, 0.9497, NaN, NaN], [0.715, -0.162, 0.1885, 0.5539, 0.8004, NaN], [-1.0158, -1.494, 0.0114, -0.6968, -1.116, 0.9085]]","[NaN, -0.1288, 0.2771, 0.6807, -0.2338, -0.9856]"
nonlinear_regression,4,Standard replay (FIFO),regression,-0.07512301273449298,-0.8263811082935513,0.8746608177844424,0.21084412056210924,0.8155420105072286,-0.8108390749168972,-0.8263811082935513,0.9125088947550087,0.5478685947999565,0.4411210939999819,662.4619140625,1016.3603515625,"[[0.946, NaN, NaN, NaN, NaN, NaN], [0.9462, 0.8215, NaN, NaN, NaN, NaN], [0.5474, 0.7185, 0.9196, NaN, NaN, NaN], [0.7855, -0.7895, 0.8276, 0.9081, NaN, NaN], [0.8977, -0.6425, 0.5821, 0.9314, 0.8116, NaN], [0.2211, -1.4332, 0.4748, 0.4572, 0.6327, 0.9125]]","[NaN, -0.1288, 0.4585, 0.6985, -0.5774, -0.8264]"
nonlinear_regression,4,Full retrain oracle*,regression,-0.07437501525014878,-0.9336342337944923,0.8531173175305591,0.8363050077583964,0.04114506621750955,-0.03874251002746902,-0.9336342337944923,0.903213466153945,0.5159666395999466,0.4568152800000007,1301.8291015625,1301.8291015625,"[[0.946, NaN, NaN, NaN, NaN, NaN], [0.9551, 0.8275, NaN, NaN, NaN, NaN], [0.8444, 0.797, 0.7948, NaN, NaN, NaN], [0.8787, 0.8156, 0.7823, 0.9359, NaN, NaN], [0.8807, 0.7956, 0.7581, 0.9387, 0.8043, NaN], [0.8609, 0.7648, 0.7585, 0.9341, 0.7964, 0.9032]]","[NaN, -0.1288, 0.4555, 0.8918, -0.6567, -0.9336]"
nonlinear_regression,4,ADAPT-X (proposed),regression,-0.015290382662557977,-0.9520481384084594,0.8935710088662763,0.7069825076185424,0.23441136369808085,-0.23355906485800765,-0.9520481384084594,0.9120005574775664,0.3109650593999504,0.30813478300001407,1509.7392578125,1509.7392578125,"[[0.9418, NaN, NaN, NaN, NaN, NaN], [0.9461, 0.8788, NaN, NaN, NaN, NaN], [0.6626, 0.8496, 0.9145, NaN, NaN, NaN], [0.892, 0.8636, 0.707, 0.9508, NaN, NaN], [0.9012, 0.8469, 0.6433, 0.944, 0.8117, NaN], [0.7526, 0.5237, 0.5453, 0.8405, 0.6678, 0.912]]","[NaN, -0.1486, 0.4614, 0.7827, -0.2199, -0.952]"
nonlinear_regression,4,A: no drift detection,regression,-0.0143486916064127,-0.9585446601844629,0.893757602925516,0.6543865028172778,0.29792103358527866,-0.29686086467876505,-0.9585446601844629,0.9138928632236673,0.19764879980002661,0.2704322280001179,1327.4462890625,1327.4462890625,"[[0.9418, NaN, NaN, NaN, NaN, NaN], [0.9471, 0.8781, NaN, NaN, NaN, NaN], [0.6588, 0.8459, 0.9195, NaN, NaN, NaN], [0.8676, 0.8574, 0.7482, 0.9417, NaN, NaN], [0.8602, 0.8485, 0.7062, 0.9279, 0.8155, NaN], [0.6379, 0.4565, 0.4478, 0.7931, 0.6772, 0.9139]]","[NaN, -0.1486, 0.4735, 0.7772, -0.2154, -0.9585]"
nonlinear_regression,4,B: no replay (K=0),regression,-0.022324098922680814,-0.9020452387879487,0.8693276226189723,0.06719373905834841,0.9770622008829367,-0.9770622008829367,-0.9020452387879487,0.8359582661189978,0.20207365839996783,0.3068598289999045,1149.0556640625,1149.0556640625,"[[0.9418, NaN, NaN, NaN, NaN, NaN], [0.9161, 0.8175, NaN, NaN, NaN, NaN], [0.5764, 0.2615, 0.9376, NaN, NaN, NaN], [0.8923, 0.3603, 0.6905, 0.9514, NaN, NaN], [0.9397, 0.6754, 0.4937, 0.9198, 0.8042, NaN], [-0.4294, -0.4036, 0.6042, 0.0363, -0.2403, 0.836]]","[NaN, -0.1486, 0.4967, 0.7128, -0.2705, -0.902]"
nonlinear_regression,4,C: no adaptive scaling,regression,-0.0143486916064127,-0.9585446601844629,0.893757602925516,0.6543865028172778,0.29792103358527866,-0.29686086467876505,-0.9585446601844629,0.9138928632236673,0.22936015460004455,0.37212909100003344,1327.4462890625,1327.4462890625,"[[0.9418, NaN, NaN, NaN, NaN, NaN], [0.9471, 0.8781, NaN, NaN, NaN, NaN], [0.6588, 0.8459, 0.9195, NaN, NaN, NaN], [0.8676, 0.8574, 0.7482, 0.9417, NaN, NaN], [0.8602, 0.8485, 0.7062, 0.9279, 0.8155, NaN], [0.6379, 0.4565, 0.4478, 0.7931, 0.6772, 0.9139]]","[NaN, -0.1486, 0.4735, 0.7772, -0.2154, -0.9585]"
nonlinear_regression,4,D: no stable persistent state,regression,-0.027339252239899414,-0.8624581962271822,0.8637143285044081,0.5479419545121396,0.3945510482238228,-0.3945510482238228,-0.8624581962271822,0.9013218959257562,0.5414415661999555,0.310492374000205,474.072265625,1076.294921875,"[[0.9418, NaN, NaN, NaN, NaN, NaN], [0.9274, 0.827, NaN, NaN, NaN, NaN], [0.6653, 0.6195, 0.8581, NaN, NaN, NaN], [0.8665, 0.4891, 0.7357, 0.9274, NaN, NaN], [0.8886, 0.0859, 0.5811, 0.8796, 0.8047, NaN], [0.751, -0.3166, 0.5767, 0.7945, 0.5807, 0.9013]]","[NaN, -0.1486, 0.4209, 0.8135, -0.3601, -0.8625]"
nonlinear_regression,4,E: random replay,regression,-0.030447757677367803,-0.9407608082139267,0.8922463008671488,0.6579572709140221,0.2910646409043045,-0.2910646409043045,-0.9407608082139267,0.9175775184023967,0.22084140820002177,0.3748375919999489,1327.8017578125,1327.8017578125,"[[0.9418, NaN, NaN, NaN, NaN, NaN], [0.9369, 0.8695, NaN, NaN, NaN, NaN], [0.6905, 0.8461, 0.9053, NaN, NaN, NaN], [0.9041, 0.8516, 0.6976, 0.9504, NaN, NaN], [0.9065, 0.8331, 0.6448, 0.9396, 0.8184, NaN], [0.7395, 0.2503, 0.5979, 0.8164, 0.626, 0.9176]]","[NaN, -0.1486, 0.4067, 0.7818, -0.2515, -0.9408]"
linear_regression,0,Static,regression,0.43329957777134087,0.037596682968658035,0.43329957777134087,0.4994087815027462,0.0,0.0,0.037596682968658035,0.037596682968658035,0.0009149328000148671,0.3257524759999342,358.0712890625,358.0712890625,"[[0.83, NaN, NaN, NaN, NaN, NaN], [0.83, 0.2921, NaN, NaN, NaN, NaN], [0.83, 0.2921, 0.3589, NaN, NaN, NaN], [0.83, 0.2921, 0.3589, 0.7492, NaN, NaN], [0.83, 0.2921, 0.3589, 0.7492, 0.7287, NaN], [0.83, 0.2921, 0.3589, 0.7492, 0.7287, 0.0376]]","[NaN, 0.2921, 0.3589, 0.7492, 0.7287, 0.0376]"
linear_regression,0,Naive incremental,regression,0.3426103346088868,-0.10441523595073554,0.8139206335850122,0.2899262597735912,0.6320000818886576,-0.6320000818886576,-0.10441523595073554,0.7288229546320697,0.3206883000000289,0.21190731100000448,256.4658203125,555.8759765625,"[[0.83, NaN, NaN, NaN, NaN, NaN], [0.7752, 0.9115, NaN, NaN, NaN, NaN], [0.2783, 0.6228, 0.8823, NaN, NaN, NaN], [0.7811, 0.5207, 0.4249, 0.8316, NaN, NaN], [0.8197, 0.6339, 0.3125, 0.6953, 0.7154, NaN], [0.2823, 0.3002, -0.3174, 0.2673, 0.4783, 0.7288]]","[NaN, 0.2921, 0.3609, 0.4728, 0.6917, -0.1044]"
linear_regression,0,Standard replay (FIFO),regression,0.3668355666165481,-0.049046720171000535,0.8086457967303653,0.6156723598413966,0.2419867711005578,-0.2358299249526441,-0.049046720171000535,0.7221508273747173,0.3869670258000042,0.3460333410000658,422.5048828125,615.0478515625,"[[0.83, NaN, NaN, NaN, NaN, NaN], [0.8515, 0.9244, NaN, NaN, NaN, NaN], [0.4503, 0.8623, 0.8723, NaN, NaN, NaN], [0.684, 0.6365, 0.6949, 0.7757, NaN, NaN], [0.8291, 0.6889, 0.3841, 0.7849, 0.7486, NaN], [0.7261, 0.5535, 0.2799, 0.6764, 0.7359, 0.7222]]","[NaN, 0.2921, 0.3867, 0.5385, 0.6659, -0.049]"
linear_regression,0,Full retrain oracle*,regression,0.4349610185605427,0.04234731102440792,0.7801882303542074,0.7754955819875949,0.027469003398155813,-0.015584492001048033,0.04234731102440792,0.729057166912292,0.3827489839999544,0.2118435889999546,1112.6455078125,1112.6455078125,"[[0.83, NaN, NaN, NaN, NaN, NaN], [0.8599, 0.9307, NaN, NaN, NaN, NaN], [0.7479, 0.9113, 0.6971, NaN, NaN, NaN], [0.786, 0.9102, 0.6565, 0.7792, NaN, NaN], [0.8289, 0.9204, 0.6209, 0.8087, 0.7649, NaN], [0.8222, 0.9182, 0.6163, 0.8009, 0.7664, 0.7291]]","[NaN, 0.2921, 0.3771, 0.7474, 0.7159, 0.0423]"
linear_regression,0,ADAPT-X (proposed),regression,0.41603742542770006,0.08032263882168755,0.8306691385026956,0.7495077473570517,0.10415448539423541,-0.09728956003320069,0.08032263882168755,0.7582372560853513,0.17796676640000442,0.30421186600005967,1105.1181640625,1105.1181640625,"[[0.8301, NaN, NaN, NaN, NaN, NaN], [0.8645, 0.9429, NaN, NaN, NaN, NaN], [0.5187, 0.9062, 0.8695, NaN, NaN, NaN], [0.7481, 0.9196, 0.5693, 0.8377, NaN, NaN], [0.8299, 0.9169, 0.45, 0.7826, 0.745, NaN], [0.8259, 0.9309, 0.4899, 0.7526, 0.7394, 0.7582]]","[NaN, 0.2837, 0.4007, 0.5911, 0.7244, 0.0803]"
linear_regression,0,A: no drift detection,regression,0.41422349139233494,0.07875600383696735,0.8278007807665431,0.7314276193268352,0.1230433077885229,-0.11611735593330785,0.07875600383696735,0.7442418631313903,0.16015313140001125,0.40770811400011553,1112.0986328125,1112.0986328125,"[[0.8301, NaN, NaN, NaN, NaN, NaN], [0.8648, 0.9432, NaN, NaN, NaN, NaN], [0.5224, 0.9053, 0.877, NaN, NaN, NaN], [0.7795, 0.929, 0.554, 0.8511, NaN, NaN], [0.8265, 0.9087, 0.4396, 0.7946, 0.7235, NaN], [0.8042, 0.9051, 0.4871, 0.7403, 0.7076, 0.7442]]","[NaN, 0.2837, 0.3948, 0.5905, 0.7233, 0.0788]"
linear_regression,0,B: no replay (K=0),regression,0.39479840447368264,0.12650803777750763,0.8285028953070338,0.6630908748068981,0.20229217512805625,-0.198823563897723,0.12650803777750763,0.7462608000819104,0.15136470739998914,0.25870078699995247,1043.8173828125,1043.8173828125,"[[0.8301, NaN, NaN, NaN, NaN, NaN], [0.8475, 0.9237, NaN, NaN, NaN, NaN], [0.3452, 0.6846, 0.8886, NaN, NaN, NaN], [0.7514, 0.878, 0.3867, 0.8661, NaN, NaN], [0.8127, 0.9056, 0.3258, 0.7286, 0.7179, NaN], [0.7148, 0.8455, 0.3464, 0.6303, 0.6953, 0.7463]]","[NaN, 0.2837, 0.3864, 0.4787, 0.6987, 0.1265]"
linear_regression,0,C: no adaptive scaling,regression,0.41422349139233494,0.07875600383696735,0.8278007807665431,0.7314276193268352,0.1230433077885229,-0.11611735593330785,0.07875600383696735,0.7442418631313903,0.1484998811999958,0.38663724999992155,1112.0986328125,1112.0986328125,"[[0.8301, NaN, NaN, NaN, NaN, NaN], [0.8648, 0.9432, NaN, NaN, NaN, NaN], [0.5224, 0.9053, 0.877, NaN, NaN, NaN], [0.7795, 0.929, 0.554, 0.8511, NaN, NaN], [0.8265, 0.9087, 0.4396, 0.7946, 0.7235, NaN], [0.8042, 0.9051, 0.4871, 0.7403, 0.7076, 0.7442]]","[NaN, 0.2837, 0.3948, 0.5905, 0.7233, 0.0788]"
linear_regression,0,D: no stable persistent state,regression,0.3834841106881627,-0.08316432118198658,0.8029899989794831,0.657895859585739,0.1818133192025607,-0.17954468583556332,-0.08316432118198658,0.7235035233246727,0.38946073579995755,0.28173952499992083,357.255859375,696.814453125,"[[0.8301, NaN, NaN, NaN, NaN, NaN], [0.8415, 0.9138, NaN, NaN, NaN, NaN], [0.5891, 0.8705, 0.8054, NaN, NaN, NaN], [0.7423, 0.8138, 0.5988, 0.8201, NaN, NaN], [0.8182, 0.7701, 0.4175, 0.7775, 0.7521, NaN], [0.7949, 0.6677, 0.3613, 0.6838, 0.7162, 0.7235]]","[NaN, 0.2837, 0.3723, 0.6278, 0.7168, -0.0832]"
linear_regression,0,E: random replay,regression,0.42045109836911243,0.07409775119841677,0.8328781984856887,0.7506945046906849,0.10318598524345386,-0.09807451121583402,0.07409775119841677,0.749303363542255,0.16154196539996518,0.3290334369999073,1066.6064453125,1066.6064453125,"[[0.8301, NaN, NaN, NaN, NaN, NaN], [0.8557, 0.9417, NaN, NaN, NaN, NaN], [0.5181, 0.894, 0.8748, NaN, NaN, NaN], [0.7507, 0.9171, 0.588, 0.8437, NaN, NaN], [0.809, 0.9063, 0.4391, 0.7789, 0.755, NaN], [0.8215, 0.9104, 0.5025, 0.7583, 0.7621, 0.7493]]","[NaN, 0.2837, 0.4234, 0.5977, 0.7234, 0.0741]"
linear_regression,1,Static,regression,0.44400638201545545,-0.019079711933881915,0.44400638201545545,0.5192137126434236,0.0,0.0,-0.019079711933881915,-0.019079711933881915,0.0008187275999716803,0.48381519299982756,664.8759765625,664.8759765625,"[[0.8953, NaN, NaN, NaN, NaN, NaN], [0.8953, 0.3923, NaN, NaN, NaN, NaN], [0.8953, 0.3923, 0.3018, NaN, NaN, NaN], [0.8953, 0.3923, 0.3018, 0.7678, NaN, NaN], [0.8953, 0.3923, 0.3018, 0.7678, 0.7772, NaN], [0.8953, 0.3923, 0.3018, 0.7678, 0.7772, -0.0191]]","[NaN, 0.3923, 0.3018, 0.7678, 0.7772, -0.0191]"
linear_regression,1,Naive incremental,regression,0.3157467956584579,0.019415760519772562,0.8154035556271587,0.6188780049891117,0.25180002279687763,-0.25180002279687763,0.019415760519772562,0.6965570377665777,0.2610832708000089,0.5741375810000591,232.3408203125,664.8759765625,"[[0.8953, NaN, NaN, NaN, NaN, NaN], [0.845, 0.8959, NaN, NaN, NaN, NaN], [0.413, -0.7928, 0.8684, NaN, NaN, NaN], [0.8332, 0.4296, 0.3388, 0.8617, NaN, NaN], [0.8662, 0.4465, 0.2721, 0.7449, 0.7544, NaN], [0.8157, 0.4834, 0.4216, 0.6855, 0.6105, 0.6966]]","[NaN, 0.3923, 0.0776, 0.3665, 0.7229, 0.0194]"
linear_regression,1,Standard replay (FIFO),regression,0.386525417572496,0.16081517801808354,0.7908649749669303,0.668097459178511,0.1821266226259349,-0.1681980971093699,0.16081517801808354,0.6727217916783952,0.3817514277999635,0.5032628740000291,468.0595703125,807.5869140625,"[[0.8953, NaN, NaN, NaN, NaN, NaN], [0.9013, 0.9047, NaN, NaN, NaN, NaN], [0.5668, 0.8012, 0.836, NaN, NaN, NaN], [0.7969, 0.1858, 0.6791, 0.7713, NaN, NaN], [0.8897, 0.4697, 0.3947, 0.8349, 0.7696, NaN], [0.8945, 0.655, 0.282, 0.742, 0.7624, 0.6727]]","[NaN, 0.3923, 0.2405, 0.5069, 0.6321, 0.1608]"
linear_regression,1,Full retrain oracle*,regression,0.4799792989303989,0.2299971158457491,0.7754464299182076,0.7807765364787994,0.025755726218401897,-0.017564659300301065,0.2299971158457491,0.686628054562415,0.44062332159996914,0.5530030559998522,1186.1689453125,1186.1689453125,"[[0.8953, NaN, NaN, NaN, NaN, NaN], [0.9141, 0.9058, NaN, NaN, NaN, NaN], [0.8466, 0.8868, 0.6972, NaN, NaN, NaN], [0.8743, 0.8965, 0.6207, 0.806, NaN, NaN], [0.9133, 0.8986, 0.5858, 0.8281, 0.7816, NaN], [0.9086, 0.8975, 0.6048, 0.8217, 0.7654, 0.6866]]","[NaN, 0.3923, 0.2909, 0.731, 0.7557, 0.23]"
linear_regression,1,ADAPT-X (proposed),regression,0.4671418357241911,0.26743750807872757,0.825455535902844,0.73780117220472,0.12538946241105844,-0.11643858153625655,0.26743750807872757,0.6898080627348651,0.15637043739998263,0.24602998599993953,1007.5712890625,1007.5712890625,"[[0.8817, NaN, NaN, NaN, NaN, NaN], [0.9265, 0.9191, NaN, NaN, NaN, NaN], [0.653, 0.8293, 0.8725, NaN, NaN, NaN], [0.8393, 0.8635, 0.6116, 0.8645, NaN, NaN], [0.8562, 0.8674, 0.4923, 0.832, 0.7813, NaN], [0.8923, 0.8687, 0.3972, 0.7871, 0.7917, 0.6898]]","[NaN, 0.3663, 0.367, 0.5854, 0.7496, 0.2674]"
linear_regression,1,A: no drift detection,regression,0.47743836074436635,0.2821521962685076,0.827742168124374,0.7518926110270637,0.11096344345773719,-0.10181548717097375,0.2821521962685076,0.672152282708579,0.14041280080000434,0.24015667300000132,891.9423828125,891.9423828125,"[[0.8817, NaN, NaN, NaN, NaN, NaN], [0.9275, 0.9197, NaN, NaN, NaN, NaN], [0.6511, 0.8397, 0.8698, NaN, NaN, NaN], [0.8398, 0.8569, 0.5834, 0.8641, NaN, NaN], [0.8909, 0.88, 0.446, 0.8246, 0.8129, NaN], [0.9119, 0.8937, 0.4159, 0.8076, 0.8102, 0.6722]]","[NaN, 0.3663, 0.3731, 0.5888, 0.7769, 0.2822]"
linear_regression,1,B: no replay (K=0),regression,0.43476797817428225,0.20022323093871686,0.8315815334525005,0.6936038790358703,0.18310810567352415,-0.17560133088853264,0.20022323093871686,0.6893480724459282,0.16574469600004704,0.2341775800000505,1021.5283203125,1021.5283203125,"[[0.8817, NaN, NaN, NaN, NaN, NaN], [0.9193, 0.8875, NaN, NaN, NaN, NaN], [0.5005, 0.4063, 0.9148, NaN, NaN, NaN], [0.8128, 0.7811, 0.4304, 0.8741, NaN, NaN], [0.9002, 0.8625, 0.3336, 0.7723, 0.7922, NaN], [0.8712, 0.8692, 0.2499, 0.7334, 0.7486, 0.6893]]","[NaN, 0.3663, 0.3931, 0.4634, 0.7508, 0.2002]"
linear_regression,1,C: no adaptive scaling,regression,0.47743836074436635,0.2821521962685076,0.827742168124374,0.7518926110270637,0.11096344345773719,-0.10181548717097375,0.2821521962685076,0.672152282708579,0.13730758020001305,0.23339954300013233,891.9423828125,891.9423828125,"[[0.8817, NaN, NaN, NaN, NaN, NaN], [0.9275, 0.9197, NaN, NaN, NaN, NaN], [0.6511, 0.8397, 0.8698, NaN, NaN, NaN], [0.8398, 0.8569, 0.5834, 0.8641, NaN, NaN], [0.8909, 0.88, 0.446, 0.8246, 0.8129, NaN], [0.9119, 0.8937, 0.4159, 0.8076, 0.8102, 0.6722]]","[NaN, 0.3663, 0.3731, 0.5888, 0.7769, 0.2822]"
linear_regression,1,D: no stable persistent state,regression,0.41087383692322865,0.10091619124050699,0.7846731381850065,0.6950693196225105,0.13111592977722678,-0.12693440691707022,0.10091619124050699,0.6802049428793036,0.40063788339998607,0.22502231399994344,591.732421875,892.845703125,"[[0.8817, NaN, NaN, NaN, NaN, NaN], [0.9026, 0.8961, NaN, NaN, NaN, NaN], [0.7019, 0.8026, 0.7702, NaN, NaN, NaN], [0.8516, 0.7808, 0.595, 0.8291, NaN, NaN], [0.8939, 0.7536, 0.4777, 0.8001, 0.7477, NaN], [0.8906, 0.7786, 0.3498, 0.7454, 0.7258, 0.6802]]","[NaN, 0.3663, 0.2442, 0.6311, 0.7118, 0.1009]"
linear_regression,1,E: random replay,regression,0.45904186307882416,0.24314664105224504,0.8256681113872325,0.7440356946931478,0.11906770476457282,-0.10916973003453148,0.24314664105224504,0.6894607449655403,0.12843289300003563,0.24748805200010793,876.3447265625,876.3447265625,"[[0.8817, NaN, NaN, NaN, NaN, NaN], [0.9312, 0.9209, NaN, NaN, NaN, NaN], [0.6698, 0.8551, 0.8713, NaN, NaN, NaN], [0.8534, 0.8777, 0.5654, 0.8613, NaN, NaN], [0.9018, 0.907, 0.4925, 0.8364, 0.7854, NaN], [0.9223, 0.8885, 0.3691, 0.7963, 0.7986, 0.6895]]","[NaN, 0.3663, 0.3601, 0.569, 0.7566, 0.2431]"
linear_regression,2,Static,regression,0.43275982748134234,0.09211711641121423,0.43275982748134234,0.5079260541693701,0.0,0.0,0.09211711641121423,0.09211711641121423,0.0007804786000178865,0.26586886700010837,328.8916015625,328.8916015625,"[[0.8838, NaN, NaN, NaN, NaN, NaN], [0.8838, 0.2267, NaN, NaN, NaN, NaN], [0.8838, 0.2267, 0.3392, NaN, NaN, NaN], [0.8838, 0.2267, 0.3392, 0.7726, NaN, NaN], [0.8838, 0.2267, 0.3392, 0.7726, 0.7332, NaN], [0.8838, 0.2267, 0.3392, 0.7726, 0.7332, 0.0921]]","[NaN, 0.2267, 0.3392, 0.7726, 0.7332, 0.0921]"
linear_regression,2,Naive incremental,regression,0.3435657130762008,0.1554329604886816,0.8195649902424866,0.5634355429073593,0.32019377627555734,-0.32019377627555734,0.1554329604886816,0.6670717251336867,0.3049944804000006,0.23767962200008697,219.3564453125,625.3095703125,"[[0.8838, NaN, NaN, NaN, NaN, NaN], [0.8134, 0.93, NaN, NaN, NaN, NaN], [0.3211, -0.384, 0.8946, NaN, NaN, NaN], [0.7748, 0.1932, 0.3858, 0.8921, NaN, NaN], [0.8341, 0.1194, 0.3832, 0.7361, 0.7142, NaN], [0.6182, 0.4465, 0.5214, 0.6408, 0.4866, 0.6671]]","[NaN, 0.2267, 0.189, 0.4971, 0.6496, 0.1554]"
linear_regression,2,Standard replay (FIFO),regression,0.40030772589647734,0.22670993153776808,0.8015400277319282,0.6472816482285523,0.20361684010157513,-0.20155348737956702,0.2786105141442142,0.6960435231063188,0.282133805400008,0.20532439799990243,397.9345703125,523.9345703125,"[[0.8838, NaN, NaN, NaN, NaN, NaN], [0.8893, 0.9379, NaN, NaN, NaN, NaN], [0.4729, 0.8781, 0.8354, NaN, NaN, NaN], [0.7447, 0.0416, 0.6671, 0.8433, NaN, NaN], [0.8171, 0.0782, 0.4227, 0.8481, 0.6951, NaN], [0.8243, 0.6, 0.3511, 0.7357, 0.6766, 0.696]]","[NaN, 0.2267, 0.311, 0.6122, 0.5731, 0.2786]"
linear_regression,2,Full retrain oracle*,regression,0.4507641777003494,0.22670993153776808,0.7790567706509978,0.7758323996792035,0.02580355124534084,-0.024809328557855247,0.2839852638735313,0.688059133924956,0.29641471700001604,0.16036734099998284,1004.0751953125,1004.0751953125,"[[0.8838, NaN, NaN, NaN, NaN, NaN], [0.8887, 0.9355, NaN, NaN, NaN, NaN], [0.7861, 0.9284, 0.7141, NaN, NaN, NaN], [0.8255, 0.9256, 0.622, 0.8511, NaN, NaN], [0.8549, 0.9253, 0.5872, 0.8417, 0.7064, NaN], [0.8722, 0.9279, 0.6137, 0.8426, 0.7105, 0.6881]]","[NaN, 0.2267, 0.3173, 0.7551, 0.6707, 0.284]"
linear_regression,2,ADAPT-X (proposed),regression,0.42325462193775876,0.16326723317246372,0.8083586359347468,0.6849813373389266,0.16655580646408782,-0.16029311940160804,0.3804080201099389,0.7132724443332397,0.16607117479998124,0.11617891799983227,1015.8564453125,1015.8564453125,"[[0.8696, NaN, NaN, NaN, NaN, NaN], [0.9009, 0.9431, NaN, NaN, NaN, NaN], [0.5994, 0.9085, 0.8393, NaN, NaN, NaN], [0.7799, 0.9167, 0.5209, 0.8572, NaN, NaN], [0.8384, 0.9261, 0.425, 0.8171, 0.689, NaN], [0.7465, 0.9148, 0.3749, 0.7486, 0.6118, 0.7133]]","[NaN, 0.1633, 0.299, 0.6313, 0.6423, 0.3804]"
linear_regression,2,A: no drift detection,regression,0.41678850877916956,0.16326723317246372,0.8133848813189518,0.7110816312983473,0.14031093772110018,-0.1339990120345084,0.3304155601503109,0.7059346914357898,0.21723479940001197,0.16194125300012274,1041.9736328125,1041.9736328125,"[[0.8696, NaN, NaN, NaN, NaN, NaN], [0.9011, 0.9432, NaN, NaN, NaN, NaN], [0.6064, 0.9075, 0.8382, NaN, NaN, NaN], [0.7595, 0.9196, 0.5389, 0.8876, NaN, NaN], [0.846, 0.9322, 0.4506, 0.8457, 0.6921, NaN], [0.7821, 0.9101, 0.4786, 0.7664, 0.6234, 0.7059]]","[NaN, 0.1633, 0.3, 0.6408, 0.6495, 0.3304]"
linear_regression,2,B: no replay (K=0),regression,0.39450334417285104,0.16326723317246372,0.834028749561653,0.5585831890907803,0.3440445287327618,-0.33764101092628984,0.2852656184768111,0.7461378224758044,0.1513545964000514,0.1193220539998947,867.0126953125,867.0126953125,"[[0.8696, NaN, NaN, NaN, NaN, NaN], [0.8969, 0.9309, NaN, NaN, NaN, NaN], [0.4181, 0.6151, 0.8972, NaN, NaN, NaN], [0.7437, 0.8566, 0.4273, 0.901, NaN, NaN], [0.8331, 0.9356, 0.3453, 0.7933, 0.6949, NaN], [0.4495, 0.8265, 0.4967, 0.468, 0.3645, 0.7461]]","[NaN, 0.1633, 0.3639, 0.5306, 0.6294, 0.2853]"
linear_regression,2,C: no adaptive scaling,regression,0.41678850877916956,0.16326723317246372,0.8133848813189518,0.7110816312983473,0.14031093772110018,-0.1339990120345084,0.3304155601503109,0.7059346914357898,0.21976049720005902,0.152508072000046,1041.9736328125,1041.9736328125,"[[0.8696, NaN, NaN, NaN, NaN, NaN], [0.9011, 0.9432, NaN, NaN, NaN, NaN], [0.6064, 0.9075, 0.8382, NaN, NaN, NaN], [0.7595, 0.9196, 0.5389, 0.8876, NaN, NaN], [0.846, 0.9322, 0.4506, 0.8457, 0.6921, NaN], [0.7821, 0.9101, 0.4786, 0.7664, 0.6234, 0.7059]]","[NaN, 0.1633, 0.3, 0.6408, 0.6495, 0.3304]"
linear_regression,2,D: no stable persistent state,regression,0.3928413749313629,0.16326723317246372,0.7994628827281005,0.6788239284783075,0.16234466870841407,-0.15878625682770467,0.18187257779438104,0.7139454162393678,0.27102244799998515,0.1584651609998673,430.810546875,532.154296875,"[[0.8696, NaN, NaN, NaN, NaN, NaN], [0.8874, 0.9228, NaN, NaN, NaN, NaN], [0.6633, 0.8757, 0.8251, NaN, NaN, NaN], [0.814, 0.8183, 0.5543, 0.854, NaN, NaN], [0.8266, 0.7448, 0.4402, 0.8264, 0.6815, NaN], [0.8123, 0.6748, 0.4303, 0.7529, 0.6887, 0.7139]]","[NaN, 0.1633, 0.2655, 0.6795, 0.6741, 0.1819]"
linear_regression,2,E: random replay,regression,0.4105873809965045,0.16326723317246372,0.8203058580183576,0.7192571319315921,0.1388256323881905,-0.13110938797402036,0.28312072861859383,0.7248560056869787,0.12508435380000266,0.2090285980000317,823.3720703125,823.3720703125,"[[0.8696, NaN, NaN, NaN, NaN, NaN], [0.9081, 0.9445, NaN, NaN, NaN, NaN], [0.6107, 0.9014, 0.8722, NaN, NaN, NaN], [0.7921, 0.9237, 0.5815, 0.8721, NaN, NaN], [0.8477, 0.923, 0.4596, 0.8431, 0.6879, NaN], [0.818, 0.9244, 0.4172, 0.7748, 0.6563, 0.7249]]","[NaN, 0.1633, 0.3131, 0.6534, 0.64, 0.2831]"
linear_regression,3,Static,regression,0.49409428384139814,0.12277036516244899,0.49409428384139814,0.5614781381752043,0.0,0.0,0.12277036516244899,0.12277036516244899,0.0007869294000101945,0.20667915099988932,320.7314453125,320.7314453125,"[[0.8984, NaN, NaN, NaN, NaN, NaN], [0.8984, 0.604, NaN, NaN, NaN, NaN], [0.8984, 0.604, 0.2442, NaN, NaN, NaN], [0.8984, 0.604, 0.2442, 0.7498, NaN, NaN], [0.8984, 0.604, 0.2442, 0.7498, 0.7496, NaN], [0.8984, 0.604, 0.2442, 0.7498, 0.7496, 0.1228]]","[NaN, 0.604, 0.2442, 0.7498, 0.7496, 0.1228]"
linear_regression,3,Naive incremental,regression,0.4034687670890336,0.08511913298488005,0.8227686692767986,0.5997847215177603,0.28270648542433324,-0.28270648542433324,0.08511913298488005,0.7376176488951627,0.2636394164000194,0.20119193999994422,290.3955078125,472.4345703125,"[[0.8984, NaN, NaN, NaN, NaN, NaN], [0.8544, 0.9355, NaN, NaN, NaN, NaN], [0.3367, 0.694, 0.8957, NaN, NaN, NaN], [0.7814, 0.637, 0.3583, 0.8476, NaN, NaN], [0.8657, 0.5408, 0.3105, 0.7382, 0.6975, NaN], [0.7077, 0.7529, 0.209, 0.6383, 0.5532, 0.7376]]","[NaN, 0.604, 0.2193, 0.4599, 0.6489, 0.0851]"
linear_regression,3,Standard replay (FIFO),regression,0.47018259559797804,0.22689432836860746,0.8152778311971695,0.6758687282571825,0.18527473314547022,-0.18391483925739752,0.22689432836860746,0.7433779172966137,0.31538762600002884,0.24091373200008093,520.4423828125,765.4580078125,"[[0.8984, NaN, NaN, NaN, NaN, NaN], [0.9052, 0.9365, NaN, NaN, NaN, NaN], [0.4838, 0.8671, 0.8737, NaN, NaN, NaN], [0.7325, 0.7946, 0.649, 0.8065, NaN, NaN], [0.8578, 0.7132, 0.3792, 0.8039, 0.7163, NaN], [0.852, 0.7743, 0.2154, 0.7362, 0.7339, 0.7434]]","[NaN, 0.604, 0.3106, 0.5619, 0.6475, 0.2269]"
linear_regression,3,Full retrain oracle*,regression,0.5615105300677075,0.2961311297051966,0.7879087872040212,0.7877749822611658,0.026810526478403873,-0.02225829045946941,0.41817872772375464,0.734631109462474,0.42541014799994625,0.22150116600005276,1144.0751953125,1144.0751953125,"[[0.8984, NaN, NaN, NaN, NaN, NaN], [0.9138, 0.9425, NaN, NaN, NaN, NaN], [0.7963, 0.9309, 0.6776, NaN, NaN, NaN], [0.8378, 0.9398, 0.6301, 0.837, NaN, NaN], [0.8634, 0.9498, 0.5731, 0.828, 0.7478, NaN], [0.8759, 0.9442, 0.5729, 0.8349, 0.764, 0.7346]]","[NaN, 0.604, 0.2961, 0.7506, 0.7386, 0.4182]"
linear_regression,3,ADAPT-X (proposed),regression,0.5285412586938242,0.31908850693477386,0.8346770822443353,0.7296046968401741,0.14193561496800566,-0.13682237006589665,0.41057797952268216,0.7779232416020307,0.14083713319996605,0.21941315200001554,923.0205078125,923.0205078125,"[[0.8884, NaN, NaN, NaN, NaN, NaN], [0.9139, 0.9489, NaN, NaN, NaN, NaN], [0.5918, 0.8968, 0.8646, NaN, NaN, NaN], [0.8265, 0.9224, 0.5026, 0.8662, NaN, NaN], [0.8775, 0.9369, 0.3904, 0.8232, 0.7158, NaN], [0.8556, 0.9219, 0.3421, 0.7664, 0.7137, 0.7779]]","[NaN, 0.5875, 0.3191, 0.6277, 0.6978, 0.4106]"
linear_regression,3,A: no drift detection,regression,0.5235219130978706,0.3179641702331786,0.8358695601401414,0.7476547440305207,0.12153748572458363,-0.11635479133328688,0.378927070272444,0.7618018388051029,0.1443464683999082,0.27189263799982655,917.7080078125,917.7080078125,"[[0.8884, NaN, NaN, NaN, NaN, NaN], [0.9143, 0.949, NaN, NaN, NaN, NaN], [0.6022, 0.8988, 0.8604, NaN, NaN, NaN], [0.829, 0.9286, 0.4735, 0.8736, NaN, NaN], [0.877, 0.9448, 0.3583, 0.8396, 0.7345, NaN], [0.8923, 0.9479, 0.3454, 0.7952, 0.7433, 0.7618]]","[NaN, 0.5875, 0.318, 0.6237, 0.7095, 0.3789]"
linear_regression,3,B: no replay (K=0),regression,0.4919480562092352,0.30648885046800145,0.8282453490639059,0.5467621729149618,0.3534142814901167,-0.34980166559572223,0.4002791281457311,0.7635790622887726,0.10918513380001968,0.1924232110000048,866.9462890625,866.9462890625,"[[0.8884, NaN, NaN, NaN, NaN, NaN], [0.9064, 0.9391, NaN, NaN, NaN, NaN], [0.4507, 0.687, 0.9045, NaN, NaN, NaN], [0.8054, 0.8459, 0.3605, 0.8537, NaN, NaN], [0.89, 0.925, 0.2591, 0.7369, 0.6803, NaN], [0.7158, 0.819, -0.082, 0.5405, 0.5237, 0.7636]]","[NaN, 0.5875, 0.3065, 0.5186, 0.6469, 0.4003]"
linear_regression,3,C: no adaptive scaling,regression,0.5235219130978706,0.3179641702331786,0.8358695601401414,0.7476547440305207,0.12153748572458363,-0.11635479133328688,0.378927070272444,0.7618018388051029,0.1444178364000436,0.22807876999991095,917.7080078125,917.7080078125,"[[0.8884, NaN, NaN, NaN, NaN, NaN], [0.9143, 0.949, NaN, NaN, NaN, NaN], [0.6022, 0.8988, 0.8604, NaN, NaN, NaN], [0.829, 0.9286, 0.4735, 0.8736, NaN, NaN], [0.877, 0.9448, 0.3583, 0.8396, 0.7345, NaN], [0.8923, 0.9479, 0.3454, 0.7952, 0.7433, 0.7618]]","[NaN, 0.5875, 0.318, 0.6237, 0.7095, 0.3789]"
linear_regression,3,D: no stable persistent state,regression,0.5079911481248546,0.25541485304249223,0.806851686915494,0.709070046016956,0.13363855572491729,-0.13363855572491729,0.32752695903516305,0.7369314247912562,0.40855064979996314,0.20973544200001015,630.302734375,728.216796875,"[[0.8884, NaN, NaN, NaN, NaN, NaN], [0.8832, 0.9357, NaN, NaN, NaN, NaN], [0.6264, 0.8798, 0.8017, NaN, NaN, NaN], [0.8011, 0.8911, 0.5862, 0.8291, NaN, NaN], [0.8648, 0.8695, 0.3946, 0.8109, 0.7308, NaN], [0.8157, 0.901, 0.3359, 0.7461, 0.7188, 0.7369]]","[NaN, 0.5875, 0.2554, 0.664, 0.7055, 0.3275]"
linear_regression,3,E: random replay,regression,0.5293185169973692,0.325089106706165,0.8330298052559643,0.7282349115610586,0.14218605157246245,-0.1368188354124644,0.4048015211048023,0.7783714583338999,0.15749254539991853,0.1973228620001919,972.0751953125,972.0751953125,"[[0.8884, NaN, NaN, NaN, NaN, NaN], [0.9152, 0.9487, NaN, NaN, NaN, NaN], [0.636, 0.8992, 0.8615, NaN, NaN, NaN], [0.8326, 0.9278, 0.4652, 0.8712, NaN, NaN], [0.8907, 0.9307, 0.3761, 0.7988, 0.7054, NaN], [0.859, 0.9204, 0.3454, 0.7583, 0.7079, 0.7784]]","[NaN, 0.5875, 0.3251, 0.6487, 0.6805, 0.4048]"
linear_regression,4,Static,regression,0.6238034353798495,0.3892521930665285,0.6238034353798495,0.6727606020399376,0.0,0.0,0.6629013966530322,0.6629013966530322,0.0008207409999613447,0.2986413010000888,406.4267578125,406.4267578125,"[[0.9175, NaN, NaN, NaN, NaN, NaN], [0.9175, 0.5135, NaN, NaN, NaN, NaN], [0.9175, 0.5135, 0.3893, NaN, NaN, NaN], [0.9175, 0.5135, 0.3893, 0.7358, NaN, NaN], [0.9175, 0.5135, 0.3893, 0.7358, 0.8176, NaN], [0.9175, 0.5135, 0.3893, 0.7358, 0.8176, 0.6629]]","[NaN, 0.5135, 0.3893, 0.7358, 0.8176, 0.6629]"
linear_regression,4,Naive incremental,regression,0.5667634275300675,0.41255722562000086,0.8504120437788497,0.5771975929709335,0.3412842192818049,-0.3412842192818049,0.6041044280770465,0.7206753454982288,0.21074625799997193,0.2884771980000096,347.0751953125,488.2626953125,"[[0.9175, NaN, NaN, NaN, NaN, NaN], [0.8705, 0.9341, NaN, NaN, NaN, NaN], [0.3248, 0.6771, 0.9176, NaN, NaN, NaN], [0.8651, 0.6497, 0.4162, 0.8719, NaN, NaN], [0.8815, 0.1708, 0.4182, 0.7329, 0.8078, NaN], [0.6498, 0.851, 0.0362, 0.5495, 0.6559, 0.7207]]","[NaN, 0.5135, 0.5005, 0.4126, 0.8031, 0.6041]"
linear_regression,4,Standard replay (FIFO),regression,0.5721108492414891,0.4179240745899153,0.8425111211235212,0.7075386141351282,0.1825051074360733,-0.17697407122944286,0.65446768239604,0.755646847770377,0.3016277128000183,0.21188290600002802,489.0126953125,818.0908203125,"[[0.9175, NaN, NaN, NaN, NaN, NaN], [0.9128, 0.9435, NaN, NaN, NaN, NaN], [0.4672, 0.89, 0.891, NaN, NaN, NaN], [0.7891, 0.6704, 0.7275, 0.7976, NaN, NaN], [0.8851, 0.576, 0.4727, 0.8252, 0.8248, NaN], [0.8552, 0.8814, 0.267, 0.6913, 0.7947, 0.7556]]","[NaN, 0.5135, 0.4179, 0.5169, 0.7577, 0.6545]"
linear_regression,4,Full retrain oracle*,regression,0.6279721343301932,0.4033894697095457,0.8151726274169958,0.8082690159767792,0.03382953581870287,-0.02875909531293617,0.7093954581416844,0.7302420635152822,0.40254442879991076,0.1966692299999977,1046.1376953125,1093.6767578125,"[[0.9175, NaN, NaN, NaN, NaN, NaN], [0.9207, 0.9517, NaN, NaN, NaN, NaN], [0.8007, 0.9343, 0.7786, NaN, NaN, NaN], [0.876, 0.9351, 0.6952, 0.8043, NaN, NaN], [0.8915, 0.9458, 0.663, 0.8265, 0.811, NaN], [0.9003, 0.9489, 0.6286, 0.8112, 0.8303, 0.7302]]","[NaN, 0.5135, 0.4034, 0.7225, 0.7911, 0.7094]"
linear_regression,4,ADAPT-X (proposed),regression,0.5881986701560322,0.40664919547304734,0.8600124633362786,0.7282237783731785,0.16841837559332354,-0.1660106628201423,0.7079212139761497,0.7434625514490985,0.14338778860001183,0.2638736640001298,901.0517578125,901.0517578125,"[[0.8993, NaN, NaN, NaN, NaN, NaN], [0.9114, 0.9631, NaN, NaN, NaN, NaN], [0.5633, 0.9157, 0.9004, NaN, NaN, NaN], [0.8314, 0.9123, 0.5896, 0.8682, NaN, NaN], [0.8786, 0.9371, 0.4711, 0.8462, 0.8249, NaN], [0.8428, 0.9196, 0.3106, 0.7453, 0.8076, 0.7435]]","[NaN, 0.4625, 0.4066, 0.572, 0.7919, 0.7079]"
linear_regression,4,A: no drift detection,regression,0.585879035824681,0.4056753592014576,0.861330167739359,0.73480719390533,0.16183990824017314,-0.1594282685846409,0.7021254864584097,0.752025696200997,0.14747032639997998,0.2844968169999902,944.6845703125,944.6845703125,"[[0.8993, NaN, NaN, NaN, NaN, NaN], [0.9114, 0.9631, NaN, NaN, NaN, NaN], [0.5655, 0.9182, 0.8984, NaN, NaN, NaN], [0.8285, 0.9099, 0.5975, 0.871, NaN, NaN], [0.8727, 0.9442, 0.4945, 0.8277, 0.8222, NaN], [0.8254, 0.9253, 0.3807, 0.7532, 0.7723, 0.752]]","[NaN, 0.4625, 0.4057, 0.5695, 0.7896, 0.7021]"
linear_regression,4,B: no replay (K=0),regression,0.5636499176671459,0.4123316892089456,0.8705049142827235,0.5825965221795455,0.3536077882357461,-0.35125582119894705,0.6726553352336871,0.7404455628779574,0.11594632659998752,0.26712007199989785,939.3408203125,939.3408203125,"[[0.8993, NaN, NaN, NaN, NaN, NaN], [0.9111, 0.9545, NaN, NaN, NaN, NaN], [0.4513, 0.7632, 0.9327, NaN, NaN, NaN], [0.8274, 0.9018, 0.4711, 0.9009, NaN, NaN], [0.8955, 0.9232, 0.377, 0.7694, 0.824, NaN], [0.654, 0.8948, -0.0041, 0.5235, 0.6869, 0.7404]]","[NaN, 0.4625, 0.4123, 0.4762, 0.7946, 0.6727]"
linear_regression,4,C: no adaptive scaling,regression,0.585879035824681,0.4056753592014576,0.861330167739359,0.73480719390533,0.16183990824017314,-0.1594282685846409,0.7021254864584097,0.752025696200997,0.13436206380006296,0.2395884869999918,944.6845703125,944.6845703125,"[[0.8993, NaN, NaN, NaN, NaN, NaN], [0.9114, 0.9631, NaN, NaN, NaN, NaN], [0.5655, 0.9182, 0.8984, NaN, NaN, NaN], [0.8285, 0.9099, 0.5975, 0.871, NaN, NaN], [0.8727, 0.9442, 0.4945, 0.8277, 0.8222, NaN], [0.8254, 0.9253, 0.3807, 0.7532, 0.7723, 0.752]]","[NaN, 0.4625, 0.4057, 0.5695, 0.7896, 0.7021]"
linear_regression,4,D: no stable persistent state,regression,0.5835314018453999,0.3933462291621429,0.8400199549150045,0.7109965998128756,0.16937010173220743,-0.1666907686712317,0.6562630510508725,0.728205480826864,0.31890255700000125,0.26028086199994505,455.255859375,784.337890625,"[[0.8993, NaN, NaN, NaN, NaN, NaN], [0.9127, 0.9441, NaN, NaN, NaN, NaN], [0.5984, 0.8916, 0.8805, NaN, NaN, NaN], [0.8607, 0.8869, 0.6478, 0.8266, NaN, NaN], [0.89, 0.857, 0.4508, 0.7998, 0.8207, NaN], [0.8634, 0.8996, 0.3092, 0.7028, 0.7629, 0.7282]]","[NaN, 0.4625, 0.3933, 0.6182, 0.7873, 0.6563]"
linear_regression,4,E: random replay,regression,0.5840679298307764,0.39398680995787827,0.8604090717536532,0.7394546102441263,0.15626184408464044,-0.15293027299237955,0.6906884220389665,0.7568875066674914,0.14425977719993172,0.2691225940000095,999.0517578125,999.0517578125,"[[0.8993, NaN, NaN, NaN, NaN, NaN], [0.916, 0.9634, NaN, NaN, NaN, NaN], [0.5673, 0.9133, 0.8982, NaN, NaN, NaN], [0.8344, 0.9026, 0.5983, 0.8644, NaN, NaN], [0.8777, 0.936, 0.4933, 0.8135, 0.8191, NaN], [0.8355, 0.9031, 0.4032, 0.749, 0.789, 0.7569]]","[NaN, 0.4625, 0.394, 0.5723, 0.8009, 0.6907]"
nonlinear_classification,0,Static,binary_classification,0.5142581149677001,0.21794871794871806,0.5142581149677001,0.5327908533821745,0.0,0.0,0.21794871794871806,0.21794871794871806,0.00113769639997372,0.1879221570000027,284.6396484375,284.6396484375,"[[0.6255, NaN, NaN, NaN, NaN, NaN], [0.6255, 0.6085, NaN, NaN, NaN, NaN], [0.6255, 0.6085, 0.5633, NaN, NaN, NaN], [0.6255, 0.6085, 0.5633, 0.6514, NaN, NaN], [0.6255, 0.6085, 0.5633, 0.6514, 0.5302, NaN], [0.6255, 0.6085, 0.5633, 0.6514, 0.5302, 0.2179]]","[NaN, 0.6085, 0.5633, 0.6514, 0.5302, 0.2179]"
nonlinear_classification,0,Naive incremental,binary_classification,0.44907606343596107,0.08173076923076916,0.5333142777463229,0.2756072789962734,0.32767645204170387,-0.32767645204170387,0.08173076923076916,0.34435096153846145,0.12656519639995167,0.2234849320000194,132.7763671875,284.6396484375,"[[0.6255, NaN, NaN, NaN, NaN, NaN], [0.6158, 0.752, NaN, NaN, NaN, NaN], [0.5497, 0.4399, 0.6129, NaN, NaN, NaN], [0.5836, 0.3802, 0.3881, 0.5987, NaN, NaN], [0.5653, 0.2558, 0.4152, 0.4987, 0.3586, NaN], [0.2396, 0.2812, 0.306, 0.269, 0.2135, 0.3444]]","[NaN, 0.6085, 0.5751, 0.5133, 0.4667, 0.0817]"
nonlinear_classification,0,Standard replay (FIFO),binary_classification,0.5083524874779236,0.18770032051282048,0.6120162900429249,0.5130895409769526,0.12915732571906652,-0.12139974996149076,0.18770032051282048,0.42487980769230793,0.22273812499997803,0.19719899500000793,245.4326171875,490.4169921875,"[[0.6255, NaN, NaN, NaN, NaN, NaN], [0.6642, 0.7875, NaN, NaN, NaN, NaN], [0.5699, 0.7431, 0.7595, NaN, NaN, NaN], [0.5869, 0.5154, 0.645, 0.6795, NaN, NaN], [0.6554, 0.4225, 0.4988, 0.6394, 0.4086, NaN], [0.5806, 0.4438, 0.5453, 0.6352, 0.4487, 0.4249]]","[NaN, 0.6085, 0.6683, 0.6062, 0.4711, 0.1877]"
nonlinear_classification,0,Full retrain oracle*,binary_classification,0.5532338626246834,0.2526041666666665,0.6588044650600713,0.6683828316638424,0.014789883460655106,0.018164023845630338,0.2526041666666665,0.34014423076923084,0.35365977100000234,0.20537832899981368,1400.2607421875,1400.2607421875,"[[0.6255, NaN, NaN, NaN, NaN, NaN], [0.6717, 0.8214, NaN, NaN, NaN, NaN], [0.6705, 0.8329, 0.8504, NaN, NaN, NaN], [0.6879, 0.8066, 0.8778, 0.7445, NaN, NaN], [0.7156, 0.8457, 0.8427, 0.7674, 0.5376, NaN], [0.7115, 0.8368, 0.8095, 0.7139, 0.5984, 0.3401]]","[NaN, 0.6085, 0.6446, 0.7226, 0.5378, 0.2526]"
nonlinear_classification,0,ADAPT-X (proposed),binary_classification,0.49479718757933744,0.26983173076923084,0.6043977503409019,0.6193088591319323,0.02130451459769329,0.020348638193174385,0.26983173076923084,0.3239182692307694,0.13795262039989212,0.19430169599991132,807.2978515625,807.2978515625,"[[0.5921, NaN, NaN, NaN, NaN, NaN], [0.6137, 0.7819, NaN, NaN, NaN, NaN], [0.6604, 0.7626, 0.75, NaN, NaN, NaN], [0.6499, 0.7624, 0.8049, 0.6832, NaN, NaN], [0.6846, 0.799, 0.84, 0.6917, 0.4831, NaN], [0.6703, 0.7572, 0.7965, 0.6994, 0.4686, 0.3239]]","[NaN, 0.5516, 0.4892, 0.7143, 0.4489, 0.2698]"
nonlinear_classification,0,A: no drift detection,binary_classification,0.5090840646911151,0.3106971153846154,0.6137109177525251,0.5912995569631977,0.05791629601013089,-0.022575691820930242,0.3106971153846154,0.3531650641025641,0.15912966519999827,0.21949986599997828,889.4111328125,889.4111328125,"[[0.5921, NaN, NaN, NaN, NaN, NaN], [0.6101, 0.7791, NaN, NaN, NaN, NaN], [0.6832, 0.7999, 0.7576, NaN, NaN, NaN], [0.6558, 0.8056, 0.7828, 0.6684, NaN, NaN], [0.6517, 0.8162, 0.8061, 0.6672, 0.5103, NaN], [0.6109, 0.7956, 0.7076, 0.5684, 0.5122, 0.3532]]","[NaN, 0.5516, 0.4965, 0.7064, 0.4802, 0.3107]"
nonlinear_classification,0,B: no replay (K=0),binary_classification,0.4714483479008278,0.205929487179487,0.571513861072121,0.4709270423417286,0.13549231935295572,-0.12482565268628906,0.205929487179487,0.28525641025641035,0.10207964039996113,0.166383832000065,728.6845703125,728.6845703125,"[[0.5921, NaN, NaN, NaN, NaN, NaN], [0.6455, 0.776, NaN, NaN, NaN, NaN], [0.6085, 0.7248, 0.656, NaN, NaN, NaN], [0.6065, 0.6599, 0.6034, 0.6411, NaN, NaN], [0.6152, 0.7057, 0.5591, 0.6309, 0.4992, NaN], [0.5386, 0.5599, 0.4434, 0.5828, 0.4157, 0.2853]]","[NaN, 0.5516, 0.4781, 0.6364, 0.4851, 0.2059]"
nonlinear_classification,0,C: no adaptive scaling,binary_classification,0.4991481672552177,0.2610176282051282,0.6111267251692368,0.5631932039858342,0.08707042497809607,-0.05371912281047817,0.2610176282051282,0.3629807692307694,0.12784242259995154,0.16119233099993835,846.8994140625,846.8994140625,"[[0.5921, NaN, NaN, NaN, NaN, NaN], [0.6101, 0.7791, NaN, NaN, NaN, NaN], [0.6832, 0.7999, 0.7576, NaN, NaN, NaN], [0.6558, 0.8056, 0.7828, 0.6684, NaN, NaN], [0.6663, 0.8084, 0.7912, 0.6811, 0.4876, NaN], [0.5905, 0.6745, 0.6496, 0.6281, 0.4735, 0.363]]","[NaN, 0.5516, 0.4965, 0.7064, 0.4802, 0.261]"
nonlinear_classification,0,D: no stable persistent state,binary_classification,0.5001602795621808,0.11899038461538458,0.5985557665640946,0.5136142929764462,0.12353127282064191,-0.10064285741660153,0.11899038461538458,0.37740384615384626,0.2572940391999509,0.1881213920000846,367.46484375,672.5859375,"[[0.5921, NaN, NaN, NaN, NaN, NaN], [0.6964, 0.7726, NaN, NaN, NaN, NaN], [0.6772, 0.7828, 0.7755, NaN, NaN, NaN], [0.6176, 0.628, 0.6473, 0.6603, NaN, NaN], [0.6242, 0.4288, 0.4934, 0.6554, 0.407, NaN], [0.5715, 0.4306, 0.6125, 0.6757, 0.414, 0.3774]]","[NaN, 0.5516, 0.6599, 0.6953, 0.475, 0.119]"
nonlinear_classification,0,E: random replay,binary_classification,0.4994611260748593,0.22676282051282048,0.6060906538325814,0.6078275362895543,0.026667989600796593,0.004878147290641221,0.22676282051282048,0.3189102564102564,0.1292116583999814,0.18909316899998885,814.3876953125,814.3876953125,"[[0.5921, NaN, NaN, NaN, NaN, NaN], [0.6503, 0.7717, NaN, NaN, NaN, NaN], [0.6154, 0.7852, 0.7316, NaN, NaN, NaN], [0.6133, 0.8138, 0.7622, 0.6913, NaN, NaN], [0.6703, 0.8173, 0.7656, 0.6852, 0.5169, NaN], [0.6697, 0.7641, 0.7186, 0.6496, 0.526, 0.3189]]","[NaN, 0.5516, 0.5171, 0.6911, 0.5107, 0.2268]"
nonlinear_classification,1,Static,binary_classification,0.5614068608245554,0.23190606336673758,0.5614068608245554,0.5825576654057442,0.0,0.0,0.23190606336673758,0.23190606336673758,0.0009042778000093677,0.1510368130000188,163.7958984375,163.7958984375,"[[0.6883, NaN, NaN, NaN, NaN, NaN], [0.6883, 0.79, NaN, NaN, NaN, NaN], [0.6883, 0.79, 0.7058, NaN, NaN, NaN], [0.6883, 0.79, 0.7058, 0.6229, NaN, NaN], [0.6883, 0.79, 0.7058, 0.6229, 0.4564, NaN], [0.6883, 0.79, 0.7058, 0.6229, 0.4564, 0.2319]]","[NaN, 0.79, 0.7058, 0.6229, 0.4564, 0.2319]"
nonlinear_classification,1,Naive incremental,binary_classification,0.547694247409393,0.26409555623038794,0.6500097360536252,0.2452076938047042,0.5065999079859214,-0.4934228411503179,0.26409555623038794,0.4313189594088471,0.1353488629999447,0.12900559600007,137.1201171875,201.9912109375,"[[0.6883, NaN, NaN, NaN, NaN, NaN], [0.4531, 0.7847, NaN, NaN, NaN, NaN], [0.6222, 0.5046, 0.8667, NaN, NaN, NaN], [0.7037, 0.4444, 0.7492, 0.6602, NaN, NaN], [0.7542, 0.6347, 0.5878, 0.6127, 0.5071, NaN], [0.263, 0.3767, 0.1481, 0.2246, 0.0275, 0.4313]]","[NaN, 0.79, 0.5935, 0.6313, 0.4596, 0.2641]"
nonlinear_classification,1,Standard replay (FIFO),binary_classification,0.5878270747227677,0.2657151533556026,0.7068598953273402,0.5854220940060713,0.1583603511611696,-0.1420157201823923,0.2657151533556026,0.5068326753720012,0.26225300780001815,0.14800866699988546,269.9716796875,465.5068359375,"[[0.6883, NaN, NaN, NaN, NaN, NaN], [0.7335, 0.8383, NaN, NaN, NaN, NaN], [0.6835, 0.7856, 0.9035, NaN, NaN, NaN], [0.708, 0.5827, 0.857, 0.7033, NaN, NaN], [0.77, 0.7225, 0.643, 0.6692, 0.5824, NaN], [0.693, 0.594, 0.6277, 0.5846, 0.5065, 0.5068]]","[NaN, 0.79, 0.7477, 0.654, 0.4817, 0.2657]"
nonlinear_classification,1,Full retrain oracle*,binary_classification,0.6351438229364886,0.39710497013867774,0.7022812288717333,0.7116688467935178,0.021689904567041608,0.014059049618150299,0.39710497013867774,0.5179674056078551,0.3136025948000679,0.11819987800004128,1270.7685546875,1270.7685546875,"[[0.6883, NaN, NaN, NaN, NaN, NaN], [0.7789, 0.8553, NaN, NaN, NaN, NaN], [0.7531, 0.8865, 0.8519, NaN, NaN, NaN], [0.8106, 0.9055, 0.8519, 0.7208, NaN, NaN], [0.8004, 0.8832, 0.8013, 0.7271, 0.5654, NaN], [0.8475, 0.8734, 0.7763, 0.6994, 0.5554, 0.518]]","[NaN, 0.79, 0.7206, 0.716, 0.5519, 0.3971]"
nonlinear_classification,1,ADAPT-X (proposed),binary_classification,0.6066251115626043,0.39872456726389305,0.6963339213865496,0.6500106024286771,0.07820633467739509,-0.04152445050465725,0.39872456726389305,0.47970442352464837,0.15845306059995892,0.09749527500002841,760.3251953125,760.3251953125,"[[0.626, NaN, NaN, NaN, NaN, NaN], [0.7291, 0.875, NaN, NaN, NaN, NaN], [0.7515, 0.8591, 0.9423, NaN, NaN, NaN], [0.7797, 0.848, 0.8744, 0.6592, NaN, NaN], [0.7867, 0.838, 0.8672, 0.6819, 0.5255, NaN], [0.7189, 0.8214, 0.7482, 0.6177, 0.5141, 0.4797]]","[NaN, 0.6767, 0.7916, 0.669, 0.4971, 0.3987]"
nonlinear_classification,1,A: no drift detection,binary_classification,0.619120652054427,0.42322097378277146,0.6875455389254395,0.6106541498337749,0.11231519960637937,-0.0799638111574299,0.42322097378277146,0.4946856969328881,0.14189794819994858,0.0953387179999936,732.1845703125,732.1845703125,"[[0.626, NaN, NaN, NaN, NaN, NaN], [0.7282, 0.8726, NaN, NaN, NaN, NaN], [0.7561, 0.8487, 0.9055, NaN, NaN, NaN], [0.7658, 0.8414, 0.8601, 0.6435, NaN, NaN], [0.7878, 0.806, 0.8018, 0.5967, 0.5214, NaN], [0.746, 0.8139, 0.5536, 0.5646, 0.4912, 0.4947]]","[NaN, 0.6767, 0.788, 0.6587, 0.5488, 0.4232]"
nonlinear_classification,1,B: no replay (K=0),binary_classification,0.5821965800749188,0.3926510780443364,0.6821241253709024,0.5910244578917059,0.11801440423999585,-0.09809802793337567,0.3926510780443364,0.5141208624354692,0.13966766520002238,0.08836522000001423,732.4150390625,732.4150390625,"[[0.626, NaN, NaN, NaN, NaN, NaN], [0.6473, 0.8907, NaN, NaN, NaN, NaN], [0.6737, 0.7894, 0.8376, NaN, NaN, NaN], [0.6843, 0.8015, 0.8018, 0.6531, NaN, NaN], [0.7189, 0.7759, 0.7467, 0.6598, 0.5151, NaN], [0.5804, 0.7159, 0.6711, 0.6273, 0.4373, 0.5141]]","[NaN, 0.6767, 0.737, 0.5981, 0.5065, 0.3927]"
nonlinear_classification,1,C: no adaptive scaling,binary_classification,0.619120652054427,0.42322097378277146,0.6875455389254395,0.6106541498337749,0.11231519960637937,-0.0799638111574299,0.42322097378277146,0.4946856969328881,0.14968723140004841,0.11109051699986594,732.1845703125,732.1845703125,"[[0.626, NaN, NaN, NaN, NaN, NaN], [0.7282, 0.8726, NaN, NaN, NaN, NaN], [0.7561, 0.8487, 0.9055, NaN, NaN, NaN], [0.7658, 0.8414, 0.8601, 0.6435, NaN, NaN], [0.7878, 0.806, 0.8018, 0.5967, 0.5214, NaN], [0.746, 0.8139, 0.5536, 0.5646, 0.4912, 0.4947]]","[NaN, 0.6767, 0.788, 0.6587, 0.5488, 0.4232]"
nonlinear_classification,1,D: no stable persistent state,binary_classification,0.5811669086700787,0.3149104160340117,0.6757381714062072,0.583179078944258,0.12566459226807178,-0.10112652870561796,0.3149104160340117,0.46674764652292744,0.2594459800000095,0.09170925700004773,405.53515625,520.0703125,"[[0.626, NaN, NaN, NaN, NaN, NaN], [0.709, 0.8367, NaN, NaN, NaN, NaN], [0.7175, 0.809, 0.8718, NaN, NaN, NaN], [0.7487, 0.7666, 0.7686, 0.7115, NaN, NaN], [0.7185, 0.7814, 0.7416, 0.63, 0.492, NaN], [0.6397, 0.7794, 0.6032, 0.5481, 0.4619, 0.4667]]","[NaN, 0.6767, 0.7324, 0.624, 0.5579, 0.3149]"
nonlinear_classification,1,E: random replay,binary_classification,0.5907950459834655,0.4001417147484563,0.6846944608814041,0.6669011096701659,0.04467019030560735,-0.009616381309725152,0.4001417147484563,0.48921955663528705,0.1475683117999779,0.09200649500007785,779.6142578125,779.6142578125,"[[0.626, NaN, NaN, NaN, NaN, NaN], [0.7403, 0.9022, NaN, NaN, NaN, NaN], [0.7468, 0.8927, 0.8973, NaN, NaN, NaN], [0.7692, 0.8498, 0.8407, 0.6329, NaN, NaN], [0.8011, 0.8495, 0.859, 0.6331, 0.5018, NaN], [0.7979, 0.8318, 0.7707, 0.6194, 0.4924, 0.4892]]","[NaN, 0.6767, 0.7559, 0.6456, 0.4756, 0.4001]"
nonlinear_classification,2,Static,binary_classification,0.6026613538486634,0.34273709483793513,0.6026613538486634,0.6286299212860126,0.0,0.0,0.34273709483793513,0.34273709483793513,0.0009021608000693959,0.23669671500010736,275.5771484375,275.5771484375,"[[0.7585, NaN, NaN, NaN, NaN, NaN], [0.7585, 0.5606, NaN, NaN, NaN, NaN], [0.7585, 0.5606, 0.8318, NaN, NaN, NaN], [0.7585, 0.5606, 0.8318, 0.692, NaN, NaN], [0.7585, 0.5606, 0.8318, 0.692, 0.5861, NaN], [0.7585, 0.5606, 0.8318, 0.692, 0.5861, 0.3427]]","[NaN, 0.5606, 0.8318, 0.692, 0.5861, 0.3427]"
nonlinear_classification,2,Naive incremental,binary_classification,0.5167537650888322,0.22148859543817534,0.6440178044156614,0.26689271386614793,0.47544109947083557,-0.47544109947083557,0.22148859543817534,0.43897559023609434,0.15397766619998948,0.16817924699989817,108.4794921875,314.2529296875,"[[0.7585, NaN, NaN, NaN, NaN, NaN], [0.5114, 0.766, NaN, NaN, NaN, NaN], [0.7422, 0.484, 0.8705, NaN, NaN, NaN], [0.7038, 0.6515, 0.7749, 0.6032, NaN, NaN], [0.6216, 0.4857, 0.6745, 0.5512, 0.5414, NaN], [0.3235, 0.3411, 0.237, 0.2113, 0.0495, 0.439]]","[NaN, 0.5606, 0.5841, 0.6432, 0.5744, 0.2215]"
nonlinear_classification,2,Standard replay (FIFO),binary_classification,0.5862128646318882,0.2871148459383752,0.6813760112352578,0.5829475379025609,0.13353351744673653,-0.13353351744673653,0.2871148459383752,0.38435374149659873,0.24785800580002615,0.223244195999996,255.9091796875,490.4169921875,"[[0.7585, NaN, NaN, NaN, NaN, NaN], [0.7559, 0.8456, NaN, NaN, NaN, NaN], [0.7553, 0.7843, 0.9044, NaN, NaN, NaN], [0.6969, 0.5561, 0.8977, 0.6312, NaN, NaN], [0.7134, 0.496, 0.756, 0.611, 0.6414, NaN], [0.739, 0.5851, 0.7031, 0.5628, 0.5234, 0.3844]]","[NaN, 0.5606, 0.8092, 0.6864, 0.5878, 0.2871]"
nonlinear_classification,2,Full retrain oracle*,binary_classification,0.6159963211300333,0.33033213285314145,0.7135144447293993,0.7466778544330653,0.0041038794600909865,0.030804428895727477,0.33033213285314145,0.3879551820728293,0.37331459259999067,0.23874686599992856,1393.2763671875,1393.2763671875,"[[0.7585, NaN, NaN, NaN, NaN, NaN], [0.7939, 0.8436, NaN, NaN, NaN, NaN], [0.8494, 0.881, 0.9695, NaN, NaN, NaN], [0.8488, 0.8939, 0.9792, 0.7074, NaN, NaN], [0.8548, 0.881, 0.9475, 0.7256, 0.6592, NaN], [0.8393, 0.8819, 0.9658, 0.6926, 0.7125, 0.388]]","[NaN, 0.5606, 0.8244, 0.7078, 0.6569, 0.3303]"
nonlinear_classification,2,ADAPT-X (proposed),binary_classification,0.586169247885746,0.2859143657462986,0.6593462248269564,0.6290959280942632,0.07555776045831183,-0.05981506649779602,0.2859143657462986,0.30692276910764327,0.13547304660010012,0.22108608300004562,793.2626953125,793.2626953125,"[[0.7769, NaN, NaN, NaN, NaN, NaN], [0.7795, 0.8431, NaN, NaN, NaN, NaN], [0.8466, 0.8195, 0.9468, NaN, NaN, NaN], [0.8157, 0.7828, 0.9182, 0.5874, NaN, NaN], [0.8254, 0.781, 0.9256, 0.5964, 0.6125, NaN], [0.7709, 0.6979, 0.9144, 0.5496, 0.5349, 0.3069]]","[NaN, 0.5628, 0.8259, 0.6908, 0.5654, 0.2859]"
nonlinear_classification,2,A: no drift detection,binary_classification,0.5924981408299254,0.2991196478591438,0.6686457224542216,0.6041329647815098,0.11146823249847752,-0.09907012010036512,0.2991196478591438,0.30192076830732306,0.13033324920002087,0.16794879999997647,779.2197265625,779.2197265625,"[[0.7769, NaN, NaN, NaN, NaN, NaN], [0.7718, 0.8507, NaN, NaN, NaN, NaN], [0.8389, 0.8173, 0.9237, NaN, NaN, NaN], [0.8048, 0.8238, 0.9237, 0.6366, NaN, NaN], [0.7906, 0.836, 0.8955, 0.6218, 0.6303, NaN], [0.6937, 0.7132, 0.8564, 0.4767, 0.5828, 0.3019]]","[NaN, 0.5628, 0.817, 0.6826, 0.601, 0.2991]"
nonlinear_classification,2,B: no replay (K=0),binary_classification,0.554305884036037,0.26110444177671055,0.6495124701506496,0.583610821162578,0.11576564144072261,-0.10456344013951147,0.26110444177671055,0.3263305322128851,0.15532951939999293,0.14848401199992622,952.6884765625,952.6884765625,"[[0.7769, NaN, NaN, NaN, NaN, NaN], [0.7761, 0.8213, NaN, NaN, NaN, NaN], [0.7829, 0.7504, 0.9609, NaN, NaN, NaN], [0.6868, 0.6676, 0.8746, 0.5736, NaN, NaN], [0.7336, 0.6324, 0.9025, 0.6236, 0.5654, NaN], [0.6712, 0.6631, 0.8631, 0.531, 0.447, 0.3263]]","[NaN, 0.5628, 0.7731, 0.6562, 0.5184, 0.2611]"
nonlinear_classification,2,C: no adaptive scaling,binary_classification,0.5924981408299254,0.2991196478591438,0.6686457224542216,0.6041329647815098,0.11146823249847752,-0.09907012010036512,0.2991196478591438,0.30192076830732306,0.13035500779997164,0.22805640100000346,779.2197265625,779.2197265625,"[[0.7769, NaN, NaN, NaN, NaN, NaN], [0.7718, 0.8507, NaN, NaN, NaN, NaN], [0.8389, 0.8173, 0.9237, NaN, NaN, NaN], [0.8048, 0.8238, 0.9237, 0.6366, NaN, NaN], [0.7906, 0.836, 0.8955, 0.6218, 0.6303, NaN], [0.6937, 0.7132, 0.8564, 0.4767, 0.5828, 0.3019]]","[NaN, 0.5628, 0.817, 0.6826, 0.601, 0.2991]"
nonlinear_classification,2,D: no stable persistent state,binary_classification,0.58544363215977,0.24989995998399328,0.6872518153774119,0.6234693539071771,0.10579815739836614,-0.09447254607275482,0.24989995998399328,0.40416166466586634,0.2441355274000216,0.18049085699999523,367.46484375,657.78515625,"[[0.7769, NaN, NaN, NaN, NaN, NaN], [0.8335, 0.8211, NaN, NaN, NaN, NaN], [0.8323, 0.7598, 0.9185, NaN, NaN, NaN], [0.7754, 0.8028, 0.9033, 0.707, NaN, NaN], [0.7233, 0.5963, 0.7574, 0.6614, 0.5855, NaN], [0.6622, 0.6613, 0.8092, 0.6154, 0.5887, 0.4042]]","[NaN, 0.5628, 0.7764, 0.685, 0.6531, 0.2499]"
nonlinear_classification,2,E: random replay,binary_classification,0.5937480958183391,0.3021208483393356,0.6837302949141831,0.669882723870059,0.06055534157877247,-0.03525498165406771,0.3021208483393356,0.35674269707883166,0.16309496539993235,0.15257391299996925,931.6494140625,931.6494140625,"[[0.7769, NaN, NaN, NaN, NaN, NaN], [0.7707, 0.8371, NaN, NaN, NaN, NaN], [0.8243, 0.8607, 0.9509, NaN, NaN, NaN], [0.8286, 0.8587, 0.9498, 0.6474, NaN, NaN], [0.858, 0.8367, 0.9245, 0.6692, 0.6265, NaN], [0.7962, 0.7845, 0.8806, 0.6128, 0.5885, 0.3567]]","[NaN, 0.5628, 0.8508, 0.6566, 0.5964, 0.3021]"
nonlinear_classification,3,Static,binary_classification,0.6219673998929067,0.4005400540054005,0.6219673998929067,0.6396054656672853,0.0,0.0,0.4005400540054005,0.4005400540054005,0.001328036799986876,0.1697145850000652,251.9248046875,251.9248046875,"[[0.7278, NaN, NaN, NaN, NaN, NaN], [0.7278, 0.6969, NaN, NaN, NaN, NaN], [0.7278, 0.6969, 0.7332, NaN, NaN, NaN], [0.7278, 0.6969, 0.7332, 0.5956, NaN, NaN], [0.7278, 0.6969, 0.7332, 0.5956, 0.6836, NaN], [0.7278, 0.6969, 0.7332, 0.5956, 0.6836, 0.4005]]","[NaN, 0.6969, 0.7332, 0.5956, 0.6836, 0.4005]"
nonlinear_classification,3,Naive incremental,binary_classification,0.5779336950582012,0.3499349934993501,0.6612649107656104,0.34276937319729167,0.39550082183669605,-0.39550082183669605,0.3499349934993501,0.49714971497149696,0.13601215119997506,0.20798114400008672,115.4638671875,251.9248046875,"[[0.7278, NaN, NaN, NaN, NaN, NaN], [0.6648, 0.8509, NaN, NaN, NaN, NaN], [0.5619, 0.586, 0.7629, NaN, NaN, NaN], [0.5776, 0.5364, 0.6007, 0.6061, NaN, NaN], [0.6623, 0.7077, 0.5129, 0.4855, 0.5892, NaN], [0.3347, 0.212, 0.3827, 0.3066, 0.3235, 0.4971]]","[NaN, 0.6969, 0.5614, 0.6614, 0.6201, 0.3499]"
nonlinear_classification,3,Standard replay (FIFO),binary_classification,0.6293586132139162,0.42614261426142597,0.7030246785692965,0.5703425063121755,0.17814084153925144,-0.16417282990252136,0.42614261426142597,0.5755575557555754,0.20283101299996814,0.2095480549999138,259.4013671875,420.4482421875,"[[0.7278, NaN, NaN, NaN, NaN, NaN], [0.7569, 0.8639, NaN, NaN, NaN, NaN], [0.7341, 0.8962, 0.795, NaN, NaN, NaN], [0.6562, 0.6803, 0.8034, 0.6795, NaN, NaN], [0.7236, 0.6786, 0.6648, 0.6629, 0.6012, NaN], [0.6416, 0.4296, 0.6621, 0.5763, 0.5368, 0.5756]]","[NaN, 0.6969, 0.7419, 0.669, 0.6128, 0.4261]"
nonlinear_classification,3,Full retrain oracle*,binary_classification,0.6145405536405026,0.3785378537853785,0.7124417251968257,0.7321989265718218,0.0024155894331970183,0.020637827781524808,0.3785378537853785,0.5219521952195219,0.3635676698000225,0.19747153999992406,1333.7529296875,1333.7529296875,"[[0.7278, NaN, NaN, NaN, NaN, NaN], [0.7671, 0.8682, NaN, NaN, NaN, NaN], [0.7573, 0.8816, 0.811, NaN, NaN, NaN], [0.8071, 0.882, 0.8286, 0.7261, NaN, NaN], [0.8117, 0.8747, 0.8034, 0.681, 0.6349, NaN], [0.8004, 0.8703, 0.8091, 0.7362, 0.6551, 0.522]]","[NaN, 0.6969, 0.6793, 0.674, 0.6439, 0.3785]"
nonlinear_classification,3,ADAPT-X (proposed),binary_classification,0.6146240633244344,0.34073407340734074,0.6781951231168989,0.681674643763829,0.032655495588647686,-0.007585906286045318,0.34073407340734074,0.4545454545454546,0.14224417499999617,0.1616646429999946,809.4970703125,809.4970703125,"[[0.737, NaN, NaN, NaN, NaN, NaN], [0.7977, 0.8965, NaN, NaN, NaN, NaN], [0.818, 0.8589, 0.7416, NaN, NaN, NaN], [0.7577, 0.8829, 0.7683, 0.6553, NaN, NaN], [0.7692, 0.887, 0.7526, 0.673, 0.6431, NaN], [0.7732, 0.8829, 0.7515, 0.5925, 0.6355, 0.4545]]","[NaN, 0.7062, 0.7419, 0.6789, 0.6054, 0.3407]"
nonlinear_classification,3,A: no drift detection,binary_classification,0.6276472815797671,0.38453845384538443,0.6749548920293809,0.6452521638585825,0.07014926483380232,-0.04805265108482302,0.38453845384538443,0.47614761476147605,0.19363934279995193,0.20238048599981084,907.5087890625,907.5087890625,"[[0.737, NaN, NaN, NaN, NaN, NaN], [0.8002, 0.8977, NaN, NaN, NaN, NaN], [0.828, 0.8654, 0.7282, NaN, NaN, NaN], [0.7952, 0.8494, 0.7477, 0.6625, NaN, NaN], [0.797, 0.8427, 0.7217, 0.6602, 0.6102, NaN], [0.7395, 0.7795, 0.6957, 0.6129, 0.5677, 0.4761]]","[NaN, 0.7062, 0.7442, 0.6826, 0.6207, 0.3845]"
nonlinear_classification,3,B: no replay (K=0),binary_classification,0.6300573733742713,0.38613861386138604,0.6699798307092026,0.5941397996003764,0.11942012325837928,-0.10441242687449206,0.38613861386138604,0.48354835483548353,0.1391194773999814,0.21811439899988727,762.4306640625,762.4306640625,"[[0.737, NaN, NaN, NaN, NaN, NaN], [0.7931, 0.8686, NaN, NaN, NaN, NaN], [0.8006, 0.8801, 0.7129, NaN, NaN, NaN], [0.6977, 0.8354, 0.6828, 0.6644, NaN, NaN], [0.7042, 0.7942, 0.6224, 0.6059, 0.6205, NaN], [0.6613, 0.7342, 0.6202, 0.516, 0.5497, 0.4835]]","[NaN, 0.7062, 0.7244, 0.6614, 0.6722, 0.3861]"
nonlinear_classification,3,C: no adaptive scaling,binary_classification,0.6283273495865678,0.3879387938793877,0.6784414963289085,0.64934712540546,0.07322909503544643,-0.04662530152809765,0.3879387938793877,0.48054805480548035,0.15655825180001556,0.18991101999995408,845.6806640625,845.6806640625,"[[0.737, NaN, NaN, NaN, NaN, NaN], [0.8002, 0.8977, NaN, NaN, NaN, NaN], [0.828, 0.8654, 0.7282, NaN, NaN, NaN], [0.7952, 0.8494, 0.7477, 0.6625, NaN, NaN], [0.809, 0.8647, 0.7576, 0.6751, 0.6233, NaN], [0.7883, 0.7979, 0.716, 0.513, 0.6004, 0.4805]]","[NaN, 0.7062, 0.7442, 0.6826, 0.6207, 0.3879]"
nonlinear_classification,3,D: no stable persistent state,binary_classification,0.6077997949401026,0.3523352335233523,0.664257280229031,0.6303083417034808,0.09060321075315043,-0.05528762587059517,0.3523352335233523,0.4893489348934892,0.2427312142000119,0.20307609499991486,437.49609375,531.67578125,"[[0.737, NaN, NaN, NaN, NaN, NaN], [0.8025, 0.8826, NaN, NaN, NaN, NaN], [0.6985, 0.8015, 0.6579, NaN, NaN, NaN], [0.6943, 0.7955, 0.769, 0.7236, NaN, NaN], [0.7155, 0.7659, 0.6232, 0.5439, 0.5677, NaN], [0.7169, 0.6932, 0.7591, 0.5561, 0.5671, 0.4893]]","[NaN, 0.7062, 0.7293, 0.6562, 0.595, 0.3523]"
nonlinear_classification,3,E: random replay,binary_classification,0.6315714991262258,0.3773377337733772,0.6801145348902764,0.6742268423617362,0.04635427448225267,-0.018442679741934143,0.3773377337733772,0.44814481448144816,0.1563420627999676,0.17798155599984966,939.1337890625,939.1337890625,"[[0.737, NaN, NaN, NaN, NaN, NaN], [0.8138, 0.9016, NaN, NaN, NaN, NaN], [0.8284, 0.888, 0.7427, NaN, NaN, NaN], [0.7855, 0.8971, 0.7458, 0.6608, NaN, NaN], [0.7966, 0.8999, 0.7656, 0.686, 0.6473, NaN], [0.7705, 0.8276, 0.7332, 0.6467, 0.6192, 0.4481]]","[NaN, 0.7062, 0.7244, 0.673, 0.677, 0.3773]"
nonlinear_classification,4,Static,binary_classification,0.5751910773524489,0.4151378446115286,0.5751910773524489,0.5877823749806345,0.0,0.0,0.4151378446115286,0.4151378446115286,0.0014847215999907349,0.16892981000000873,218.9873046875,218.9873046875,"[[0.6507, NaN, NaN, NaN, NaN, NaN], [0.6507, 0.5517, NaN, NaN, NaN, NaN], [0.6507, 0.5517, 0.7819, NaN, NaN, NaN], [0.6507, 0.5517, 0.7819, 0.6646, NaN, NaN], [0.6507, 0.5517, 0.7819, 0.6646, 0.4626, NaN], [0.6507, 0.5517, 0.7819, 0.6646, 0.4626, 0.4151]]","[NaN, 0.5517, 0.7819, 0.6646, 0.4626, 0.4151]"
nonlinear_classification,4,Naive incremental,binary_classification,0.4958487735475394,0.41028571428571436,0.6314037724698736,0.3735085615667268,0.3133412712141138,-0.3133412712141138,0.4247619047619049,0.5101754385964912,0.1472659716000635,0.14942302999997992,112.7373046875,218.9873046875,"[[0.6507, NaN, NaN, NaN, NaN, NaN], [0.4855, 0.8212, NaN, NaN, NaN, NaN], [0.5882, 0.5789, 0.8057, NaN, NaN, NaN], [0.6138, 0.526, 0.723, 0.6639, NaN, NaN], [0.6294, 0.6846, 0.6928, 0.6303, 0.356, NaN], [0.3026, 0.35, 0.5602, 0.2652, 0.2528, 0.5102]]","[NaN, 0.5517, 0.4103, 0.5799, 0.5126, 0.4248]"
nonlinear_classification,4,Standard replay (FIFO),binary_classification,0.5684180494485152,0.46225563909774436,0.6604931126707887,0.5432472147685204,0.15000739721091838,-0.13874422757287658,0.46225563909774436,0.5077694235588974,0.19285695799994756,0.19527141599996867,252.4169921875,437.9091796875,"[[0.6507, NaN, NaN, NaN, NaN, NaN], [0.6093, 0.8632, NaN, NaN, NaN, NaN], [0.6367, 0.7914, 0.8327, NaN, NaN, NaN], [0.6531, 0.5032, 0.8866, 0.7047, NaN, NaN], [0.6218, 0.6725, 0.7637, 0.6345, 0.3941, NaN], [0.5632, 0.6518, 0.7097, 0.4218, 0.4052, 0.5078]]","[NaN, 0.5517, 0.6923, 0.5944, 0.5414, 0.4623]"
nonlinear_classification,4,Full retrain oracle*,binary_classification,0.632407935892241,0.5312280701754386,0.7138386002201316,0.7313533377311036,0.0015528928931733076,0.03363763243288043,0.5312280701754386,0.591578947368421,0.42147705699999277,0.18180906100019456,1354.8623046875,1354.8623046875,"[[0.6507, NaN, NaN, NaN, NaN, NaN], [0.6846, 0.8419, NaN, NaN, NaN, NaN], [0.7474, 0.8732, 0.9109, NaN, NaN, NaN], [0.745, 0.8522, 0.9287, 0.7089, NaN, NaN], [0.7528, 0.8764, 0.9355, 0.7236, 0.516, NaN], [0.7728, 0.8423, 0.9323, 0.7522, 0.4968, 0.5916]]","[NaN, 0.5517, 0.8181, 0.7049, 0.5561, 0.5312]"
nonlinear_classification,4,ADAPT-X (proposed),binary_classification,0.6087873868646022,0.4272462517527773,0.7087161107936721,0.7074388571994312,0.0213604687947234,0.004669583750078354,0.5743358395989975,0.5957894736842106,0.14732677519996287,0.08851471299999503,692.7001953125,692.7001953125,"[[0.6777, NaN, NaN, NaN, NaN, NaN], [0.7398, 0.8056, NaN, NaN, NaN, NaN], [0.7776, 0.7976, 0.8679, NaN, NaN, NaN], [0.7424, 0.7957, 0.8921, 0.7196, NaN, NaN], [0.7539, 0.8117, 0.861, 0.6969, 0.5546, NaN], [0.7424, 0.7886, 0.8633, 0.6921, 0.5624, 0.5958]]","[NaN, 0.4272, 0.7298, 0.7488, 0.5637, 0.5743]"
nonlinear_classification,4,A: no drift detection,binary_classification,0.5895601237509542,0.4272462517527773,0.6801713771689325,0.6282474259481198,0.09063962066083273,-0.06181540012675559,0.5143859649122806,0.5544862155388472,0.12231105799992292,0.08189879799988375,664.7119140625,664.7119140625,"[[0.6777, NaN, NaN, NaN, NaN, NaN], [0.7362, 0.8082, NaN, NaN, NaN, NaN], [0.7506, 0.786, 0.8656, NaN, NaN, NaN], [0.7536, 0.7854, 0.8889, 0.7087, NaN, NaN], [0.7295, 0.8531, 0.8583, 0.7043, 0.4639, NaN], [0.6443, 0.7614, 0.8245, 0.5675, 0.4174, 0.5545]]","[NaN, 0.4272, 0.7294, 0.7303, 0.5464, 0.5144]"
nonlinear_classification,4,B: no replay (K=0),binary_classification,0.5511099463528564,0.4272462517527773,0.6368928543360515,0.6350865509181846,0.026247030697455508,-0.010329927329796762,0.44360902255639134,0.5418546365914787,0.1494488074000401,0.12053249000018695,764.6103515625,764.6103515625,"[[0.6777, NaN, NaN, NaN, NaN, NaN], [0.729, 0.794, NaN, NaN, NaN, NaN], [0.7293, 0.7851, 0.861, NaN, NaN, NaN], [0.6257, 0.7437, 0.8267, 0.5946, NaN, NaN], [0.6244, 0.8132, 0.7669, 0.6034, 0.393, NaN], [0.6997, 0.7482, 0.7701, 0.5712, 0.4794, 0.5419]]","[NaN, 0.4272, 0.7399, 0.6671, 0.4777, 0.4436]"
nonlinear_classification,4,C: no adaptive scaling,binary_classification,0.5895601237509542,0.4272462517527773,0.6801713771689325,0.6282474259481198,0.09063962066083273,-0.06181540012675559,0.5143859649122806,0.5544862155388472,0.1290806899999552,0.12509165999995275,664.7119140625,664.7119140625,"[[0.6777, NaN, NaN, NaN, NaN, NaN], [0.7362, 0.8082, NaN, NaN, NaN, NaN], [0.7506, 0.786, 0.8656, NaN, NaN, NaN], [0.7536, 0.7854, 0.8889, 0.7087, NaN, NaN], [0.7295, 0.8531, 0.8583, 0.7043, 0.4639, NaN], [0.6443, 0.7614, 0.8245, 0.5675, 0.4174, 0.5545]]","[NaN, 0.4272, 0.7294, 0.7303, 0.5464, 0.5144]"
nonlinear_classification,4,D: no stable persistent state,binary_classification,0.5556708092920454,0.4272462517527773,0.6444785905975534,0.5727083313743244,0.09276952704393104,-0.09276952704393104,0.4395989974937342,0.5041604010025063,0.22164901840001222,0.11136668700009977,381.52734375,501.0859375,"[[0.6777, NaN, NaN, NaN, NaN, NaN], [0.6305, 0.8285, NaN, NaN, NaN, NaN], [0.5595, 0.767, 0.7842, NaN, NaN, NaN], [0.6736, 0.6587, 0.7755, 0.6591, NaN, NaN], [0.646, 0.6581, 0.6878, 0.6398, 0.4464, NaN], [0.5811, 0.6872, 0.7115, 0.4584, 0.4939, 0.5042]]","[NaN, 0.4272, 0.7806, 0.5918, 0.5391, 0.4396]"
nonlinear_classification,4,E: random replay,binary_classification,0.60188711676944,0.4272462517527773,0.7035185109607431,0.6984578519814152,0.02919700297045873,-0.0009100226786116661,0.46686716791979954,0.5520802005012531,0.1321567593999589,0.09490226000002622,668.2470703125,668.2470703125,"[[0.6777, NaN, NaN, NaN, NaN, NaN], [0.7433, 0.8093, NaN, NaN, NaN, NaN], [0.7193, 0.8248, 0.8336, NaN, NaN, NaN], [0.7017, 0.8341, 0.8629, 0.736, NaN, NaN], [0.7148, 0.8559, 0.8194, 0.6974, 0.5866, NaN], [0.7208, 0.7703, 0.8254, 0.6948, 0.6274, 0.5521]]","[NaN, 0.4272, 0.7486, 0.7367, 0.6301, 0.4669]"
interaction_classification,0,Static,binary_classification,0.6322561348597111,0.4841943734015346,0.6322561348597111,0.6355743151367013,0.0,0.0,0.4841943734015346,0.4841943734015346,0.0010045240000181367,0.10747661299978972,152.8115234375,152.8115234375,"[[0.6522, NaN, NaN, NaN, NaN, NaN], [0.6522, 0.7713, NaN, NaN, NaN, NaN], [0.6522, 0.7713, 0.7557, NaN, NaN, NaN], [0.6522, 0.7713, 0.7557, 0.6148, NaN, NaN], [0.6522, 0.7713, 0.7557, 0.6148, 0.5353, NaN], [0.6522, 0.7713, 0.7557, 0.6148, 0.5353, 0.4842]]","[NaN, 0.7713, 0.7557, 0.6148, 0.5353, 0.4842]"
interaction_classification,0,Naive incremental,binary_classification,0.45676034040166186,0.17978896103896091,0.6468376612806119,0.180440434297195,0.564948914197539,-0.5607421834283084,0.2918670076726344,0.47109974424552425,0.13056132439996873,0.10575479299996005,294.6435546875,294.6435546875,"[[0.6522, NaN, NaN, NaN, NaN, NaN], [0.4033, 0.9455, NaN, NaN, NaN, NaN], [0.4109, 0.6124, 0.9374, NaN, NaN, NaN], [0.4281, 0.3938, 0.4308, 0.4914, NaN, NaN], [0.5524, 0.6118, 0.4602, 0.5124, 0.3888, NaN], [0.0513, 0.2016, 0.1621, 0.2053, -0.0087, 0.4711]]","[NaN, 0.7713, 0.6404, 0.4004, 0.1798, 0.2919]"
interaction_classification,0,Standard replay (FIFO),binary_classification,0.5897560356672262,0.3825063938618929,0.7071289811057008,0.47182722883260153,0.27136934981090927,-0.27136934981090927,0.3825063938618929,0.5261381074168798,0.170576837399949,0.09582465800008322,253.3857421875,451.5068359375,"[[0.6522, NaN, NaN, NaN, NaN, NaN], [0.5916, 0.9667, NaN, NaN, NaN, NaN], [0.5436, 0.9094, 0.8977, NaN, NaN, NaN], [0.5716, 0.727, 0.8305, 0.7155, NaN, NaN], [0.5432, 0.6121, 0.6595, 0.6494, 0.4296, NaN], [0.3369, 0.4478, 0.5274, 0.6378, 0.3549, 0.5261]]","[NaN, 0.7713, 0.7125, 0.5913, 0.4911, 0.3825]"
interaction_classification,0,Full retrain oracle*,binary_classification,0.6419842925558468,0.39375959079283884,0.7332699091101645,0.7095178955477411,0.031130218901600858,-0.012281477757205783,0.39375959079283884,0.5140664961636827,0.4072354752000592,0.0890963560000273,1543.4560546875,1543.4560546875,"[[0.6522, NaN, NaN, NaN, NaN, NaN], [0.6084, 0.9627, NaN, NaN, NaN, NaN], [0.7388, 0.9492, 0.8901, NaN, NaN, NaN], [0.7152, 0.9472, 0.8824, 0.7514, NaN, NaN], [0.705, 0.9571, 0.8977, 0.7322, 0.5481, NaN], [0.7064, 0.9424, 0.8683, 0.6472, 0.5787, 0.5141]]","[NaN, 0.7713, 0.7946, 0.7011, 0.5491, 0.3938]"
interaction_classification,0,ADAPT-X (proposed),binary_classification,0.5691015534947474,0.3155438311688312,0.6483200098910386,0.5944929100826767,0.07009523897003614,-0.046879712911338564,0.4445012787723783,0.4835805626598466,0.10188412040001822,0.17919777699989936,665.4150390625,665.4150390625,"[[0.5598, NaN, NaN, NaN, NaN, NaN], [0.6146, 0.9195, NaN, NaN, NaN, NaN], [0.5966, 0.9238, 0.7916, NaN, NaN, NaN], [0.6506, 0.9001, 0.6644, 0.6685, NaN, NaN], [0.6396, 0.8837, 0.7194, 0.6895, 0.3784, NaN], [0.5956, 0.8247, 0.6496, 0.6567, 0.3569, 0.4836]]","[NaN, 0.6285, 0.7435, 0.7135, 0.3155, 0.4445]"
interaction_classification,0,A: no drift detection,binary_classification,0.5843762859379467,0.3940746753246753,0.6609222885014974,0.5960088193190968,0.06870664904372284,-0.05766290043809308,0.4449104859335038,0.48173913043478245,0.10524412720001237,0.1668532099999993,666.9853515625,666.9853515625,"[[0.5598, NaN, NaN, NaN, NaN, NaN], [0.6062, 0.9201, NaN, NaN, NaN, NaN], [0.5832, 0.9091, 0.7881, NaN, NaN, NaN], [0.5992, 0.867, 0.6961, 0.6881, NaN, NaN], [0.5308, 0.8744, 0.7446, 0.6969, 0.4265, NaN], [0.527, 0.7843, 0.6965, 0.648, 0.4385, 0.4817]]","[NaN, 0.6285, 0.7427, 0.7117, 0.3941, 0.4449]"
interaction_classification,0,B: no replay (K=0),binary_classification,0.5611023048306716,0.36404220779220764,0.6621149589755394,0.5123386021338674,0.18054250066670838,-0.15925983153441042,0.45002557544757016,0.5249104859335036,0.1475788000000648,0.13558430499983842,866.5126953125,866.5126953125,"[[0.5598, NaN, NaN, NaN, NaN, NaN], [0.5422, 0.9094, NaN, NaN, NaN, NaN], [0.5422, 0.8995, 0.8546, NaN, NaN, NaN], [0.6644, 0.725, 0.7458, 0.623, NaN, NaN], [0.6418, 0.7174, 0.79, 0.6248, 0.3987, NaN], [0.4879, 0.6042, 0.6056, 0.5403, 0.3111, 0.5249]]","[NaN, 0.6285, 0.7206, 0.6424, 0.364, 0.45]"
interaction_classification,0,C: no adaptive scaling,binary_classification,0.5843762859379467,0.3940746753246753,0.6609222885014974,0.5960088193190968,0.06870664904372284,-0.05766290043809308,0.4449104859335038,0.48173913043478245,0.11007264340000802,0.1716902350001419,666.9853515625,666.9853515625,"[[0.5598, NaN, NaN, NaN, NaN, NaN], [0.6062, 0.9201, NaN, NaN, NaN, NaN], [0.5832, 0.9091, 0.7881, NaN, NaN, NaN], [0.5992, 0.867, 0.6961, 0.6881, NaN, NaN], [0.5308, 0.8744, 0.7446, 0.6969, 0.4265, NaN], [0.527, 0.7843, 0.6965, 0.648, 0.4385, 0.4817]]","[NaN, 0.6285, 0.7427, 0.7117, 0.3941, 0.4449]"
interaction_classification,0,D: no stable persistent state,binary_classification,0.549066613140582,0.3647058823529412,0.6555848109590439,0.5294779172676362,0.15614329285921963,-0.1321625053573925,0.3647058823529412,0.5175447570332481,0.21986021939997044,0.12694617399984054,383.28515625,460.20703125,"[[0.5598, NaN, NaN, NaN, NaN, NaN], [0.583, 0.93, NaN, NaN, NaN, NaN], [0.4765, 0.8922, 0.8271, NaN, NaN, NaN], [0.6184, 0.9156, 0.6431, 0.5717, NaN, NaN], [0.5674, 0.7708, 0.4965, 0.633, 0.4316, NaN], [0.4801, 0.6815, 0.677, 0.5012, 0.3194, 0.5175]]","[NaN, 0.6285, 0.7427, 0.5833, 0.4261, 0.3647]"
interaction_classification,0,E: random replay,binary_classification,0.5937159368725926,0.43672634271099775,0.6820561292995704,0.6434856764169076,0.05203522609782363,-0.021824512718793355,0.43672634271099775,0.4856265984654733,0.12207061280000744,0.14848589200005335,763.5400390625,763.5400390625,"[[0.5598, NaN, NaN, NaN, NaN, NaN], [0.5836, 0.93, NaN, NaN, NaN, NaN], [0.6162, 0.9286, 0.8511, NaN, NaN, NaN], [0.6852, 0.8721, 0.7076, 0.6807, NaN, NaN], [0.6682, 0.8984, 0.7316, 0.7063, 0.4629, NaN], [0.6732, 0.8029, 0.7041, 0.7005, 0.4945, 0.4856]]","[NaN, 0.6285, 0.7458, 0.7053, 0.4523, 0.4367]"
interaction_classification,1,Static,binary_classification,0.5840155641748372,0.42375939849624067,0.5840155641748372,0.5919929200203845,0.0,0.0,0.42375939849624067,0.42375939849624067,0.0011312218000057328,0.20020451400000638,310.3193359375,310.3193359375,"[[0.6319, NaN, NaN, NaN, NaN, NaN], [0.6319, 0.8061, NaN, NaN, NaN, NaN], [0.6319, 0.8061, 0.7084, NaN, NaN, NaN], [0.6319, 0.8061, 0.7084, 0.4507, NaN, NaN], [0.6319, 0.8061, 0.7084, 0.4507, 0.5311, NaN], [0.6319, 0.8061, 0.7084, 0.4507, 0.5311, 0.4238]]","[NaN, 0.8061, 0.7084, 0.4507, 0.5311, 0.4238]"
interaction_classification,1,Naive incremental,binary_classification,0.4320123605841187,0.2427067669172931,0.6030326098006858,0.17539359618626116,0.5189362342267965,-0.5189362342267965,0.2427067669172931,0.4458145363408521,0.11665039599997726,0.21051657199996043,127.7607421875,310.3193359375,"[[0.6319, NaN, NaN, NaN, NaN, NaN], [0.4492, 0.8443, NaN, NaN, NaN, NaN], [0.4123, 0.6944, 0.788, NaN, NaN, NaN], [0.4745, 0.5748, 0.4254, 0.5242, NaN, NaN], [0.4292, 0.5431, 0.6272, 0.416, 0.4127, NaN], [0.0075, 0.146, 0.1435, 0.0879, 0.2216, 0.4458]]","[NaN, 0.8061, 0.3662, 0.3689, 0.3761, 0.2427]"
interaction_classification,1,Standard replay (FIFO),binary_classification,0.5591123787792909,0.3030576441102757,0.6430719654103585,0.4276232289831623,0.2672072986506139,-0.25630003048018785,0.3030576441102757,0.43438596491228076,0.26269656999993457,0.2118043170000874,253.3857421875,649.5654296875,"[[0.6319, NaN, NaN, NaN, NaN, NaN], [0.5733, 0.8942, NaN, NaN, NaN, NaN], [0.6864, 0.8693, 0.8764, NaN, NaN, NaN], [0.5056, 0.7336, 0.8243, 0.5663, NaN, NaN], [0.4859, 0.578, 0.716, 0.5392, 0.4441, NaN], [0.2894, 0.4397, 0.645, 0.3853, 0.3719, 0.4344]]","[NaN, 0.8061, 0.6762, 0.4943, 0.5158, 0.3031]"
interaction_classification,1,Full retrain oracle*,binary_classification,0.6175205011977409,0.4379949874686717,0.6954824971463708,0.6810176407131925,0.02896074576109875,-0.0046372681401640305,0.4379949874686717,0.503157894736842,0.38961679859994547,0.22618358900012936,1284.3779296875,1284.3779296875,"[[0.6319, NaN, NaN, NaN, NaN, NaN], [0.6533, 0.8945, NaN, NaN, NaN, NaN], [0.6954, 0.902, 0.9229, NaN, NaN, NaN], [0.7313, 0.8797, 0.88, 0.5715, NaN, NaN], [0.69, 0.9064, 0.9331, 0.559, 0.5854, NaN], [0.6882, 0.8976, 0.8948, 0.5149, 0.5874, 0.5032]]","[NaN, 0.8061, 0.6399, 0.5762, 0.6274, 0.438]"
interaction_classification,1,ADAPT-X (proposed),binary_classification,0.553238775792437,0.37323308270676714,0.6523560260607351,0.5583183137699396,0.1226377389057602,-0.10662467610322372,0.37323308270676714,0.4805012531328321,0.1509194541999932,0.12062755800002378,826.0673828125,826.0673828125,"[[0.6213, NaN, NaN, NaN, NaN, NaN], [0.6283, 0.8724, NaN, NaN, NaN, NaN], [0.6838, 0.8841, 0.8728, NaN, NaN, NaN], [0.6391, 0.8443, 0.7482, 0.5238, NaN, NaN], [0.6896, 0.8449, 0.7932, 0.5036, 0.5122, NaN], [0.4927, 0.7095, 0.7451, 0.4806, 0.4415, 0.4805]]","[NaN, 0.6707, 0.6823, 0.5291, 0.5108, 0.3732]"
interaction_classification,1,A: no drift detection,binary_classification,0.5682247216387866,0.38927318295739344,0.6612715205899471,0.5595853291103888,0.12790563858346699,-0.11401975222389646,0.38927318295739344,0.41834586466165424,0.12900314160001472,0.12779897699988396,652.5791015625,652.5791015625,"[[0.6213, NaN, NaN, NaN, NaN, NaN], [0.6209, 0.8737, NaN, NaN, NaN, NaN], [0.6836, 0.8792, 0.8412, NaN, NaN, NaN], [0.6738, 0.8547, 0.7799, 0.5683, NaN, NaN], [0.6788, 0.8503, 0.786, 0.5699, 0.6049, NaN], [0.5278, 0.7404, 0.6476, 0.5192, 0.5042, 0.4183]]","[NaN, 0.6707, 0.6813, 0.5325, 0.5673, 0.3893]"
interaction_classification,1,B: no replay (K=0),binary_classification,0.5409007883805825,0.3628070175438598,0.6245660966201927,0.5327543817421202,0.11537369643197995,-0.10951146509606442,0.3628070175438598,0.3806516290726818,0.13266276160002236,0.07184548800000812,750.3759765625,750.3759765625,"[[0.6213, NaN, NaN, NaN, NaN, NaN], [0.6455, 0.8501, NaN, NaN, NaN, NaN], [0.6068, 0.7991, 0.7758, NaN, NaN, NaN], [0.5587, 0.6055, 0.6205, 0.5814, NaN, NaN], [0.6024, 0.58, 0.7063, 0.5865, 0.5349, NaN], [0.5102, 0.546, 0.6793, 0.5574, 0.5231, 0.3807]]","[NaN, 0.6707, 0.6231, 0.5568, 0.4911, 0.3628]"
interaction_classification,1,C: no adaptive scaling,binary_classification,0.5630918895585861,0.3636090225563908,0.6655492876636458,0.5616504241411913,0.133896982969789,-0.11581940526063236,0.3636090225563908,0.46666666666666656,0.10424319799999467,0.10837925999999243,608.8603515625,608.8603515625,"[[0.6213, NaN, NaN, NaN, NaN, NaN], [0.6209, 0.8737, NaN, NaN, NaN, NaN], [0.6836, 0.8792, 0.8412, NaN, NaN, NaN], [0.6738, 0.8547, 0.7799, 0.5683, NaN, NaN], [0.6904, 0.8584, 0.8121, 0.584, 0.5779, NaN], [0.4556, 0.7162, 0.6267, 0.5505, 0.5542, 0.4667]]","[NaN, 0.6707, 0.6813, 0.5325, 0.5673, 0.3636]"
interaction_classification,1,D: no stable persistent state,binary_classification,0.5244860770360709,0.2348872180451127,0.6184878370393212,0.47370229805701153,0.17806512949622055,-0.17429570593732335,0.2348872180451127,0.4195488721804512,0.22240331200000582,0.10994292099985614,274.71484375,513.4453125,"[[0.6213, NaN, NaN, NaN, NaN, NaN], [0.5527, 0.8883, NaN, NaN, NaN, NaN], [0.6401, 0.8714, 0.8131, NaN, NaN, NaN], [0.5661, 0.8493, 0.6517, 0.5297, NaN, NaN], [0.4598, 0.8139, 0.593, 0.5273, 0.4419, NaN], [0.374, 0.5122, 0.6384, 0.4527, 0.4453, 0.4195]]","[NaN, 0.6707, 0.6915, 0.5018, 0.5235, 0.2349]"
interaction_classification,1,E: random replay,binary_classification,0.5769196887986631,0.39929824561403504,0.6828575167150557,0.5950654314365097,0.09724015187344963,-0.09302962555766019,0.39929824561403504,0.4736842105263157,0.1923501841999496,0.07223529700013387,1097.2314453125,1097.2314453125,"[[0.6213, NaN, NaN, NaN, NaN, NaN], [0.6263, 0.8794, NaN, NaN, NaN, NaN], [0.6423, 0.8659, 0.8953, NaN, NaN, NaN], [0.6385, 0.842, 0.8534, 0.6022, NaN, NaN], [0.6203, 0.849, 0.8514, 0.581, 0.5637, NaN], [0.5266, 0.7186, 0.8534, 0.5341, 0.464, 0.4737]]","[NaN, 0.6707, 0.716, 0.5574, 0.5412, 0.3993]"
interaction_classification,2,Static,binary_classification,0.5659149652119436,0.33924790805524774,0.5659149652119436,0.5787053148141413,0.0,0.0,0.33924790805524774,0.33924790805524774,0.0009282166000048164,0.35477734599999167,507.5771484375,507.5771484375,"[[0.6427, NaN, NaN, NaN, NaN, NaN], [0.6427, 0.7613, NaN, NaN, NaN, NaN], [0.6427, 0.7613, 0.6678, NaN, NaN, NaN], [0.6427, 0.7613, 0.6678, 0.5004, NaN, NaN], [0.6427, 0.7613, 0.6678, 0.5004, 0.5609, NaN], [0.6427, 0.7613, 0.6678, 0.5004, 0.5609, 0.3392]]","[NaN, 0.7613, 0.6678, 0.5004, 0.5609, 0.3392]"
interaction_classification,2,Naive incremental,binary_classification,0.39230368384473885,0.22581845238095233,0.5916654320374678,0.26328254222472247,0.4042577939328268,-0.4042577939328268,0.2533521524347213,0.47293073898578486,0.12452286579991778,0.3703735300000517,116.0966796875,507.5771484375,"[[0.6427, NaN, NaN, NaN, NaN, NaN], [0.3609, 0.8786, NaN, NaN, NaN, NaN], [0.4094, 0.5631, 0.6789, NaN, NaN, NaN], [0.3802, 0.4803, 0.4111, 0.6036, NaN, NaN], [0.387, 0.1236, 0.3371, 0.3617, 0.3243, NaN], [0.2269, 0.4767, 0.0573, 0.1543, 0.1916, 0.4729]]","[NaN, 0.7613, 0.2258, 0.3111, 0.4099, 0.2534]"
interaction_classification,2,Standard replay (FIFO),binary_classification,0.4967264032923328,0.3463346334633466,0.6566106736159164,0.4886469054727956,0.19980590362398876,-0.1987657996135877,0.359209597741708,0.46284907752797677,0.1984491676000289,0.36246167800004514,277.8310546875,589.6083984375,"[[0.6427, NaN, NaN, NaN, NaN, NaN], [0.5364, 0.897, NaN, NaN, NaN, NaN], [0.5558, 0.8939, 0.8482, NaN, NaN, NaN], [0.582, 0.6969, 0.814, 0.5562, NaN, NaN], [0.5662, 0.5245, 0.5577, 0.5614, 0.5188, NaN], [0.5044, 0.6049, 0.5011, 0.3905, 0.4681, 0.4628]]","[NaN, 0.7613, 0.4639, 0.3463, 0.5529, 0.3592]"
interaction_classification,2,Full retrain oracle*,binary_classification,0.6083058355107692,0.3684847262828914,0.7030759819384074,0.687418121000552,0.026907503113746633,-0.006705649302771066,0.3684847262828914,0.43260409315455184,0.4921369400000003,0.27769982700010587,1406.7919921875,1406.7919921875,"[[0.6427, NaN, NaN, NaN, NaN, NaN], [0.6457, 0.9211, NaN, NaN, NaN, NaN], [0.6303, 0.9167, 0.907, NaN, NaN, NaN], [0.6655, 0.9466, 0.9509, 0.5972, NaN, NaN], [0.6743, 0.9369, 0.9267, 0.5566, 0.6575, NaN], [0.6363, 0.922, 0.9386, 0.5846, 0.6104, 0.4326]]","[NaN, 0.7613, 0.715, 0.5288, 0.668, 0.3685]"
interaction_classification,2,ADAPT-X (proposed),binary_classification,0.5978371910471552,0.37977618711563665,0.6422971258644619,0.5885301030226218,0.06472342398114668,-0.05766964569469848,0.37977618711563665,0.4148603689888093,0.1436645051999676,0.1338954670000021,805.9462890625,805.9462890625,"[[0.608, NaN, NaN, NaN, NaN, NaN], [0.6132, 0.8956, NaN, NaN, NaN, NaN], [0.6385, 0.9004, 0.8084, NaN, NaN, NaN], [0.6014, 0.8983, 0.7768, 0.5394, NaN, NaN], [0.613, 0.8868, 0.7046, 0.5118, 0.5533, NaN], [0.6, 0.8609, 0.6626, 0.513, 0.4799, 0.4149]]","[NaN, 0.8567, 0.6618, 0.531, 0.5599, 0.3798]"
interaction_classification,2,A: no drift detection,binary_classification,0.5885567100470519,0.35961286420002003,0.6421194030472348,0.5699206105113975,0.08137778477571489,-0.07982331389094081,0.35961286420002003,0.39489867930234923,0.13186680059993705,0.16515208400005577,770.9267578125,770.9267578125,"[[0.608, NaN, NaN, NaN, NaN, NaN], [0.6052, 0.8927, NaN, NaN, NaN, NaN], [0.6112, 0.897, 0.8006, NaN, NaN, NaN], [0.5656, 0.8747, 0.7727, 0.5706, NaN, NaN], [0.5918, 0.8805, 0.7228, 0.5708, 0.5519, NaN], [0.6092, 0.8366, 0.6153, 0.4691, 0.4943, 0.3949]]","[NaN, 0.8567, 0.667, 0.518, 0.5415, 0.3596]"
interaction_classification,2,B: no replay (K=0),binary_classification,0.5601606212973401,0.37150922472023407,0.6212391452408708,0.44956689979119063,0.21065042211409102,-0.20336750894882488,0.37150922472023407,0.39872971065631635,0.11353314159996444,0.16878226900007576,695.5087890625,695.5087890625,"[[0.608, NaN, NaN, NaN, NaN, NaN], [0.605, 0.9009, NaN, NaN, NaN, NaN], [0.6445, 0.8504, 0.8088, NaN, NaN, NaN], [0.5408, 0.7924, 0.5636, 0.5546, NaN, NaN], [0.5562, 0.6765, 0.5956, 0.4907, 0.4432, NaN], [0.4784, 0.5381, 0.3981, 0.4669, 0.4171, 0.3987]]","[NaN, 0.8567, 0.5677, 0.5222, 0.4827, 0.3715]"
interaction_classification,2,C: no adaptive scaling,binary_classification,0.5885567100470519,0.35961286420002003,0.6421194030472348,0.5699206105113975,0.08137778477571489,-0.07982331389094081,0.35961286420002003,0.39489867930234923,0.12533978500005105,0.10777390499993089,770.9267578125,770.9267578125,"[[0.608, NaN, NaN, NaN, NaN, NaN], [0.6052, 0.8927, NaN, NaN, NaN, NaN], [0.6112, 0.897, 0.8006, NaN, NaN, NaN], [0.5656, 0.8747, 0.7727, 0.5706, NaN, NaN], [0.5918, 0.8805, 0.7228, 0.5708, 0.5519, NaN], [0.6092, 0.8366, 0.6153, 0.4691, 0.4943, 0.3949]]","[NaN, 0.8567, 0.667, 0.518, 0.5415, 0.3596]"
interaction_classification,2,D: no stable persistent state,binary_classification,0.6097938858258652,0.37594515576166976,0.6671700564301256,0.5385025040745397,0.169465460131895,-0.142575694998061,0.37594515576166976,0.4916826292973082,0.2615051493999999,0.10090776600009121,369.22265625,648.2109375,"[[0.608, NaN, NaN, NaN, NaN, NaN], [0.7323, 0.925, NaN, NaN, NaN, NaN], [0.554, 0.8934, 0.8452, NaN, NaN, NaN], [0.6222, 0.9352, 0.6339, 0.5496, NaN, NaN], [0.5814, 0.8528, 0.5238, 0.4897, 0.5244, NaN], [0.5238, 0.7613, 0.4513, 0.4755, 0.5274, 0.4917]]","[NaN, 0.8567, 0.708, 0.5144, 0.594, 0.3759]"
interaction_classification,2,E: random replay,binary_classification,0.5814370272102597,0.35759653190845864,0.6588598239778436,0.6270780858772724,0.04796675340734713,-0.02797476438249964,0.35759653190845864,0.4184897671136203,0.14746906939999463,0.10399049299985563,833.8876953125,833.8876953125,"[[0.608, NaN, NaN, NaN, NaN, NaN], [0.6493, 0.8983, NaN, NaN, NaN, NaN], [0.6903, 0.9063, 0.8307, NaN, NaN, NaN], [0.6463, 0.916, 0.8051, 0.5994, NaN, NaN], [0.6713, 0.9085, 0.8017, 0.582, 0.5475, NaN], [0.619, 0.8936, 0.7269, 0.5842, 0.5202, 0.4185]]","[NaN, 0.8567, 0.6224, 0.5042, 0.5663, 0.3576]"
interaction_classification,3,Static,binary_classification,0.5426527654398955,0.37603843459113184,0.5426527654398955,0.5762039544914751,0.0,0.0,0.37603843459113184,0.37603843459113184,0.0010958922000554594,0.19685641599994597,283.2919921875,283.2919921875,"[[0.744, NaN, NaN, NaN, NaN, NaN], [0.744, 0.6442, NaN, NaN, NaN, NaN], [0.744, 0.6442, 0.7454, NaN, NaN, NaN], [0.744, 0.6442, 0.7454, 0.5046, NaN, NaN], [0.744, 0.6442, 0.7454, 0.5046, 0.443, NaN], [0.744, 0.6442, 0.7454, 0.5046, 0.443, 0.376]]","[NaN, 0.6442, 0.7454, 0.5046, 0.443, 0.376]"
interaction_classification,3,Naive incremental,binary_classification,0.45429674455279756,0.3254437869822484,0.5565776558686416,0.18728468652621574,0.4806280119870573,-0.4806280119870573,0.3842458212391151,0.4631168051246124,0.12559582700005195,0.1709565940000175,112.8701171875,283.2919921875,"[[0.744, NaN, NaN, NaN, NaN, NaN], [0.4073, 0.9128, NaN, NaN, NaN, NaN], [0.437, 0.5078, 0.7637, NaN, NaN, NaN], [0.4703, 0.584, 0.632, 0.4066, NaN, NaN], [0.5633, 0.5488, 0.4232, 0.3199, 0.2367, NaN], [0.1523, 0.0663, 0.3739, 0.0858, -0.0177, 0.4631]]","[NaN, 0.6442, 0.3254, 0.4974, 0.4202, 0.3842]"
interaction_classification,3,Standard replay (FIFO),binary_classification,0.5324366825748686,0.38464618156340724,0.6639783129516477,0.39780887435860174,0.33975161923905667,-0.33539964367120023,0.38464618156340724,0.4873386047442698,0.19896368920003624,0.2298264209998706,235.8310546875,494.6982421875,"[[0.744, NaN, NaN, NaN, NaN, NaN], [0.6838, 0.9315, NaN, NaN, NaN, NaN], [0.6405, 0.8883, 0.8492, NaN, NaN, NaN], [0.5844, 0.6302, 0.871, 0.6212, NaN, NaN], [0.6465, 0.4985, 0.5545, 0.466, 0.4306, NaN], [0.5288, 0.4109, 0.409, 0.3385, 0.2122, 0.4873]]","[NaN, 0.6442, 0.7381, 0.4588, 0.4364, 0.3846]"
interaction_classification,3,Full retrain oracle*,binary_classification,0.5730526985018066,0.4573115804223802,0.7186955145182271,0.7103087116072935,0.03265838818519344,-0.015117040539349568,0.4573115804223802,0.5321789610649585,0.4867303292000088,0.1849039889998494,1301.8388671875,1301.8388671875,"[[0.744, NaN, NaN, NaN, NaN, NaN], [0.7458, 0.9228, NaN, NaN, NaN, NaN], [0.7694, 0.9167, 0.9141, NaN, NaN, NaN], [0.7953, 0.9269, 0.9187, 0.6411, NaN, NaN], [0.823, 0.9126, 0.9114, 0.6321, 0.5834, NaN], [0.8099, 0.9201, 0.8752, 0.5888, 0.5356, 0.5322]]","[NaN, 0.6442, 0.7125, 0.553, 0.4981, 0.4573]"
interaction_classification,3,ADAPT-X (proposed),binary_classification,0.6102448306021523,0.42095238095238097,0.6331734687210274,0.5625712639816541,0.11059244776248414,-0.08947642312098725,0.5427885096586929,0.5371834651186069,0.134579145600037,0.22892859899980067,740.0751953125,740.0751953125,"[[0.6569, NaN, NaN, NaN, NaN, NaN], [0.7007, 0.9111, NaN, NaN, NaN, NaN], [0.7412, 0.9325, 0.8225, NaN, NaN, NaN], [0.687, 0.881, 0.7912, 0.5052, NaN, NaN], [0.6589, 0.8562, 0.7473, 0.4784, 0.3899, NaN], [0.605, 0.7953, 0.6637, 0.4616, 0.3127, 0.5372]]","[NaN, 0.89, 0.7301, 0.4674, 0.421, 0.5428]"
interaction_classification,3,A: no drift detection,binary_classification,0.6184456215287495,0.44441102756892237,0.6334006721701853,0.5658207268720249,0.11006504932214196,-0.08580427110170011,0.5345811230107096,0.46491842658392546,0.12447380319990771,0.2401625290001448,832.7705078125,832.7705078125,"[[0.6569, NaN, NaN, NaN, NaN, NaN], [0.6952, 0.9102, NaN, NaN, NaN, NaN], [0.7564, 0.932, 0.858, NaN, NaN, NaN], [0.7363, 0.9269, 0.8465, 0.5184, NaN, NaN], [0.6858, 0.8873, 0.7709, 0.504, 0.4155, NaN], [0.5926, 0.8531, 0.6954, 0.4256, 0.3634, 0.4649]]","[NaN, 0.89, 0.7354, 0.4878, 0.4444, 0.5346]"
interaction_classification,3,B: no replay (K=0),binary_classification,0.6032869831325149,0.38646616541353374,0.6226470194385086,0.5213707990668505,0.14803653750696227,-0.12839053173623297,0.5017515764187768,0.4869382444199779,0.11172803319996091,0.13637398300011228,763.5751953125,763.5751953125,"[[0.6569, NaN, NaN, NaN, NaN, NaN], [0.7478, 0.9116, NaN, NaN, NaN, NaN], [0.7389, 0.8868, 0.903, NaN, NaN, NaN], [0.6918, 0.8468, 0.7904, 0.4166, NaN, NaN], [0.7257, 0.823, 0.7599, 0.424, 0.3951, NaN], [0.6064, 0.8184, 0.6801, 0.2955, 0.2409, 0.4869]]","[NaN, 0.89, 0.7152, 0.523, 0.3865, 0.5018]"
interaction_classification,3,C: no adaptive scaling,binary_classification,0.6184456215287495,0.44441102756892237,0.6334006721701853,0.5658207268720249,0.11006504932214196,-0.08580427110170011,0.5345811230107096,0.46491842658392546,0.1259287528000641,0.18249609100007547,832.7705078125,832.7705078125,"[[0.6569, NaN, NaN, NaN, NaN, NaN], [0.6952, 0.9102, NaN, NaN, NaN, NaN], [0.7564, 0.932, 0.858, NaN, NaN, NaN], [0.7363, 0.9269, 0.8465, 0.5184, NaN, NaN], [0.6858, 0.8873, 0.7709, 0.504, 0.4155, NaN], [0.5926, 0.8531, 0.6954, 0.4256, 0.3634, 0.4649]]","[NaN, 0.89, 0.7354, 0.4878, 0.4444, 0.5346]"
interaction_classification,3,D: no stable persistent state,binary_classification,0.5801255146718913,0.3646281653488139,0.6198077473551477,0.4634960476107593,0.21148216440770007,-0.1950009614001813,0.3646281653488139,0.4497047342608347,0.23395614099999876,0.18523925299996336,316.74609375,575.01171875,"[[0.6569, NaN, NaN, NaN, NaN, NaN], [0.7393, 0.89, NaN, NaN, NaN, NaN], [0.6319, 0.883, 0.8881, NaN, NaN, NaN], [0.6521, 0.882, 0.8114, 0.517, NaN, NaN], [0.5988, 0.7229, 0.548, 0.4578, 0.3542, NaN], [0.4995, 0.5486, 0.6809, 0.3359, 0.2664, 0.4497]]","[NaN, 0.89, 0.7106, 0.5076, 0.4278, 0.3646]"
interaction_classification,3,E: random replay,binary_classification,0.6092005693850104,0.4319799498746868,0.6293504446386328,0.5991152795111813,0.0666804684847699,-0.04180058040316022,0.5443899509558601,0.5175658092283055,0.1154026982000687,0.14847478399997271,761.0439453125,761.0439453125,"[[0.6569, NaN, NaN, NaN, NaN, NaN], [0.7023, 0.9301, NaN, NaN, NaN, NaN], [0.7371, 0.9514, 0.8194, NaN, NaN, NaN], [0.7468, 0.9182, 0.8122, 0.4796, NaN, NaN], [0.7365, 0.8817, 0.7645, 0.4928, 0.4001, NaN], [0.6874, 0.8465, 0.7206, 0.4448, 0.3778, 0.5176]]","[NaN, 0.89, 0.7103, 0.4694, 0.432, 0.5444]"
interaction_classification,4,Static,binary_classification,0.4372035070175856,0.2415037593984961,0.4372035070175856,0.4685800752854818,0.0,0.0,0.2415037593984961,0.2415037593984961,0.0009236806000444631,0.14183057899981577,145.7529296875,145.7529296875,"[[0.6255, NaN, NaN, NaN, NaN, NaN], [0.6255, 0.8328, NaN, NaN, NaN, NaN], [0.6255, 0.8328, 0.3733, NaN, NaN, NaN], [0.6255, 0.8328, 0.3733, 0.4721, NaN, NaN], [0.6255, 0.8328, 0.3733, 0.4721, 0.2663, NaN], [0.6255, 0.8328, 0.3733, 0.4721, 0.2663, 0.2415]]","[NaN, 0.8328, 0.3733, 0.4721, 0.2663, 0.2415]"
interaction_classification,4,Naive incremental,binary_classification,0.5011701311509416,0.27418546365914787,0.550583024353563,0.18259971464311867,0.45655595010681316,-0.45655595010681316,0.27418546365914787,0.31729323308270674,0.10926473640006407,0.1284066419998453,136.8232421875,196.2685546875,"[[0.6255, NaN, NaN, NaN, NaN, NaN], [0.4713, 0.9108, NaN, NaN, NaN, NaN], [0.522, 0.6579, 0.7586, NaN, NaN, NaN], [0.5508, 0.292, 0.4377, 0.4688, NaN, NaN], [0.2355, 0.2647, 0.3769, 0.2213, 0.2974, NaN], [0.0792, 0.3996, 0.1497, 0.1463, 0.0035, 0.3173]]","[NaN, 0.8328, 0.5264, 0.4514, 0.4211, 0.2742]"
interaction_classification,4,Standard replay (FIFO),binary_classification,0.5347681323754643,0.3762406015037594,0.6423368205561678,0.44005372995704056,0.24384896356478056,-0.23936492793271175,0.3762406015037594,0.45283208020050125,0.16823158679999323,0.12476117500000328,267.3544921875,416.8232421875,"[[0.6255, NaN, NaN, NaN, NaN, NaN], [0.6237, 0.9254, NaN, NaN, NaN, NaN], [0.6479, 0.9045, 0.8624, NaN, NaN, NaN], [0.5948, 0.6143, 0.6805, 0.4709, NaN, NaN], [0.5718, 0.5622, 0.5442, 0.4261, 0.5002, NaN], [0.5306, 0.4417, 0.4437, 0.3701, 0.4015, 0.4528]]","[NaN, 0.8328, 0.5502, 0.4969, 0.4177, 0.3762]"
interaction_classification,4,Full retrain oracle*,binary_classification,0.5888143698277333,0.35358395989974944,0.6628873080345227,0.671401439651364,0.019005641650821126,0.017701836222121604,0.35358395989974944,0.34115288220551365,0.36441249740000786,0.10847929000010481,1137.3935546875,1268.5576171875,"[[0.6255, NaN, NaN, NaN, NaN, NaN], [0.6721, 0.9398, NaN, NaN, NaN, NaN], [0.743, 0.9384, 0.792, NaN, NaN, NaN], [0.7464, 0.9343, 0.8546, 0.6511, NaN, NaN], [0.7304, 0.914, 0.8469, 0.5942, 0.5904, NaN], [0.769, 0.8985, 0.829, 0.6141, 0.5766, 0.3412]]","[NaN, 0.8328, 0.5657, 0.6303, 0.5616, 0.3536]"
interaction_classification,4,ADAPT-X (proposed),binary_classification,0.5244987777805352,0.34055137844611516,0.6036340969288132,0.557534251715483,0.07662404001516498,-0.061206947427535095,0.34055137844611516,0.37403508771929816,0.13783100820000982,0.2383835010000439,865.9931640625,865.9931640625,"[[0.6331, NaN, NaN, NaN, NaN, NaN], [0.6429, 0.8925, NaN, NaN, NaN, NaN], [0.7041, 0.8985, 0.7211, NaN, NaN, NaN], [0.6873, 0.8569, 0.6389, 0.5057, NaN, NaN], [0.6957, 0.8463, 0.648, 0.4856, 0.5248, NaN], [0.6459, 0.8219, 0.5657, 0.4573, 0.4803, 0.374]]","[NaN, 0.7729, 0.4939, 0.5378, 0.4773, 0.3406]"
interaction_classification,4,A: no drift detection,binary_classification,0.5070390074275426,0.2890225563909774,0.5675595651320455,0.5125380918559634,0.08729515807774488,-0.07912780746219088,0.2890225563909774,0.25533834586466164,0.12655315200004225,0.2063354420001815,820.3994140625,820.3994140625,"[[0.6331, NaN, NaN, NaN, NaN, NaN], [0.6293, 0.8936, NaN, NaN, NaN, NaN], [0.6739, 0.8801, 0.6864, NaN, NaN, NaN], [0.6523, 0.8145, 0.6818, 0.5359, NaN, NaN], [0.6513, 0.8082, 0.6736, 0.5107, 0.4665, NaN], [0.5972, 0.7382, 0.5712, 0.5232, 0.3901, 0.2553]]","[NaN, 0.7729, 0.4981, 0.5277, 0.4475, 0.289]"
interaction_classification,4,B: no replay (K=0),binary_classification,0.5279613140150952,0.3108771929824561,0.6011161416693858,0.5115404628042334,0.11632373683978758,-0.11388153886160723,0.3108771929824561,0.2942355889724311,0.12747295239996675,0.3313543159999881,826.9619140625,826.9619140625,"[[0.6331, NaN, NaN, NaN, NaN, NaN], [0.6453, 0.9168, NaN, NaN, NaN, NaN], [0.6361, 0.8601, 0.8181, NaN, NaN, NaN], [0.6086, 0.6918, 0.6329, 0.4803, NaN, NaN], [0.6217, 0.709, 0.6407, 0.4345, 0.4961, NaN], [0.5412, 0.6703, 0.6512, 0.4797, 0.4327, 0.2942]]","[NaN, 0.7729, 0.5566, 0.5447, 0.4547, 0.3109]"
interaction_classification,4,C: no adaptive scaling,binary_classification,0.5070390074275426,0.2890225563909774,0.5675595651320455,0.5125380918559634,0.08729515807774488,-0.07912780746219088,0.2890225563909774,0.25533834586466164,0.1281707267999991,0.2559958209999422,820.3994140625,820.3994140625,"[[0.6331, NaN, NaN, NaN, NaN, NaN], [0.6293, 0.8936, NaN, NaN, NaN, NaN], [0.6739, 0.8801, 0.6864, NaN, NaN, NaN], [0.6523, 0.8145, 0.6818, 0.5359, NaN, NaN], [0.6513, 0.8082, 0.6736, 0.5107, 0.4665, NaN], [0.5972, 0.7382, 0.5712, 0.5232, 0.3901, 0.2553]]","[NaN, 0.7729, 0.4981, 0.5277, 0.4475, 0.289]"
interaction_classification,4,D: no stable persistent state,binary_classification,0.5021982756393852,0.30546365914786966,0.5682843641082824,0.45857495508733354,0.1562988920301061,-0.14460837056078368,0.30546365914786966,0.3421553884711781,0.2131110512000305,0.22787966100008816,278.20703125,477.65625,"[[0.6331, NaN, NaN, NaN, NaN, NaN], [0.6255, 0.9243, NaN, NaN, NaN, NaN], [0.6915, 0.8976, 0.7541, NaN, NaN, NaN], [0.6123, 0.8632, 0.6731, 0.5129, NaN, NaN], [0.5188, 0.409, 0.2581, 0.3664, 0.308, NaN], [0.5026, 0.5914, 0.5511, 0.4725, 0.2918, 0.3422]]","[NaN, 0.7729, 0.5246, 0.5318, 0.3762, 0.3055]"
interaction_classification,4,E: random replay,binary_classification,0.5498403983525234,0.41032581453634087,0.6238295484067122,0.6041398063867942,0.04210037938938731,-0.025475733299860748,0.41032581453634087,0.4219548872180452,0.13476282519995947,0.2442850580000595,878.3720703125,878.3720703125,"[[0.6331, NaN, NaN, NaN, NaN, NaN], [0.6593, 0.9094, NaN, NaN, NaN, NaN], [0.7061, 0.8988, 0.7106, NaN, NaN, NaN], [0.6609, 0.8859, 0.6754, 0.571, NaN, NaN], [0.6495, 0.8819, 0.6699, 0.5811, 0.5062, NaN], [0.6449, 0.8492, 0.6823, 0.5392, 0.4873, 0.422]]","[NaN, 0.7729, 0.557, 0.548, 0.4609, 0.4103]"
mixed_classification,0,Static,binary_classification,0.6173799565972711,0.41174117411741173,0.6173799565972711,0.6386790500730167,0.0,0.0,0.41174117411741173,0.41174117411741173,0.0033205077999355127,0.17705710600012026,231.3720703125,231.3720703125,"[[0.7452, NaN, NaN, NaN, NaN, NaN], [0.7452, 0.6339, NaN, NaN, NaN, NaN], [0.7452, 0.6339, 0.6942, NaN, NaN, NaN], [0.7452, 0.6339, 0.6942, 0.7073, NaN, NaN], [0.7452, 0.6339, 0.6942, 0.7073, 0.6397, NaN], [0.7452, 0.6339, 0.6942, 0.7073, 0.6397, 0.4117]]","[NaN, 0.6339, 0.6942, 0.7073, 0.6397, 0.4117]"
mixed_classification,0,Naive incremental,binary_classification,0.5872730182880337,0.47174717471747196,0.6801869863640138,0.3463975264499754,0.41354485811439223,-0.41354485811439223,0.47174717471747196,0.45654565456545626,0.10818446019998192,0.18905794500005868,170.5986328125,231.3720703125,"[[0.7452, NaN, NaN, NaN, NaN, NaN], [0.6776, 0.8731, NaN, NaN, NaN, NaN], [0.6078, 0.6463, 0.8362, NaN, NaN, NaN], [0.6756, 0.4236, 0.6171, 0.6973, NaN, NaN], [0.589, 0.6045, 0.5312, 0.5524, 0.5378, NaN], [0.3723, 0.424, 0.0689, 0.45, 0.3066, 0.4565]]","[NaN, 0.6339, 0.5522, 0.6084, 0.6701, 0.4717]"
mixed_classification,0,Standard replay (FIFO),binary_classification,0.5769548642256398,0.40694069406940714,0.7007427353966988,0.4895252729480264,0.2667468350964083,-0.26234731134941625,0.40694069406940714,0.501750175017502,0.13768138559998988,0.12336072099992634,228.2236328125,471.7861328125,"[[0.7452, NaN, NaN, NaN, NaN, NaN], [0.7328, 0.8827, NaN, NaN, NaN, NaN], [0.6568, 0.8261, 0.7984, NaN, NaN, NaN], [0.7504, 0.5409, 0.8152, 0.7308, NaN, NaN], [0.6906, 0.6, 0.5182, 0.6527, 0.59, NaN], [0.5306, 0.4844, 0.3987, 0.5612, 0.4605, 0.5018]]","[NaN, 0.6339, 0.5763, 0.5992, 0.6685, 0.4069]"
mixed_classification,0,Full retrain oracle*,binary_classification,0.6009056464640866,0.41414141414141437,0.7249437162805272,0.7195505085683541,0.018545244212323776,-0.010518009488851376,0.41414141414141437,0.5029502950295031,0.23489131159999488,0.12108072499995615,1053.6455078125,1053.6455078125,"[[0.7452, NaN, NaN, NaN, NaN, NaN], [0.7134, 0.881, NaN, NaN, NaN, NaN], [0.7514, 0.8927, 0.8519, NaN, NaN, NaN], [0.7736, 0.8746, 0.7942, 0.7326, NaN, NaN], [0.7666, 0.8665, 0.8084, 0.7176, 0.6563, NaN], [0.7916, 0.8825, 0.7904, 0.736, 0.6139, 0.503]]","[NaN, 0.6339, 0.574, 0.7252, 0.6573, 0.4141]"
mixed_classification,0,ADAPT-X (proposed),binary_classification,0.6152554440862286,0.4209420942094211,0.6888298948950082,0.6333762347178088,0.07996262605492,-0.0748530206943839,0.4209420942094211,0.5329532953295331,0.1561066664000009,0.13234094999984336,686.51171875,686.51171875,"[[0.7304, NaN, NaN, NaN, NaN, NaN], [0.744, 0.8325, NaN, NaN, NaN, NaN], [0.7182, 0.8445, 0.7835, NaN, NaN, NaN], [0.7376, 0.7905, 0.7492, 0.6855, NaN, NaN], [0.6836, 0.786, 0.7301, 0.6762, 0.6096, NaN], [0.6202, 0.7329, 0.6904, 0.6796, 0.5442, 0.533]]","[NaN, 0.6723, 0.6392, 0.6895, 0.6543, 0.4209]"
mixed_classification,0,A: no drift detection,binary_classification,0.6171313201763897,0.41934193419341925,0.6882796561008556,0.6319233868544877,0.07856645136141904,-0.07604619933621648,0.41934193419341925,0.5103510351035103,0.1338202358000217,0.1440119390001655,644.1875,644.1875,"[[0.7304, NaN, NaN, NaN, NaN, NaN], [0.743, 0.8357, NaN, NaN, NaN, NaN], [0.713, 0.8336, 0.7549, NaN, NaN, NaN], [0.6868, 0.8153, 0.7225, 0.7009, NaN, NaN], [0.6376, 0.8182, 0.7057, 0.6758, 0.6395, NaN], [0.6202, 0.7632, 0.6572, 0.6756, 0.565, 0.5104]]","[NaN, 0.6723, 0.6316, 0.6887, 0.6737, 0.4193]"
mixed_classification,0,B: no replay (K=0),binary_classification,0.5927736990484684,0.40354035403540367,0.6378903984080173,0.5011740270175643,0.18255617344768632,-0.18255617344768632,0.40354035403540367,0.43974397439743984,0.1188003003999711,0.11330849900014073,603.140625,603.140625,"[[0.7304, NaN, NaN, NaN, NaN, NaN], [0.7178, 0.8349, NaN, NaN, NaN, NaN], [0.6678, 0.7781, 0.7179, NaN, NaN, NaN], [0.6938, 0.7463, 0.6927, 0.654, NaN, NaN], [0.6324, 0.667, 0.627, 0.6072, 0.543, NaN], [0.5632, 0.4839, 0.5335, 0.5594, 0.4273, 0.4397]]","[NaN, 0.6723, 0.6255, 0.6188, 0.6437, 0.4035]"
mixed_classification,0,C: no adaptive scaling,binary_classification,0.6177713841827903,0.42254225422542246,0.7066474182098661,0.6538118417436026,0.07275558265768671,-0.06814781557828904,0.42254225422542246,0.5651565156515652,0.1196360458000072,0.14099440099994354,611.6005859375,611.6005859375,"[[0.7304, NaN, NaN, NaN, NaN, NaN], [0.743, 0.8357, NaN, NaN, NaN, NaN], [0.713, 0.8336, 0.7549, NaN, NaN, NaN], [0.6868, 0.8153, 0.7225, 0.7009, NaN, NaN], [0.7098, 0.8244, 0.7225, 0.7114, 0.6765, NaN], [0.6566, 0.7154, 0.6942, 0.6877, 0.6038, 0.5652]]","[NaN, 0.6723, 0.6316, 0.6887, 0.6737, 0.4225]"
mixed_classification,0,D: no stable persistent state,binary_classification,0.6012114305610561,0.37553755375537556,0.6911031173732017,0.5495887468273146,0.18616185458759751,-0.1776712286411702,0.37553755375537556,0.5063506350635065,0.19073076360000413,0.12449558599996635,338.853515625,381.189453125,"[[0.7304, NaN, NaN, NaN, NaN, NaN], [0.728, 0.8526, NaN, NaN, NaN, NaN], [0.6972, 0.8588, 0.7629, NaN, NaN, NaN], [0.713, 0.6998, 0.7992, 0.7208, NaN, NaN], [0.6684, 0.5351, 0.6224, 0.6825, 0.6129, NaN], [0.6402, 0.5049, 0.5278, 0.6242, 0.4941, 0.5064]]","[NaN, 0.6723, 0.6182, 0.6837, 0.6563, 0.3755]"
mixed_classification,0,E: random replay,binary_classification,0.5979549627926317,0.4163416341634163,0.6653276672030061,0.6014275987202834,0.09016920420421255,-0.08968915619941206,0.4163416341634163,0.5041504150415039,0.1808697263999875,0.18184361900011936,685.46484375,685.46484375,"[[0.7304, NaN, NaN, NaN, NaN, NaN], [0.7284, 0.8227, NaN, NaN, NaN, NaN], [0.7038, 0.821, 0.7622, NaN, NaN, NaN], [0.7328, 0.7856, 0.7618, 0.6614, NaN, NaN], [0.659, 0.7562, 0.7366, 0.6421, 0.5762, NaN], [0.627, 0.6397, 0.6881, 0.6405, 0.5092, 0.5042]]","[NaN, 0.6723, 0.5988, 0.6899, 0.6125, 0.4163]"
mixed_classification,1,Static,binary_classification,0.5934732530868831,0.43151515151515163,0.5934732530868831,0.6152996806027056,0.0,0.0,0.43151515151515163,0.43151515151515163,0.003896827599965036,0.20630544799996642,236.4892578125,236.4892578125,"[[0.7244, NaN, NaN, NaN, NaN, NaN], [0.7244, 0.5829, NaN, NaN, NaN, NaN], [0.7244, 0.5829, 0.8049, NaN, NaN, NaN], [0.7244, 0.5829, 0.8049, 0.5614, NaN, NaN], [0.7244, 0.5829, 0.8049, 0.5614, 0.5866, NaN], [0.7244, 0.5829, 0.8049, 0.5614, 0.5866, 0.4315]]","[NaN, 0.5829, 0.8049, 0.5614, 0.5866, 0.4315]"
mixed_classification,1,Naive incremental,binary_classification,0.519597671487792,0.36969696969696986,0.6323831026455492,0.40916848833313874,0.29052864391851,-0.2862672802821463,0.36969696969696986,0.48323232323232324,0.10867541359998541,0.1689093249999587,152.0751953125,236.4892578125,"[[0.7244, NaN, NaN, NaN, NaN, NaN], [0.6108, 0.7647, NaN, NaN, NaN, NaN], [0.6353, 0.385, 0.81, NaN, NaN, NaN], [0.7457, 0.4035, 0.736, 0.5476, NaN, NaN], [0.6282, 0.5811, 0.7804, 0.4907, 0.5564, NaN], [0.4347, 0.3439, 0.5337, 0.3007, 0.3588, 0.4832]]","[NaN, 0.5829, 0.6083, 0.4867, 0.5503, 0.3697]"
mixed_classification,1,Standard replay (FIFO),binary_classification,0.5764078190555184,0.44202020202020176,0.6331183106567193,0.5604578646181612,0.10707861337466636,-0.10545523675128972,0.44202020202020176,0.4878787878787876,0.1606809575999705,0.15435951400013437,300.9189453125,392.7705078125,"[[0.7244, NaN, NaN, NaN, NaN, NaN], [0.7133, 0.7647, NaN, NaN, NaN, NaN], [0.6893, 0.6724, 0.8386, NaN, NaN, NaN], [0.7325, 0.3593, 0.7467, 0.5158, NaN, NaN], [0.6893, 0.475, 0.7697, 0.4699, 0.5586, NaN], [0.6151, 0.5325, 0.7727, 0.4395, 0.515, 0.4879]]","[NaN, 0.5829, 0.7692, 0.5066, 0.5814, 0.442]"
mixed_classification,1,Full retrain oracle*,binary_classification,0.5944108419701694,0.4591919191919194,0.6691734211177234,0.6736439761752407,0.019406918558939036,-0.005687013343798108,0.4591919191919194,0.47717171717171736,0.2455248278000454,0.12547861000007288,1157.9345703125,1157.9345703125,"[[0.7244, NaN, NaN, NaN, NaN, NaN], [0.6932, 0.761, NaN, NaN, NaN, NaN], [0.7054, 0.7726, 0.8927, NaN, NaN, NaN], [0.7421, 0.7396, 0.9321, 0.5748, NaN, NaN], [0.707, 0.767, 0.9132, 0.5594, 0.6402, NaN], [0.7541, 0.7485, 0.8999, 0.561, 0.6013, 0.4772]]","[NaN, 0.5829, 0.784, 0.5348, 0.6112, 0.4592]"
mixed_classification,1,ADAPT-X (proposed),binary_classification,0.5538032715669672,0.3896969696969699,0.6146649332270012,0.5574306449479074,0.09937965606679851,-0.09331309435444753,0.3896969696969699,0.4361616161616162,0.14591936820002047,0.2180774249998194,741.33984375,741.33984375,"[[0.7378, NaN, NaN, NaN, NaN, NaN], [0.7216, 0.7207, NaN, NaN, NaN, NaN], [0.6595, 0.6753, 0.8391, NaN, NaN, NaN], [0.6715, 0.6545, 0.8693, 0.5378, NaN, NaN], [0.6719, 0.6655, 0.8264, 0.538, 0.5396, NaN], [0.5994, 0.5599, 0.7671, 0.4945, 0.4874, 0.4362]]","[NaN, 0.5288, 0.833, 0.5186, 0.499, 0.3897]"
mixed_classification,1,A: no drift detection,binary_classification,0.5634643072331341,0.40929292929292926,0.6075151619291222,0.5247907976077649,0.12917152390314324,-0.12533113986473948,0.40929292929292926,0.4442424242424243,0.12848190600002454,0.25501030600003105,692.984375,692.984375,"[[0.7378, NaN, NaN, NaN, NaN, NaN], [0.7159, 0.7267, NaN, NaN, NaN, NaN], [0.6735, 0.6784, 0.8412, NaN, NaN, NaN], [0.6962, 0.6325, 0.8269, 0.5198, NaN, NaN], [0.6668, 0.6425, 0.7932, 0.539, 0.5057, NaN], [0.5747, 0.5622, 0.7554, 0.3865, 0.4257, 0.4442]]","[NaN, 0.5288, 0.8289, 0.524, 0.5264, 0.4093]"
mixed_classification,1,B: no replay (K=0),binary_classification,0.5775989173233566,0.4385858585858584,0.6255980426561891,0.5212178466409143,0.14770156175202703,-0.14770156175202703,0.4385858585858584,0.47151515151515144,0.14437933240001258,0.21961475199987035,773.76171875,773.76171875,"[[0.7378, NaN, NaN, NaN, NaN, NaN], [0.7159, 0.6996, NaN, NaN, NaN, NaN], [0.6477, 0.5641, 0.8718, NaN, NaN, NaN], [0.6976, 0.5632, 0.835, 0.5184, NaN, NaN], [0.7137, 0.5722, 0.8136, 0.4919, 0.5668, NaN], [0.626, 0.4692, 0.6588, 0.4183, 0.4834, 0.4715]]","[NaN, 0.5288, 0.8391, 0.5438, 0.5377, 0.4386]"
mixed_classification,1,C: no adaptive scaling,binary_classification,0.5634643072331341,0.40929292929292926,0.6075151619291222,0.5247907976077649,0.12917152390314324,-0.12533113986473948,0.40929292929292926,0.4442424242424243,0.12459084080005596,0.1698833000000377,692.984375,692.984375,"[[0.7378, NaN, NaN, NaN, NaN, NaN], [0.7159, 0.7267, NaN, NaN, NaN, NaN], [0.6735, 0.6784, 0.8412, NaN, NaN, NaN], [0.6962, 0.6325, 0.8269, 0.5198, NaN, NaN], [0.6668, 0.6425, 0.7932, 0.539, 0.5057, NaN], [0.5747, 0.5622, 0.7554, 0.3865, 0.4257, 0.4442]]","[NaN, 0.5288, 0.8289, 0.524, 0.5264, 0.4093]"
mixed_classification,1,D: no stable persistent state,binary_classification,0.5765700993733434,0.4195959595959595,0.6298519394268345,0.5347466691837076,0.13572087147132042,-0.13572087147132042,0.4195959595959595,0.38969696969696965,0.20289703600010398,0.15774032500007706,362.056640625,466.103515625,"[[0.7378, NaN, NaN, NaN, NaN, NaN], [0.6893, 0.7456, NaN, NaN, NaN, NaN], [0.7054, 0.6904, 0.8703, NaN, NaN, NaN], [0.6999, 0.6321, 0.8616, 0.5524, NaN, NaN], [0.6516, 0.6582, 0.74, 0.5168, 0.5913, NaN], [0.612, 0.6338, 0.6384, 0.4317, 0.5028, 0.3897]]","[NaN, 0.5288, 0.8447, 0.4941, 0.5956, 0.4196]"
mixed_classification,1,E: random replay,binary_classification,0.5575653392464479,0.41454545454545455,0.6227647224647821,0.5858550845903797,0.07537885793347528,-0.06730355602126155,0.41454545454545455,0.5161616161616163,0.10221615760001442,0.17460182400009217,671.76171875,671.76171875,"[[0.7378, NaN, NaN, NaN, NaN, NaN], [0.721, 0.724, NaN, NaN, NaN, NaN], [0.6692, 0.6952, 0.8177, NaN, NaN, NaN], [0.6818, 0.6991, 0.8355, 0.5282, NaN, NaN], [0.707, 0.6608, 0.8498, 0.5364, 0.5278, NaN], [0.6445, 0.6139, 0.7651, 0.5026, 0.473, 0.5162]]","[NaN, 0.5288, 0.808, 0.5386, 0.498, 0.4145]"
mixed_classification,2,Static,binary_classification,0.4944213786319976,0.281521289789169,0.4944213786319976,0.5291376748340241,0.0,0.0,0.281521289789169,0.281521289789169,0.004816960000016479,0.07498628600001211,116.5283203125,116.5283203125,"[[0.7027, NaN, NaN, NaN, NaN, NaN], [0.7027, 0.4266, NaN, NaN, NaN, NaN], [0.7027, 0.4266, 0.5975, NaN, NaN, NaN], [0.7027, 0.4266, 0.5975, 0.6271, NaN, NaN], [0.7027, 0.4266, 0.5975, 0.6271, 0.5395, NaN], [0.7027, 0.4266, 0.5975, 0.6271, 0.5395, 0.2815]]","[NaN, 0.4266, 0.5975, 0.6271, 0.5395, 0.2815]"
mixed_classification,2,Naive incremental,binary_classification,0.44539668572507785,0.24369574204216615,0.6003357030351278,0.35477760109689155,0.3218570910983673,-0.31514641288768913,0.24369574204216615,0.4210417527904091,0.12701604339999903,0.12372394199996961,196.5361328125,292.8876953125,"[[0.7027, NaN, NaN, NaN, NaN, NaN], [0.681, 0.838, NaN, NaN, NaN, NaN], [0.7068, 0.4521, 0.7578, NaN, NaN, NaN], [0.6727, 0.2438, 0.5558, 0.6176, NaN, NaN], [0.6853, 0.5082, 0.5357, 0.6471, 0.3673, NaN], [0.4022, 0.3659, 0.3802, 0.2756, 0.2838, 0.421]]","[NaN, 0.4266, 0.5551, 0.5473, 0.4544, 0.2437]"
mixed_classification,2,Standard replay (FIFO),binary_classification,0.47140075859708014,0.2904092600248036,0.5950473333313223,0.5169364462217177,0.12602031503697803,-0.11526742903409204,0.2904092600248036,0.36171971889210397,0.1691340106000098,0.07830577499998981,310.5986328125,473.9189453125,"[[0.7027, NaN, NaN, NaN, NaN, NaN], [0.7088, 0.8347, NaN, NaN, NaN, NaN], [0.6832, 0.8314, 0.7381, NaN, NaN, NaN], [0.6914, 0.3362, 0.7277, 0.6283, NaN, NaN], [0.6745, 0.5076, 0.6443, 0.676, 0.4124, NaN], [0.5844, 0.5659, 0.6008, 0.5602, 0.4286, 0.3617]]","[NaN, 0.4266, 0.6269, 0.5541, 0.459, 0.2904]"
mixed_classification,2,Full retrain oracle*,binary_classification,0.49916701917984563,0.27883422902025634,0.6542165925495477,0.6797450651918888,0.011093479811553264,0.02093365451188789,0.27883422902025634,0.37432823480777166,0.2607722692000607,0.09627748799994151,1100.3642578125,1100.3642578125,"[[0.7027, NaN, NaN, NaN, NaN, NaN], [0.7147, 0.8443, NaN, NaN, NaN, NaN], [0.7591, 0.8325, 0.869, NaN, NaN, NaN], [0.7301, 0.85, 0.9085, 0.6923, NaN, NaN], [0.7342, 0.8611, 0.8769, 0.7398, 0.4911, NaN], [0.7644, 0.8454, 0.8646, 0.6802, 0.5496, 0.3743]]","[NaN, 0.4266, 0.6295, 0.662, 0.4989, 0.2788]"
mixed_classification,2,ADAPT-X (proposed),binary_classification,0.4733975727913867,0.33588259611409654,0.58074315064999,0.5612593389186282,0.0581124959346818,-0.04383908680477906,0.33588259611409654,0.3792889623811493,0.1599096070000087,0.22609895799996593,717.98828125,717.98828125,"[[0.683, NaN, NaN, NaN, NaN, NaN], [0.7169, 0.786, NaN, NaN, NaN, NaN], [0.721, 0.8052, 0.7035, NaN, NaN, NaN], [0.7206, 0.7821, 0.6927, 0.6547, NaN, NaN], [0.7352, 0.7784, 0.6763, 0.6545, 0.3802, NaN], [0.6794, 0.7532, 0.6689, 0.5549, 0.3318, 0.3793]]","[NaN, 0.3733, 0.5707, 0.6426, 0.4445, 0.3359]"
mixed_classification,2,A: no drift detection,binary_classification,0.46931723928648134,0.28999586606035566,0.5821703712243342,0.5268161910242423,0.09752460681006644,-0.08659808485238654,0.28999586606035566,0.37618850764778844,0.19744418719997156,0.11788555899988751,652.44921875,652.44921875,"[[0.683, NaN, NaN, NaN, NaN, NaN], [0.7169, 0.7888, NaN, NaN, NaN, NaN], [0.7157, 0.8096, 0.6778, NaN, NaN, NaN], [0.6879, 0.7631, 0.667, 0.6545, NaN, NaN], [0.6506, 0.7484, 0.667, 0.6143, 0.4134, NaN], [0.5761, 0.6906, 0.628, 0.4998, 0.3903, 0.3762]]","[NaN, 0.3733, 0.5554, 0.6469, 0.481, 0.29]"
mixed_classification,2,B: no replay (K=0),binary_classification,0.46481636830919254,0.23770152955766832,0.5851144104928775,0.46418850087331237,0.17003752401921735,-0.16469535230204552,0.23770152955766832,0.36626705250103364,0.14572799140000825,0.15057502099989506,660.77734375,660.77734375,"[[0.683, NaN, NaN, NaN, NaN, NaN], [0.693, 0.7653, NaN, NaN, NaN, NaN], [0.6757, 0.6633, 0.7798, NaN, NaN, NaN], [0.6374, 0.6297, 0.6611, 0.6154, NaN, NaN], [0.5741, 0.6576, 0.6708, 0.6321, 0.3989, NaN], [0.483, 0.5735, 0.5718, 0.4584, 0.3322, 0.3663]]","[NaN, 0.3733, 0.5982, 0.6008, 0.5141, 0.2377]"
mixed_classification,2,C: no adaptive scaling,binary_classification,0.46931723928648134,0.28999586606035566,0.5821703712243342,0.5268161910242423,0.09752460681006644,-0.08659808485238654,0.28999586606035566,0.37618850764778844,0.14581017839996094,0.11996479599997656,652.44921875,652.44921875,"[[0.683, NaN, NaN, NaN, NaN, NaN], [0.7169, 0.7888, NaN, NaN, NaN, NaN], [0.7157, 0.8096, 0.6778, NaN, NaN, NaN], [0.6879, 0.7631, 0.667, 0.6545, NaN, NaN], [0.6506, 0.7484, 0.667, 0.6143, 0.4134, NaN], [0.5761, 0.6906, 0.628, 0.4998, 0.3903, 0.3762]]","[NaN, 0.3733, 0.5554, 0.6469, 0.481, 0.29]"
mixed_classification,2,D: no stable persistent state,binary_classification,0.4747731865621668,0.24824307565109538,0.6158425448209413,0.5739150841880961,0.08098174538252736,-0.06375158665236857,0.24824307565109538,0.4090533278214137,0.1842030275999605,0.09681235499988361,315.712890625,381.048828125,"[[0.683, NaN, NaN, NaN, NaN, NaN], [0.7224, 0.8085, NaN, NaN, NaN, NaN], [0.7488, 0.8026, 0.83, NaN, NaN, NaN], [0.6895, 0.6384, 0.7407, 0.6438, NaN, NaN], [0.7397, 0.6825, 0.7195, 0.6642, 0.3878, NaN], [0.6932, 0.6917, 0.6112, 0.5475, 0.4909, 0.4091]]","[NaN, 0.3733, 0.6622, 0.6297, 0.4604, 0.2482]"
mixed_classification,2,E: random replay,binary_classification,0.4831837076728423,0.21971889210417506,0.6068630899422682,0.5296727919193017,0.11805487926190299,-0.10786288249624909,0.21971889210417506,0.3389830508474574,0.1215673770000194,0.1253484879998723,632.578125,632.578125,"[[0.683, NaN, NaN, NaN, NaN, NaN], [0.7279, 0.793, NaN, NaN, NaN, NaN], [0.7003, 0.7991, 0.737, NaN, NaN, NaN], [0.7125, 0.741, 0.7046, 0.6438, NaN, NaN], [0.7009, 0.7498, 0.7109, 0.6099, 0.5215, NaN], [0.6272, 0.5676, 0.6819, 0.5101, 0.4522, 0.339]]","[NaN, 0.3733, 0.6217, 0.644, 0.5572, 0.2197]"
mixed_classification,3,Static,binary_classification,0.5784916388353837,0.33960927219354176,0.5784916388353837,0.5948334003281878,0.0,0.0,0.33960927219354176,0.33960927219354176,0.0034554863999801456,0.09914835200015659,162.6142578125,162.6142578125,"[[0.6765, NaN, NaN, NaN, NaN, NaN], [0.6765, 0.7561, NaN, NaN, NaN, NaN], [0.6765, 0.7561, 0.6572, NaN, NaN, NaN], [0.6765, 0.7561, 0.6572, 0.5316, NaN, NaN], [0.6765, 0.7561, 0.6572, 0.5316, 0.608, NaN], [0.6765, 0.7561, 0.6572, 0.5316, 0.608, 0.3396]]","[NaN, 0.7561, 0.6572, 0.5316, 0.608, 0.3396]"
mixed_classification,3,Naive incremental,binary_classification,0.4987009410967021,0.22016398420892802,0.5592611789819293,0.3817703858610313,0.23644515750713327,-0.23644515750713327,0.22016398420892802,0.2930458548436077,0.11281313180002144,0.2090188339998349,121.7158203125,308.6845703125,"[[0.6765, NaN, NaN, NaN, NaN, NaN], [0.6351, 0.8091, NaN, NaN, NaN, NaN], [0.6073, 0.6209, 0.7522, NaN, NaN, NaN], [0.6082, 0.6739, 0.5682, 0.4528, NaN, NaN], [0.5883, 0.639, 0.5617, 0.4046, 0.4892, NaN], [0.3239, 0.695, 0.4167, 0.2116, 0.3504, 0.293]]","[NaN, 0.7561, 0.5408, 0.4794, 0.4971, 0.2202]"
mixed_classification,3,Standard replay (FIFO),binary_classification,0.538124786900033,0.2898066605931773,0.5838216082445917,0.4900896351522009,0.15835594820447324,-0.13102248762039231,0.2898066605931773,0.3460876606944021,0.17749709319996326,0.1050955430000613,209.3408203125,348.9814453125,"[[0.6765, NaN, NaN, NaN, NaN, NaN], [0.6648, 0.8352, NaN, NaN, NaN, NaN], [0.6138, 0.8316, 0.6511, NaN, NaN, NaN], [0.6575, 0.6976, 0.7877, 0.5178, NaN, NaN], [0.6433, 0.7748, 0.6461, 0.4286, 0.5689, NaN], [0.6128, 0.5724, 0.4984, 0.4194, 0.4914, 0.3461]]","[NaN, 0.7561, 0.6007, 0.4794, 0.5646, 0.2898]"
mixed_classification,3,Full retrain oracle*,binary_classification,0.5751757208025702,0.3191618584877012,0.6084129119066761,0.634649187604659,0.010685152351742878,0.01785767166047312,0.3191618584877012,0.33920437291223804,0.258709753400035,0.1398626760001207,1033.3720703125,1033.3720703125,"[[0.6765, NaN, NaN, NaN, NaN, NaN], [0.6865, 0.8243, NaN, NaN, NaN, NaN], [0.696, 0.8555, 0.7595, NaN, NaN, NaN], [0.6934, 0.8306, 0.8225, 0.5632, NaN, NaN], [0.696, 0.8829, 0.7797, 0.5648, 0.5559, NaN], [0.7047, 0.8478, 0.7885, 0.5522, 0.5754, 0.3392]]","[NaN, 0.7561, 0.6434, 0.5604, 0.5968, 0.3192]"
mixed_classification,3,ADAPT-X (proposed),binary_classification,0.5418377902355871,0.37220366433849583,0.5772262131778507,0.5496105857038089,0.06095649734626707,-0.05076980903457873,0.37220366433849583,0.4037858082801904,0.12607695060000879,0.14667185100006463,561.74609375,561.74609375,"[[0.6654, NaN, NaN, NaN, NaN, NaN], [0.6753, 0.8267, NaN, NaN, NaN, NaN], [0.6615, 0.8677, 0.6873, NaN, NaN, NaN], [0.6558, 0.8429, 0.6469, 0.436, NaN, NaN], [0.6494, 0.8444, 0.6373, 0.418, 0.5323, NaN], [0.6159, 0.8153, 0.6098, 0.3724, 0.4804, 0.4038]]","[NaN, 0.7159, 0.6171, 0.4434, 0.5606, 0.3722]"
mixed_classification,3,A: no drift detection,binary_classification,0.5304963505420854,0.3387994736309343,0.552918654069293,0.4883019184719859,0.11799541054897848,-0.10003265060420863,0.3387994736309343,0.308634477173803,0.14812428900004307,0.10620894199996656,653.46484375,653.46484375,"[[0.6654, NaN, NaN, NaN, NaN, NaN], [0.6735, 0.8245, NaN, NaN, NaN, NaN], [0.67, 0.8695, 0.7034, NaN, NaN, NaN], [0.6698, 0.8624, 0.7244, 0.4306, NaN, NaN], [0.6307, 0.8107, 0.74, 0.3476, 0.4975, NaN], [0.529, 0.7068, 0.5942, 0.372, 0.4192, 0.3086]]","[NaN, 0.7159, 0.6129, 0.4186, 0.5663, 0.3388]"
mixed_classification,3,B: no replay (K=0),binary_classification,0.544251964399059,0.3149104160340117,0.5817945523844179,0.4692428279533149,0.1517794575417386,-0.1517794575417386,0.3149104160340117,0.379289401761312,0.10818428099992161,0.10408399700008886,577.3125,577.3125,"[[0.6654, NaN, NaN, NaN, NaN, NaN], [0.6542, 0.819, NaN, NaN, NaN, NaN], [0.6096, 0.775, 0.7183, NaN, NaN, NaN], [0.5869, 0.6863, 0.6606, 0.4526, NaN, NaN], [0.5915, 0.7206, 0.6221, 0.353, 0.5398, NaN], [0.4598, 0.6792, 0.4655, 0.3512, 0.4804, 0.3793]]","[NaN, 0.7159, 0.6568, 0.4694, 0.5642, 0.3149]"
mixed_classification,3,C: no adaptive scaling,binary_classification,0.5304963505420854,0.3387994736309343,0.552918654069293,0.4883019184719859,0.11799541054897848,-0.10003265060420863,0.3387994736309343,0.308634477173803,0.13935850259999824,0.1106509940000251,653.46484375,653.46484375,"[[0.6654, NaN, NaN, NaN, NaN, NaN], [0.6735, 0.8245, NaN, NaN, NaN, NaN], [0.67, 0.8695, 0.7034, NaN, NaN, NaN], [0.6698, 0.8624, 0.7244, 0.4306, NaN, NaN], [0.6307, 0.8107, 0.74, 0.3476, 0.4975, NaN], [0.529, 0.7068, 0.5942, 0.372, 0.4192, 0.3086]]","[NaN, 0.7159, 0.6129, 0.4186, 0.5663, 0.3388]"
mixed_classification,3,D: no stable persistent state,binary_classification,0.540643703062102,0.3205790059722644,0.5638445317822083,0.5198943012067633,0.07532039630811824,-0.07304766903539099,0.3205790059722644,0.303370786516854,0.19348862259994348,0.08491381599992565,313.853515625,441.908203125,"[[0.6654, NaN, NaN, NaN, NaN, NaN], [0.6356, 0.8222, NaN, NaN, NaN, NaN], [0.6579, 0.8336, 0.719, NaN, NaN, NaN], [0.6033, 0.8233, 0.6942, 0.4964, NaN, NaN], [0.6556, 0.6502, 0.6427, 0.4888, 0.4782, NaN], [0.5781, 0.7013, 0.5904, 0.3964, 0.5498, 0.3034]]","[NaN, 0.7159, 0.6572, 0.4744, 0.5351, 0.3206]"
mixed_classification,3,E: random replay,binary_classification,0.5381215858705012,0.3436582650065796,0.5699215182969022,0.5396089352841287,0.07126090072710708,-0.05546709465724642,0.3436582650065796,0.35823463913351583,0.10546573180004089,0.07499506599992856,542.55078125,542.55078125,"[[0.6654, NaN, NaN, NaN, NaN, NaN], [0.6615, 0.8494, NaN, NaN, NaN, NaN], [0.6268, 0.8764, 0.6782, NaN, NaN, NaN], [0.6341, 0.8787, 0.7259, 0.4396, NaN, NaN], [0.628, 0.8807, 0.7022, 0.4274, 0.5242, NaN], [0.5655, 0.7961, 0.6423, 0.425, 0.4505, 0.3582]]","[NaN, 0.7159, 0.6289, 0.422, 0.5801, 0.3437]"
mixed_classification,4,Static,binary_classification,0.5747977685134444,0.4096687018316485,0.5747977685134444,0.5982649775975207,0.0,0.0,0.4096687018316485,0.4096687018316485,0.003951006800025425,0.15051335499993002,183.3486328125,183.3486328125,"[[0.7156, NaN, NaN, NaN, NaN, NaN], [0.7156, 0.6966, NaN, NaN, NaN, NaN], [0.7156, 0.6966, 0.648, NaN, NaN, NaN], [0.7156, 0.6966, 0.648, 0.5061, NaN, NaN], [0.7156, 0.6966, 0.648, 0.5061, 0.6136, NaN], [0.7156, 0.6966, 0.648, 0.5061, 0.6136, 0.4097]]","[NaN, 0.6966, 0.648, 0.5061, 0.6136, 0.4097]"
mixed_classification,4,Naive incremental,binary_classification,0.5278880858153329,0.44550095085577013,0.6405609269611185,0.46067107049841,0.2308758469666071,-0.2308758469666071,0.44550095085577013,0.4390951856671004,0.1301157227999738,0.13385498599996026,135.9267578125,302.5830078125,"[[0.7156, NaN, NaN, NaN, NaN, NaN], [0.5605, 0.7979, NaN, NaN, NaN, NaN], [0.6301, 0.54, 0.8249, NaN, NaN, NaN], [0.6708, 0.4188, 0.5831, 0.5506, NaN, NaN], [0.6949, 0.6356, 0.5099, 0.4888, 0.5903, NaN], [0.5673, 0.3744, 0.4958, 0.41, 0.4775, 0.4391]]","[NaN, 0.6966, 0.4624, 0.5221, 0.5128, 0.4455]"
mixed_classification,4,Standard replay (FIFO),binary_classification,0.5591332882837124,0.45030527474727267,0.6093880765860253,0.5341890713518506,0.11757858226815258,-0.11148139556738532,0.45030527474727267,0.34981483335001506,0.19650896420012032,0.11757459199998266,258.0986328125,465.0595703125,"[[0.7156, NaN, NaN, NaN, NaN, NaN], [0.7461, 0.8348, NaN, NaN, NaN, NaN], [0.6158, 0.7764, 0.7632, NaN, NaN, NaN], [0.6941, 0.4825, 0.7385, 0.5508, NaN, NaN], [0.699, 0.5032, 0.5557, 0.5297, 0.5483, NaN], [0.6894, 0.4834, 0.6293, 0.4892, 0.5641, 0.3498]]","[NaN, 0.6966, 0.6539, 0.4648, 0.53, 0.4503]"
mixed_classification,4,Full retrain oracle*,binary_classification,0.5956729791876818,0.46852166950255225,0.6755425792876654,0.6834158322467374,0.010331584710224018,0.001436214804838931,0.46852166950255225,0.48813932539285365,0.30457145999994284,0.11110398599998916,1261.5595703125,1261.5595703125,"[[0.7156, NaN, NaN, NaN, NaN, NaN], [0.734, 0.8399, NaN, NaN, NaN, NaN], [0.7035, 0.8423, 0.8336, NaN, NaN, NaN], [0.7221, 0.8456, 0.8683, 0.587, NaN, NaN], [0.7291, 0.8356, 0.8162, 0.5777, 0.6291, NaN], [0.758, 0.8527, 0.8446, 0.5555, 0.6017, 0.4881]]","[NaN, 0.6966, 0.6622, 0.5461, 0.6049, 0.4685]"
mixed_classification,4,ADAPT-X (proposed),binary_classification,0.5231882777185622,0.3988589730757681,0.6240693563668251,0.5784425575802407,0.08444320451519353,-0.0788283128459839,0.3988589730757681,0.39565609048143324,0.19240385760003847,0.09831073600003037,823.328125,823.328125,"[[0.7445, NaN, NaN, NaN, NaN, NaN], [0.7248, 0.8273, NaN, NaN, NaN, NaN], [0.6761, 0.806, 0.7897, NaN, NaN, NaN], [0.6219, 0.752, 0.7449, 0.4851, NaN, NaN], [0.6589, 0.7894, 0.7719, 0.5132, 0.6226, NaN], [0.6223, 0.6694, 0.7591, 0.4495, 0.5747, 0.3957]]","[NaN, 0.5542, 0.5694, 0.5136, 0.58, 0.3989]"
mixed_classification,4,A: no drift detection,binary_classification,0.5185706029072377,0.4326894204784304,0.5881570015406007,0.55057232440722,0.08608457919652257,-0.07636023782738413,0.4326894204784304,0.39605645080572516,0.15693452579989753,0.10887245799995071,618.859375,618.859375,"[[0.7445, NaN, NaN, NaN, NaN, NaN], [0.7172, 0.83, NaN, NaN, NaN, NaN], [0.6628, 0.8131, 0.7042, NaN, NaN, NaN], [0.627, 0.7518, 0.6987, 0.4387, NaN, NaN], [0.7191, 0.8155, 0.6814, 0.4873, 0.5718, NaN], [0.6209, 0.7461, 0.6859, 0.4068, 0.4476, 0.3961]]","[NaN, 0.5542, 0.5616, 0.4977, 0.5467, 0.4327]"
mixed_classification,4,B: no replay (K=0),binary_classification,0.4748370610480192,0.3546191572415174,0.5871966747929294,0.5036003843864102,0.1317662391046849,-0.1317662391046849,0.3546191572415174,0.33700330297267556,0.14175572300009662,0.11746041700007481,726.0078125,726.0078125,"[[0.7445, NaN, NaN, NaN, NaN, NaN], [0.6927, 0.8117, NaN, NaN, NaN, NaN], [0.6198, 0.7524, 0.8103, NaN, NaN, NaN], [0.6368, 0.5434, 0.717, 0.4949, NaN, NaN], [0.7191, 0.5852, 0.6357, 0.4918, 0.4821, NaN], [0.6546, 0.5193, 0.6073, 0.4277, 0.4756, 0.337]]","[NaN, 0.5542, 0.5515, 0.4735, 0.4403, 0.3546]"
mixed_classification,4,C: no adaptive scaling,binary_classification,0.5185706029072377,0.4326894204784304,0.5881570015406007,0.55057232440722,0.08608457919652257,-0.07636023782738413,0.4326894204784304,0.39605645080572516,0.13899972819999676,0.12853777200007244,618.859375,618.859375,"[[0.7445, NaN, NaN, NaN, NaN, NaN], [0.7172, 0.83, NaN, NaN, NaN, NaN], [0.6628, 0.8131, 0.7042, NaN, NaN, NaN], [0.627, 0.7518, 0.6987, 0.4387, NaN, NaN], [0.7191, 0.8155, 0.6814, 0.4873, 0.5718, NaN], [0.6209, 0.7461, 0.6859, 0.4068, 0.4476, 0.3961]]","[NaN, 0.5542, 0.5616, 0.4977, 0.5467, 0.4327]"
mixed_classification,4,D: no stable persistent state,binary_classification,0.5265516056202906,0.4096687018316485,0.6247510313403184,0.5311743069728352,0.13623188854836368,-0.13623188854836368,0.4096687018316485,0.3786407766990292,0.19299509279999255,0.14283970499991483,318.533203125,427.501953125,"[[0.7445, NaN, NaN, NaN, NaN, NaN], [0.6896, 0.8166, NaN, NaN, NaN, NaN], [0.7031, 0.7884, 0.7961, NaN, NaN, NaN], [0.6503, 0.6524, 0.7403, 0.5738, NaN, NaN], [0.7078, 0.7254, 0.7033, 0.5374, 0.5586, NaN], [0.598, 0.6769, 0.5538, 0.5069, 0.4728, 0.3786]]","[NaN, 0.5542, 0.6302, 0.512, 0.5268, 0.4097]"
mixed_classification,4,E: random replay,binary_classification,0.5345927169605653,0.4523070763687316,0.618812107498996,0.5520688687927172,0.10985313185387943,-0.10521949052318287,0.4523070763687316,0.4162746471824643,0.20185716079995472,0.0877854870000192,997.9921875,997.9921875,"[[0.7445, NaN, NaN, NaN, NaN, NaN], [0.7236, 0.8354, NaN, NaN, NaN, NaN], [0.7074, 0.8448, 0.8149, NaN, NaN, NaN], [0.6295, 0.7512, 0.7403, 0.481, NaN, NaN], [0.6612, 0.7721, 0.7518, 0.4949, 0.5465, NaN], [0.5722, 0.6676, 0.739, 0.4277, 0.4897, 0.4163]]","[NaN, 0.5542, 0.6151, 0.5402, 0.5112, 0.4523]"
highdim_regression,0,Static,regression,0.5176441167842976,-0.21702885710188102,0.5176441167842976,0.5845845835719671,0.0,0.0,-0.21702885710188102,-0.21702885710188102,0.002820951400008198,0.6836562150001555,556.7080078125,556.7080078125,"[[0.9193, NaN, NaN, NaN, NaN, NaN], [0.9193, 0.9296, NaN, NaN, NaN, NaN], [0.9193, 0.9296, 0.3205, NaN, NaN, NaN], [0.9193, 0.9296, 0.3205, 0.7742, NaN, NaN], [0.9193, 0.9296, 0.3205, 0.7742, 0.7811, NaN], [0.9193, 0.9296, 0.3205, 0.7742, 0.7811, -0.217]]","[NaN, 0.9296, 0.3205, 0.7742, 0.7811, -0.217]"
highdim_regression,0,Naive incremental,regression,0.44232419476672247,-0.27066753318772685,0.8225061923523107,0.5488637462311113,0.34818999376039106,-0.3477270803770399,-0.27066753318772685,0.703157348485965,0.5647998601999461,0.6699384580001606,279.4462890625,718.2197265625,"[[0.9193, NaN, NaN, NaN, NaN, NaN], [0.9216, 0.9253, NaN, NaN, NaN, NaN], [0.3881, 0.3455, 0.9214, NaN, NaN, NaN], [0.887, 0.8723, 0.5241, 0.8134, NaN, NaN], [0.8682, 0.8799, 0.3373, 0.7522, 0.7493, NaN], [0.5912, 0.4258, 0.5324, 0.591, 0.4496, 0.7032]]","[NaN, 0.9296, 0.3395, 0.4621, 0.7511, -0.2707]"
highdim_regression,0,Standard replay (FIFO),regression,0.5235245213313795,0.049109795488487595,0.8025253069164531,0.724924366413859,0.12108114532869921,-0.11647345072188506,0.049109795488487595,0.6978271608627252,0.7495707801998833,0.6412592399997266,717.7119140625,945.3017578125,"[[0.9193, NaN, NaN, NaN, NaN, NaN], [0.9334, 0.9352, NaN, NaN, NaN, NaN], [0.6212, 0.831, 0.868, NaN, NaN, NaN], [0.8013, 0.7913, 0.7474, 0.7807, NaN, NaN], [0.9102, 0.8749, 0.4142, 0.7896, 0.731, NaN], [0.8834, 0.8867, 0.3891, 0.7502, 0.7424, 0.6978]]","[NaN, 0.9296, 0.3611, 0.6113, 0.6666, 0.0491]"
highdim_regression,0,Full retrain oracle*,regression,0.616683428562293,0.22597729956111945,0.7876236767689027,0.7940845508974702,0.026320006327327294,-0.018579599194001095,0.22597729956111945,0.7071383293220207,1.0522324216000016,0.8243299320001825,3631.3134765625,3631.3134765625,"[[0.9193, NaN, NaN, NaN, NaN, NaN], [0.9402, 0.9452, NaN, NaN, NaN, NaN], [0.8759, 0.9171, 0.7164, NaN, NaN, NaN], [0.8997, 0.9252, 0.6723, 0.8154, NaN, NaN], [0.9166, 0.9425, 0.6162, 0.8332, 0.754, NaN], [0.9164, 0.94, 0.6075, 0.8348, 0.7587, 0.7071]]","[NaN, 0.9296, 0.3843, 0.7961, 0.7475, 0.226]"
highdim_regression,0,ADAPT-X (proposed),regression,0.5433995532949041,0.08112564927712218,0.8300000480136189,0.757615948512512,0.1085327773398653,-0.10334477774649926,0.08112564927712218,0.6969520754310894,0.3251017130000037,0.34924424899963924,1645.7939453125,1645.7939453125,"[[0.9124, NaN, NaN, NaN, NaN, NaN], [0.9384, 0.9447, NaN, NaN, NaN, NaN], [0.6441, 0.8646, 0.8888, NaN, NaN, NaN], [0.8285, 0.8873, 0.6486, 0.8668, NaN, NaN], [0.8742, 0.8967, 0.508, 0.8467, 0.7527, NaN], [0.9007, 0.9174, 0.4499, 0.8142, 0.7667, 0.697]]","[NaN, 0.9127, 0.3445, 0.6291, 0.7497, 0.0811]"
highdim_regression,0,A: no drift detection,regression,0.5560489652293255,0.13806897686092978,0.8287783047999475,0.749176805041849,0.11765800171428627,-0.11225000669762361,0.13806897686092978,0.7069130150410461,0.3171999230000438,0.4130400409999311,1705.1650390625,1705.1650390625,"[[0.9124, NaN, NaN, NaN, NaN, NaN], [0.939, 0.9453, NaN, NaN, NaN, NaN], [0.6504, 0.8727, 0.885, NaN, NaN, NaN], [0.8501, 0.8881, 0.6235, 0.8538, NaN, NaN], [0.8854, 0.8928, 0.4959, 0.8543, 0.7529, NaN], [0.8736, 0.891, 0.4677, 0.8036, 0.7521, 0.7069]]","[NaN, 0.9127, 0.3417, 0.6426, 0.7451, 0.1381]"
highdim_regression,0,B: no replay (K=0),regression,0.4990324629476654,-0.013538876937680744,0.8344266436448813,0.7029837439651546,0.17720272238147944,-0.17333001883459048,-0.013538876937680744,0.6914018630818364,0.2687234817998615,0.41022191199999725,1273.1767578125,1273.1767578125,"[[0.9124, NaN, NaN, NaN, NaN, NaN], [0.9318, 0.938, NaN, NaN, NaN, NaN], [0.4972, 0.5011, 0.9316, NaN, NaN, NaN], [0.8586, 0.8895, 0.5564, 0.8692, NaN, NaN], [0.903, 0.8979, 0.4254, 0.8108, 0.7419, NaN], [0.831, 0.8629, 0.4341, 0.7083, 0.6902, 0.6914]]","[NaN, 0.9127, 0.3384, 0.5008, 0.7568, -0.0135]"
highdim_regression,0,C: no adaptive scaling,regression,0.5560489652293255,0.13806897686092978,0.8287783047999475,0.749176805041849,0.11765800171428627,-0.11225000669762361,0.13806897686092978,0.7069130150410461,0.3253086761999839,0.39979849800010925,1705.1650390625,1705.1650390625,"[[0.9124, NaN, NaN, NaN, NaN, NaN], [0.939, 0.9453, NaN, NaN, NaN, NaN], [0.6504, 0.8727, 0.885, NaN, NaN, NaN], [0.8501, 0.8881, 0.6235, 0.8538, NaN, NaN], [0.8854, 0.8928, 0.4959, 0.8543, 0.7529, NaN], [0.8736, 0.891, 0.4677, 0.8036, 0.7521, 0.7069]]","[NaN, 0.9127, 0.3417, 0.6426, 0.7451, 0.1381]"
highdim_regression,0,D: no stable persistent state,regression,0.5294423409032504,-0.014115187334508894,0.8024799805780916,0.7387423286008099,0.10155571779270275,-0.09847305420501448,-0.014115187334508894,0.7102892253192261,0.8904073677998895,0.39348001899998053,1048.283203125,1478.888671875,"[[0.9124, NaN, NaN, NaN, NaN, NaN], [0.9278, 0.9313, NaN, NaN, NaN, NaN], [0.7169, 0.8388, 0.8118, NaN, NaN, NaN], [0.8483, 0.8578, 0.6585, 0.7965, NaN, NaN], [0.8898, 0.906, 0.467, 0.7838, 0.7625, NaN], [0.8827, 0.8679, 0.4626, 0.7886, 0.7203, 0.7103]]","[NaN, 0.9127, 0.3419, 0.6935, 0.7132, -0.0141]"
highdim_regression,0,E: random replay,regression,0.5637887252526649,0.16513464109457765,0.8310098098224111,0.7620487344708531,0.10480615290582337,-0.09903519640528222,0.16513464109457765,0.706096775394105,0.3350134679999428,0.49261947999957556,1623.0791015625,1623.0791015625,"[[0.9124, NaN, NaN, NaN, NaN, NaN], [0.9413, 0.9501, NaN, NaN, NaN, NaN], [0.6507, 0.869, 0.8853, NaN, NaN, NaN], [0.8496, 0.8969, 0.6578, 0.8613, NaN, NaN], [0.9044, 0.9133, 0.5146, 0.8437, 0.7523, NaN], [0.9187, 0.9295, 0.4507, 0.8097, 0.7576, 0.7061]]","[NaN, 0.9127, 0.3505, 0.6379, 0.7526, 0.1651]"
highdim_regression,1,Static,regression,0.5512010628035726,0.023137918460501172,0.5512010628035726,0.6127362930106427,0.0,0.0,0.023137918460501172,0.023137918460501172,0.0036850488000709446,0.56536508399995,462.2158203125,462.2158203125,"[[0.9204, NaN, NaN, NaN, NaN, NaN], [0.9204, 0.9294, NaN, NaN, NaN, NaN], [0.9204, 0.9294, 0.2355, NaN, NaN, NaN], [0.9204, 0.9294, 0.2355, 0.7538, NaN, NaN], [0.9204, 0.9294, 0.2355, 0.7538, 0.8142, NaN], [0.9204, 0.9294, 0.2355, 0.7538, 0.8142, 0.0231]]","[NaN, 0.9294, 0.2355, 0.7538, 0.8142, 0.0231]"
highdim_regression,1,Naive incremental,regression,0.44892024317239354,-0.11805028413972929,0.8091754363508403,0.5406003526466735,0.3445375019840307,-0.3445375019840307,-0.11805028413972929,0.626172843143538,0.7646846568000001,0.5457415370001399,298.5166015625,1009.0322265625,"[[0.9204, NaN, NaN, NaN, NaN, NaN], [0.9193, 0.9325, NaN, NaN, NaN, NaN], [0.4226, 0.321, 0.9027, NaN, NaN, NaN], [0.8776, 0.8686, 0.2956, 0.8142, NaN, NaN], [0.8804, 0.9043, 0.1633, 0.6832, 0.7702, NaN], [0.7401, 0.7208, -0.0235, 0.5862, 0.5938, 0.6262]]","[NaN, 0.9294, 0.2591, 0.4173, 0.7569, -0.1181]"
highdim_regression,1,Standard replay (FIFO),regression,0.46734041822171246,-0.06554857628281585,0.7995833020193323,0.6629848547004616,0.19684312513017502,-0.18808396518797682,-0.06554857628281585,0.6588339916511797,0.839054586400016,0.714588244999959,808.7900390625,1106.1884765625,"[[0.9204, NaN, NaN, NaN, NaN, NaN], [0.9334, 0.9401, NaN, NaN, NaN, NaN], [0.5955, 0.8245, 0.8619, NaN, NaN, NaN], [0.7941, 0.7671, 0.6763, 0.7433, NaN, NaN], [0.8978, 0.8834, 0.2742, 0.7741, 0.7938, NaN], [0.907, 0.8957, 0.0615, 0.7128, 0.742, 0.6588]]","[NaN, 0.9294, 0.2471, 0.5457, 0.6801, -0.0655]"
highdim_regression,1,Full retrain oracle*,regression,0.5934871520902959,0.2394575615185578,0.7804832750667018,0.7817818501528722,0.03346420669681651,-0.026427543692453526,0.2394575615185578,0.6880008659782713,0.9407034289999501,0.6076279849999082,3473.8525390625,3473.8525390625,"[[0.9204, NaN, NaN, NaN, NaN, NaN], [0.9416, 0.9484, NaN, NaN, NaN, NaN], [0.8619, 0.9063, 0.6713, NaN, NaN, NaN], [0.8848, 0.9168, 0.6352, 0.7913, NaN, NaN], [0.8969, 0.9394, 0.5332, 0.8053, 0.8033, NaN], [0.9149, 0.9352, 0.5528, 0.8095, 0.7902, 0.688]]","[NaN, 0.9294, 0.2749, 0.751, 0.7727, 0.2395]"
highdim_regression,1,ADAPT-X (proposed),regression,0.515923297905567,0.0010198412658839473,0.8239764360823388,0.7006021047819729,0.16987290195170915,-0.16558632504927948,0.0010198412658839473,0.6715753285226669,0.3050993998001104,0.7598144749999847,1883.6416015625,1883.6416015625,"[[0.9117, NaN, NaN, NaN, NaN, NaN], [0.9331, 0.9465, NaN, NaN, NaN, NaN], [0.6236, 0.8411, 0.8715, NaN, NaN, NaN], [0.8226, 0.8746, 0.5345, 0.8472, NaN, NaN], [0.8702, 0.8728, 0.3935, 0.8254, 0.7831, NaN], [0.9054, 0.8907, 0.1884, 0.7518, 0.7956, 0.6716]]","[NaN, 0.9214, 0.2465, 0.612, 0.7986, 0.001]"
highdim_regression,1,A: no drift detection,regression,0.5135229309127158,-0.008929446294821952,0.8283890918693304,0.7277349629890818,0.14189495222729015,-0.13743955098774027,-0.008929446294821952,0.684531490697013,0.31296575999995185,0.6719652809997569,1904.4697265625,1904.4697265625,"[[0.9117, NaN, NaN, NaN, NaN, NaN], [0.9339, 0.9463, NaN, NaN, NaN, NaN], [0.635, 0.8491, 0.8687, NaN, NaN, NaN], [0.8306, 0.8871, 0.5466, 0.8518, NaN, NaN], [0.8611, 0.9004, 0.3894, 0.8175, 0.7906, NaN], [0.8949, 0.915, 0.2941, 0.7781, 0.7998, 0.6845]]","[NaN, 0.9214, 0.2514, 0.6182, 0.7855, -0.0089]"
highdim_regression,1,B: no replay (K=0),regression,0.47768067325628716,0.0030568290349836102,0.8345523800625123,0.6560699367663342,0.23301830354619532,-0.22960087064821946,0.0030568290349836102,0.6556445120051831,0.3232405463999385,0.5846876790001261,1703.5634765625,1703.5634765625,"[[0.9117, NaN, NaN, NaN, NaN, NaN], [0.9287, 0.9447, NaN, NaN, NaN, NaN], [0.5178, 0.4156, 0.9109, NaN, NaN, NaN], [0.8442, 0.8452, 0.3991, 0.8799, NaN, NaN], [0.8851, 0.8699, 0.3432, 0.7917, 0.7815, NaN], [0.8559, 0.8609, 0.129, 0.6937, 0.7413, 0.6556]]","[NaN, 0.9214, 0.186, 0.4951, 0.7828, 0.0031]"
highdim_regression,1,C: no adaptive scaling,regression,0.5135229309127158,-0.008929446294821952,0.8283890918693304,0.7277349629890818,0.14189495222729015,-0.13743955098774027,-0.008929446294821952,0.684531490697013,0.32245607740005655,0.7042131479997806,1904.4697265625,1904.4697265625,"[[0.9117, NaN, NaN, NaN, NaN, NaN], [0.9339, 0.9463, NaN, NaN, NaN, NaN], [0.635, 0.8491, 0.8687, NaN, NaN, NaN], [0.8306, 0.8871, 0.5466, 0.8518, NaN, NaN], [0.8611, 0.9004, 0.3894, 0.8175, 0.7906, NaN], [0.8949, 0.915, 0.2941, 0.7781, 0.7998, 0.6845]]","[NaN, 0.9214, 0.2514, 0.6182, 0.7855, -0.0089]"
highdim_regression,1,D: no stable persistent state,regression,0.5281189398595223,0.05827614107648882,0.7855902334213865,0.6880978956716944,0.1471387394807557,-0.14220517332066124,0.05827614107648882,0.6529739682047538,0.8374356618000093,0.6764574060002815,1002.759765625,1335.267578125,"[[0.9117, NaN, NaN, NaN, NaN, NaN], [0.9363, 0.9437, NaN, NaN, NaN, NaN], [0.7041, 0.8297, 0.7773, NaN, NaN, NaN], [0.8501, 0.8756, 0.5835, 0.7819, NaN, NaN], [0.8899, 0.9046, 0.3337, 0.7581, 0.7721, NaN], [0.8961, 0.8775, 0.2642, 0.7059, 0.7319, 0.653]]","[NaN, 0.9214, 0.2677, 0.6546, 0.7385, 0.0583]"
highdim_regression,1,E: random replay,regression,0.5065102086754351,-0.06493291628380837,0.8235041413814829,0.7147664999629022,0.15362099684779953,-0.14811675613130834,-0.06493291628380837,0.6826526090972909,0.33593711879984767,0.6006439759999012,1953.6337890625,1953.6337890625,"[[0.9117, NaN, NaN, NaN, NaN, NaN], [0.9392, 0.9487, NaN, NaN, NaN, NaN], [0.685, 0.8515, 0.8528, NaN, NaN, NaN], [0.8524, 0.8922, 0.4832, 0.8563, NaN, NaN], [0.8559, 0.8989, 0.4047, 0.8275, 0.777, NaN], [0.9076, 0.9045, 0.2298, 0.7808, 0.7832, 0.6827]]","[NaN, 0.9214, 0.2473, 0.638, 0.7908, -0.0649]"
highdim_regression,2,Static,regression,0.579290012266956,0.05527236700732341,0.579290012266956,0.6361838191104591,0.0,0.0,0.05527236700732341,0.05527236700732341,0.004329125000003842,0.6764284239998233,470.7158203125,470.7158203125,"[[0.9207, NaN, NaN, NaN, NaN, NaN], [0.9207, 0.9301, NaN, NaN, NaN, NaN], [0.9207, 0.9301, 0.3787, NaN, NaN, NaN], [0.9207, 0.9301, 0.3787, 0.7573, NaN, NaN], [0.9207, 0.9301, 0.3787, 0.7573, 0.7751, NaN], [0.9207, 0.9301, 0.3787, 0.7573, 0.7751, 0.0553]]","[NaN, 0.9301, 0.3787, 0.7573, 0.7751, 0.0553]"
highdim_regression,2,Naive incremental,regression,0.461848538648762,-0.040973589046600756,0.8228524526586829,0.6057230950548171,0.28011530925849765,-0.28011530925849765,-0.040973589046600756,0.6991719258448954,0.6531494904001193,0.6791370500000085,342.9306640625,1006.8447265625,"[[0.9207, NaN, NaN, NaN, NaN, NaN], [0.8948, 0.921, NaN, NaN, NaN, NaN], [0.3383, 0.2479, 0.917, NaN, NaN, NaN], [0.847, 0.8474, 0.5157, 0.8284, NaN, NaN], [0.8747, 0.8512, 0.3116, 0.7286, 0.7487, NaN], [0.7027, 0.6768, 0.5137, 0.5521, 0.4899, 0.6992]]","[NaN, 0.9301, 0.3076, 0.3974, 0.7151, -0.041]"
highdim_regression,2,Standard replay (FIFO),regression,0.517542649730698,0.1133601949071742,0.812648089702693,0.724697855585943,0.13970091212424468,-0.12714123366515628,0.1133601949071742,0.7266920952572911,0.6578911268001321,0.5297089129999222,609.2353515625,917.2041015625,"[[0.9207, NaN, NaN, NaN, NaN, NaN], [0.922, 0.9426, NaN, NaN, NaN, NaN], [0.5275, 0.8082, 0.8894, NaN, NaN, NaN], [0.7497, 0.7593, 0.7637, 0.7402, NaN, NaN], [0.9008, 0.9035, 0.4923, 0.8017, 0.7643, NaN], [0.9045, 0.8817, 0.3521, 0.7345, 0.7487, 0.7267]]","[NaN, 0.9301, 0.3582, 0.5594, 0.6266, 0.1134]"
highdim_regression,2,Full retrain oracle*,regression,0.6395964751736216,0.38268617103480806,0.7989306057668105,0.7981484733354375,0.03135099442141483,-0.02528300842988045,0.39550940041488003,0.721068110634605,0.9731434004000221,0.524923623000177,3466.8681640625,3466.8681640625,"[[0.9207, NaN, NaN, NaN, NaN, NaN], [0.9326, 0.9474, NaN, NaN, NaN, NaN], [0.839, 0.9142, 0.7607, NaN, NaN, NaN], [0.8812, 0.9211, 0.7124, 0.8029, NaN, NaN], [0.9056, 0.929, 0.6581, 0.8213, 0.7625, NaN], [0.9036, 0.936, 0.6565, 0.8271, 0.7446, 0.7211]]","[NaN, 0.9301, 0.3827, 0.7747, 0.7149, 0.3955]"
highdim_regression,2,ADAPT-X (proposed),regression,0.5875749079539457,0.3398297681926069,0.8215715504899993,0.7557585706300894,0.1015965986212634,-0.09592725219982474,0.3398297681926069,0.7472158395050934,0.394257431799906,0.622521854000297,1917.9306640625,1917.9306640625,"[[0.9063, NaN, NaN, NaN, NaN, NaN], [0.9347, 0.951, NaN, NaN, NaN, NaN], [0.6319, 0.8403, 0.8953, NaN, NaN, NaN], [0.8213, 0.8774, 0.624, 0.8165, NaN, NaN], [0.8464, 0.8856, 0.5086, 0.8044, 0.6979, NaN], [0.8976, 0.9053, 0.4759, 0.7728, 0.7357, 0.7472]]","[NaN, 0.9205, 0.3957, 0.6086, 0.6732, 0.3398]"
highdim_regression,2,A: no drift detection,regression,0.5753788263924109,0.25653383405895336,0.8262241410272791,0.7453584838003171,0.11881897388103443,-0.11305994693283128,0.25653383405895336,0.7260723899545127,0.3461187579999205,0.6896255050000946,1923.0205078125,1923.0205078125,"[[0.9063, NaN, NaN, NaN, NaN, NaN], [0.9351, 0.9512, NaN, NaN, NaN, NaN], [0.6468, 0.8406, 0.8943, NaN, NaN, NaN], [0.8068, 0.8663, 0.6344, 0.8449, NaN, NaN], [0.8608, 0.9061, 0.5529, 0.8341, 0.7146, NaN], [0.8762, 0.8867, 0.4502, 0.7784, 0.7546, 0.7261]]","[NaN, 0.9205, 0.3963, 0.6102, 0.6932, 0.2565]"
highdim_regression,2,B: no replay (K=0),regression,0.5448421691839302,0.30868736372225125,0.8398546044761662,0.6731628461175766,0.21817005168555625,-0.2133251756010071,0.30868736372225125,0.7306619415705573,0.3015989166001418,0.6947785890001796,1573.2861328125,1573.2861328125,"[[0.9063, NaN, NaN, NaN, NaN, NaN], [0.9306, 0.9466, NaN, NaN, NaN, NaN], [0.456, 0.3683, 0.9383, NaN, NaN, NaN], [0.811, 0.8346, 0.5479, 0.8724, NaN, NaN], [0.8578, 0.8188, 0.4714, 0.8024, 0.7114, NaN], [0.815, 0.8279, 0.3092, 0.7077, 0.6486, 0.7307]]","[NaN, 0.9205, 0.3481, 0.4826, 0.6643, 0.3087]"
highdim_regression,2,C: no adaptive scaling,regression,0.5753788263924109,0.25653383405895336,0.8262241410272791,0.7453584838003171,0.11881897388103443,-0.11305994693283128,0.25653383405895336,0.7260723899545127,0.36781024160000014,0.8251844090000304,1923.0205078125,1923.0205078125,"[[0.9063, NaN, NaN, NaN, NaN, NaN], [0.9351, 0.9512, NaN, NaN, NaN, NaN], [0.6468, 0.8406, 0.8943, NaN, NaN, NaN], [0.8068, 0.8663, 0.6344, 0.8449, NaN, NaN], [0.8608, 0.9061, 0.5529, 0.8341, 0.7146, NaN], [0.8762, 0.8867, 0.4502, 0.7784, 0.7546, 0.7261]]","[NaN, 0.9205, 0.3963, 0.6102, 0.6932, 0.2565]"
highdim_regression,2,D: no stable persistent state,regression,0.5920800876369835,0.31224405208632955,0.812345023489315,0.7330567326434697,0.11784773566795541,-0.11394293078308422,0.31224405208632955,0.721020487913483,0.9665117607999492,0.7707725400000527,1051.775390625,1422.763671875,"[[0.9063, NaN, NaN, NaN, NaN, NaN], [0.9259, 0.9454, NaN, NaN, NaN, NaN], [0.6782, 0.802, 0.8592, NaN, NaN, NaN], [0.8244, 0.8605, 0.6689, 0.7879, NaN, NaN], [0.8738, 0.8695, 0.4893, 0.7665, 0.7483, NaN], [0.8383, 0.8524, 0.5787, 0.7229, 0.685, 0.721]]","[NaN, 0.9205, 0.3991, 0.6369, 0.6917, 0.3122]"
highdim_regression,2,E: random replay,regression,0.5966448330746481,0.35580839556862753,0.8265981728213152,0.7472540370180379,0.11715445282290866,-0.11115931486560227,0.35580839556862753,0.7418487274310457,0.3446406760001082,0.7312644540002111,1933.5791015625,1933.5791015625,"[[0.9063, NaN, NaN, NaN, NaN, NaN], [0.9363, 0.9464, NaN, NaN, NaN, NaN], [0.6557, 0.8507, 0.8797, NaN, NaN, NaN], [0.804, 0.8637, 0.6022, 0.8436, NaN, NaN], [0.8447, 0.8649, 0.5488, 0.7979, 0.7214, NaN], [0.8794, 0.8891, 0.461, 0.7765, 0.7357, 0.7418]]","[NaN, 0.9205, 0.3757, 0.6522, 0.679, 0.3558]"
highdim_regression,3,Static,regression,0.5334032294082359,-0.12122617592365814,0.5334032294082359,0.5974218910213626,0.0,0.0,-0.12122617592365814,-0.12122617592365814,0.003151096600049641,0.920679021000069,707.6416015625,707.6416015625,"[[0.9175, NaN, NaN, NaN, NaN, NaN], [0.9175, 0.8891, NaN, NaN, NaN, NaN], [0.9175, 0.8891, 0.3623, NaN, NaN, NaN], [0.9175, 0.8891, 0.3623, 0.7479, NaN, NaN], [0.9175, 0.8891, 0.3623, 0.7479, 0.789, NaN], [0.9175, 0.8891, 0.3623, 0.7479, 0.789, -0.1212]]","[NaN, 0.8891, 0.3623, 0.7479, 0.789, -0.1212]"
highdim_regression,3,Naive incremental,regression,0.47846550389179787,-0.05353151091986108,0.8133877690340725,0.5859443651211875,0.29763236153692335,-0.2937575707060465,-0.05353151091986108,0.6642744592476513,0.47471037100012836,0.7957199810002749,211.8212890625,707.6416015625,"[[0.9175, NaN, NaN, NaN, NaN, NaN], [0.9369, 0.9116, NaN, NaN, NaN, NaN], [0.2867, 0.3514, 0.9228, NaN, NaN, NaN], [0.8879, 0.834, 0.4692, 0.7908, NaN, NaN], [0.8858, 0.8583, 0.3201, 0.714, 0.7775, NaN], [0.6203, 0.6137, 0.4621, 0.5488, 0.6065, 0.6643]]","[NaN, 0.8891, 0.366, 0.4481, 0.7426, -0.0535]"
highdim_regression,3,Standard replay (FIFO),regression,0.5227713783588998,0.10751777880073798,0.8060568338894247,0.6950016238076868,0.16016910675246898,-0.15555792513759942,0.10751777880073798,0.6839019614432993,0.7313875304000248,0.8265568250003525,619.7119140625,1029.3603515625,"[[0.9175, NaN, NaN, NaN, NaN, NaN], [0.9406, 0.9233, NaN, NaN, NaN, NaN], [0.557, 0.7865, 0.8689, NaN, NaN, NaN], [0.7696, 0.7233, 0.7336, 0.7708, NaN, NaN], [0.9138, 0.8759, 0.451, 0.7657, 0.7834, NaN], [0.8708, 0.8685, 0.3098, 0.6852, 0.7518, 0.6839]]","[NaN, 0.8891, 0.3531, 0.5543, 0.7098, 0.1075]"
highdim_regression,3,Full retrain oracle*,regression,0.6110119101097033,0.26176237737414665,0.7944192067487512,0.7939829905565841,0.03187706916071058,-0.02514265789824919,0.26176237737414665,0.6995782939332473,0.8985866275999796,0.8659776350000357,3575.2822265625,3575.2822265625,"[[0.9175, NaN, NaN, NaN, NaN, NaN], [0.9512, 0.9306, NaN, NaN, NaN, NaN], [0.8529, 0.8889, 0.725, NaN, NaN, NaN], [0.8957, 0.9239, 0.6653, 0.812, NaN, NaN], [0.9099, 0.924, 0.6203, 0.7996, 0.805, NaN], [0.9181, 0.9241, 0.619, 0.7973, 0.8059, 0.6996]]","[NaN, 0.8891, 0.3656, 0.7582, 0.7804, 0.2618]"
highdim_regression,3,ADAPT-X (proposed),regression,0.5568251932481934,0.12731675851491153,0.8113743249677146,0.7192066704125194,0.1363149647093255,-0.13299334971744814,0.12731675851491153,0.6750071394697824,0.3262661804002164,0.7010637190001034,1908.7041015625,1908.7041015625,"[[0.9233, NaN, NaN, NaN, NaN, NaN], [0.9399, 0.9176, NaN, NaN, NaN, NaN], [0.6431, 0.8229, 0.8742, NaN, NaN, NaN], [0.8338, 0.824, 0.6307, 0.8489, NaN, NaN], [0.856, 0.8565, 0.4731, 0.8042, 0.7411, NaN], [0.8878, 0.875, 0.3628, 0.7542, 0.7604, 0.675]]","[NaN, 0.8924, 0.3716, 0.6605, 0.7322, 0.1273]"
highdim_regression,3,A: no drift detection,regression,0.5569277009414882,0.11708694862319491,0.8102199392981788,0.7382149606320146,0.11220788233908507,-0.109029015784518,0.11708694862319491,0.6652501860616749,0.30600548339989475,0.8066437309998946,1896.3720703125,1896.3720703125,"[[0.9233, NaN, NaN, NaN, NaN, NaN], [0.9392, 0.918, NaN, NaN, NaN, NaN], [0.634, 0.8272, 0.8686, NaN, NaN, NaN], [0.8388, 0.8345, 0.6299, 0.86, NaN, NaN], [0.8439, 0.868, 0.5129, 0.8129, 0.7393, NaN], [0.8765, 0.8914, 0.4542, 0.7803, 0.7617, 0.6653]]","[NaN, 0.8924, 0.3733, 0.6586, 0.7432, 0.1171]"
highdim_regression,3,B: no replay (K=0),regression,0.505668952302308,0.05365541609552216,0.819126637020912,0.6799441997687744,0.19006811132248042,-0.18786062654313948,0.05365541609552216,0.6365339693916147,0.2927603119998821,0.8101950469999792,1655.0908203125,1655.0908203125,"[[0.9233, NaN, NaN, NaN, NaN, NaN], [0.9344, 0.9099, NaN, NaN, NaN, NaN], [0.4377, 0.4712, 0.934, NaN, NaN, NaN], [0.8462, 0.8047, 0.5755, 0.8639, NaN, NaN], [0.8523, 0.8688, 0.4325, 0.7683, 0.7513, NaN], [0.8257, 0.8577, 0.3384, 0.6866, 0.7347, 0.6365]]","[NaN, 0.8924, 0.3587, 0.5084, 0.7151, 0.0537]"
highdim_regression,3,C: no adaptive scaling,regression,0.5569277009414882,0.11708694862319491,0.8102199392981788,0.7382149606320146,0.11220788233908507,-0.109029015784518,0.11708694862319491,0.6652501860616749,0.39454380559991475,0.8437366110001676,1896.3720703125,1896.3720703125,"[[0.9233, NaN, NaN, NaN, NaN, NaN], [0.9392, 0.918, NaN, NaN, NaN, NaN], [0.634, 0.8272, 0.8686, NaN, NaN, NaN], [0.8388, 0.8345, 0.6299, 0.86, NaN, NaN], [0.8439, 0.868, 0.5129, 0.8129, 0.7393, NaN], [0.8765, 0.8914, 0.4542, 0.7803, 0.7617, 0.6653]]","[NaN, 0.8924, 0.3733, 0.6586, 0.7432, 0.1171]"
highdim_regression,3,D: no stable persistent state,regression,0.5353160920632416,0.08584321217612445,0.7951566303260416,0.724330323179979,0.11528855412722556,-0.1106272717548235,0.08584321217612445,0.667564061605886,0.8957688966002024,0.8082431990001169,1044.791015625,1206.357421875,"[[0.9233, NaN, NaN, NaN, NaN, NaN], [0.9466, 0.9258, NaN, NaN, NaN, NaN], [0.6576, 0.7835, 0.8207, NaN, NaN, NaN], [0.8339, 0.8396, 0.6557, 0.7853, NaN, NaN], [0.892, 0.8714, 0.4916, 0.7633, 0.7764, NaN], [0.871, 0.8365, 0.4867, 0.723, 0.7612, 0.6676]]","[NaN, 0.8924, 0.3306, 0.6348, 0.7329, 0.0858]"
highdim_regression,3,E: random replay,regression,0.5526490577100385,0.12926688521633067,0.8145689457940535,0.7247902086909551,0.13238041321349414,-0.12948772460966423,0.12926688521633067,0.6837713367102722,0.31405377219998626,0.6882978940002431,1882.4150390625,1882.4150390625,"[[0.9233, NaN, NaN, NaN, NaN, NaN], [0.9378, 0.9162, NaN, NaN, NaN, NaN], [0.6363, 0.8347, 0.8755, NaN, NaN, NaN], [0.8321, 0.8549, 0.6283, 0.8439, NaN, NaN], [0.8402, 0.8329, 0.5027, 0.8191, 0.7536, NaN], [0.8612, 0.8413, 0.4412, 0.7619, 0.7593, 0.6838]]","[NaN, 0.8924, 0.3553, 0.6411, 0.7451, 0.1293]"
highdim_regression,4,Static,regression,0.5351024510367072,-0.17961578245907428,0.5351024510367072,0.5974953057725703,0.0,0.0,-0.17961578245907428,-0.17961578245907428,0.0030619354000918976,1.051395439999851,898.1806640625,898.1806640625,"[[0.9095, NaN, NaN, NaN, NaN, NaN], [0.9095, 0.9212, NaN, NaN, NaN, NaN], [0.9095, 0.9212, 0.3675, NaN, NaN, NaN], [0.9095, 0.9212, 0.3675, 0.7843, NaN, NaN], [0.9095, 0.9212, 0.3675, 0.7843, 0.7821, NaN], [0.9095, 0.9212, 0.3675, 0.7843, 0.7821, -0.1796]]","[NaN, 0.9212, 0.3675, 0.7843, 0.7821, -0.1796]"
highdim_regression,4,Naive incremental,regression,0.43600481339670993,-0.1730945807523625,0.814278049041491,0.5107351628451966,0.38328776951763216,-0.38328776951763216,-0.1730945807523625,0.7003397289424966,0.6823440297999696,0.9536157100001219,278.2431640625,999.4072265625,"[[0.9095, NaN, NaN, NaN, NaN, NaN], [0.9029, 0.913, NaN, NaN, NaN, NaN], [0.2834, 0.2652, 0.92, NaN, NaN, NaN], [0.8477, 0.8117, 0.5704, 0.7946, NaN, NaN], [0.8715, 0.9034, 0.3852, 0.7654, 0.7433, NaN], [0.5623, 0.419, 0.3802, 0.5016, 0.501, 0.7003]]","[NaN, 0.9212, 0.3665, 0.3427, 0.7228, -0.1731]"
highdim_regression,4,Standard replay (FIFO),regression,0.4946664120649773,-0.016892875456470557,0.8002873762877082,0.7278560649801942,0.13576668627877336,-0.10875201420185225,-0.016892875456470557,0.7023619603494813,0.7003221747999305,1.285774032000063,672.1884765625,1214.5869140625,"[[0.9095, NaN, NaN, NaN, NaN, NaN], [0.9325, 0.942, NaN, NaN, NaN, NaN], [0.552, 0.793, 0.8812, NaN, NaN, NaN], [0.7437, 0.6936, 0.7799, 0.6857, NaN, NaN], [0.8863, 0.8692, 0.4754, 0.7978, 0.7901, NaN], [0.8806, 0.8723, 0.3965, 0.7588, 0.7566, 0.7024]]","[NaN, 0.9212, 0.3974, 0.5088, 0.6629, -0.0169]"
highdim_regression,4,Full retrain oracle*,regression,0.607542400298254,0.2197779891517826,0.7906381721884184,0.7985297255218518,0.025688514318236978,-0.014294417452573493,0.2197779891517826,0.7325020307751138,0.8923770649998914,1.1438293979999798,3456.3916015625,3456.3916015625,"[[0.9095, NaN, NaN, NaN, NaN, NaN], [0.9398, 0.9465, NaN, NaN, NaN, NaN], [0.8316, 0.9026, 0.7062, NaN, NaN, NaN], [0.8766, 0.9124, 0.6852, 0.8003, NaN, NaN], [0.8926, 0.9265, 0.6521, 0.8269, 0.7677, NaN], [0.9047, 0.9199, 0.6348, 0.824, 0.7752, 0.7325]]","[NaN, 0.9212, 0.4068, 0.7574, 0.7326, 0.2198]"
highdim_regression,4,ADAPT-X (proposed),regression,0.5512718578618282,0.14287211606055294,0.8364640285255847,0.7423775489094991,0.13284329831444558,-0.12763234000763615,0.14287211606055294,0.7729602815085168,0.3620537392001097,0.5897637120001491,1837.5986328125,1837.5986328125,"[[0.9101, NaN, NaN, NaN, NaN, NaN], [0.9323, 0.9341, NaN, NaN, NaN, NaN], [0.6185, 0.8436, 0.876, NaN, NaN, NaN], [0.8102, 0.8518, 0.6042, 0.8497, NaN, NaN], [0.8653, 0.8698, 0.5064, 0.8535, 0.7496, NaN], [0.8658, 0.8864, 0.3887, 0.8141, 0.7264, 0.773]]","[NaN, 0.9114, 0.3718, 0.5931, 0.7371, 0.1429]"
highdim_regression,4,A: no drift detection,regression,0.5592679778070258,0.17592953670247025,0.8395644560049224,0.7543570361431217,0.12081645499490794,-0.11635738280662708,0.17592953670247025,0.7729171495945182,0.34648591140003193,0.9762909689998196,1842.7158203125,1842.7158203125,"[[0.9101, NaN, NaN, NaN, NaN, NaN], [0.9324, 0.9345, NaN, NaN, NaN, NaN], [0.6157, 0.8498, 0.8784, NaN, NaN, NaN], [0.813, 0.8534, 0.5929, 0.8546, NaN, NaN], [0.8698, 0.8851, 0.4671, 0.8369, 0.7574, NaN], [0.8807, 0.9062, 0.4345, 0.7931, 0.7387, 0.7729]]","[NaN, 0.9114, 0.3733, 0.6127, 0.723, 0.1759]"
highdim_regression,4,B: no replay (K=0),regression,0.4881094191389509,0.014004166421566544,0.8443540967982359,0.594672811970674,0.3162077687030124,-0.3127680926068776,0.014004166421566544,0.7371782684367632,0.26946152519985844,0.5747630930000014,1561.2392578125,1561.2392578125,"[[0.9101, NaN, NaN, NaN, NaN, NaN], [0.9273, 0.9235, NaN, NaN, NaN, NaN], [0.422, 0.4161, 0.9317, NaN, NaN, NaN], [0.8138, 0.7377, 0.527, 0.8734, NaN, NaN], [0.8908, 0.863, 0.3818, 0.8183, 0.7559, NaN], [0.649, 0.7526, 0.3337, 0.5686, 0.5269, 0.7372]]","[NaN, 0.9114, 0.3365, 0.453, 0.7257, 0.014]"
highdim_regression,4,C: no adaptive scaling,regression,0.5592679778070258,0.17592953670247025,0.8395644560049224,0.7543570361431217,0.12081645499490794,-0.11635738280662708,0.17592953670247025,0.7729171495945182,0.30004665199994635,0.7596694439998828,1842.7158203125,1842.7158203125,"[[0.9101, NaN, NaN, NaN, NaN, NaN], [0.9324, 0.9345, NaN, NaN, NaN, NaN], [0.6157, 0.8498, 0.8784, NaN, NaN, NaN], [0.813, 0.8534, 0.5929, 0.8546, NaN, NaN], [0.8698, 0.8851, 0.4671, 0.8369, 0.7574, NaN], [0.8807, 0.9062, 0.4345, 0.7931, 0.7387, 0.7729]]","[NaN, 0.9114, 0.3733, 0.6127, 0.723, 0.1759]"
highdim_regression,4,D: no stable persistent state,regression,0.527877655273469,0.022571176937353887,0.7948534946725706,0.7307064337475526,0.10551253995793097,-0.10002714434895812,0.022571176937353887,0.6788478451253106,0.8324983569999859,0.7201301100003548,1016.728515625,1391.333984375,"[[0.9101, NaN, NaN, NaN, NaN, NaN], [0.9272, 0.9327, NaN, NaN, NaN, NaN], [0.6612, 0.7958, 0.8298, NaN, NaN, NaN], [0.8339, 0.8438, 0.6697, 0.7749, NaN, NaN], [0.8913, 0.876, 0.4646, 0.7853, 0.758, NaN], [0.8513, 0.8163, 0.5554, 0.7695, 0.7129, 0.6788]]","[NaN, 0.9114, 0.3818, 0.6208, 0.7028, 0.0226]"
highdim_regression,4,E: random replay,regression,0.5549434514406596,0.15168082596351729,0.8352154921096832,0.7497385753153134,0.12167897488878261,-0.11755057190475764,0.15168082596351729,0.7753148503226086,0.3347848354001144,0.6049194610000086,1844.5361328125,1844.5361328125,"[[0.9101, NaN, NaN, NaN, NaN, NaN], [0.9307, 0.9263, NaN, NaN, NaN, NaN], [0.6183, 0.8062, 0.8825, NaN, NaN, NaN], [0.8091, 0.8372, 0.6396, 0.848, NaN, NaN], [0.8552, 0.8535, 0.5624, 0.8258, 0.744, NaN], [0.8865, 0.8736, 0.445, 0.7756, 0.7424, 0.7753]]","[NaN, 0.9114, 0.3609, 0.6165, 0.7343, 0.1517]"
heteroscedastic_regression,0,Static,regression,0.25728416372537233,-0.5401362609284448,0.25728416372537233,0.3549699814376163,0.0,0.0,-0.5401362609284448,-0.5401362609284448,0.0008096551999187795,0.20956681600000593,225.2705078125,225.2705078125,"[[0.8434, NaN, NaN, NaN, NaN, NaN], [0.8434, 0.0994, NaN, NaN, NaN, NaN], [0.8434, 0.0994, 0.2959, NaN, NaN, NaN], [0.8434, 0.0994, 0.2959, 0.7094, NaN, NaN], [0.8434, 0.0994, 0.2959, 0.7094, 0.7218, NaN], [0.8434, 0.0994, 0.2959, 0.7094, 0.7218, -0.5401]]","[NaN, 0.0994, 0.2959, 0.7094, 0.7218, -0.5401]"
heteroscedastic_regression,0,Naive incremental,regression,0.16887971651832073,-0.5815076072895804,0.7667710653891361,-7.232015490913239,9.613869468484792,-9.613869468484792,-0.5815076072895804,0.7142777603409969,0.20004880699998467,0.21063182799980495,195.7431640625,340.3955078125,"[[0.8434, NaN, NaN, NaN, NaN, NaN], [0.6946, 0.68, NaN, NaN, NaN, NaN], [0.091, 0.4437, 0.8655, NaN, NaN, NaN], [0.6618, 0.2798, 0.1461, 0.8667, NaN, NaN], [0.8001, -0.0745, 0.314, 0.6988, 0.7074, NaN], [-11.8655, -3.3145, -10.4939, -9.3412, -9.0911, 0.7143]]","[NaN, 0.0994, 0.4522, 0.2783, 0.596, -0.5815]"
heteroscedastic_regression,0,Standard replay (FIFO),regression,0.15714460025035057,-0.5667306992379464,0.7445216368571427,0.03287548893017733,0.8783052996239638,-0.8737508641406972,-0.5667306992379464,0.7086952313920459,0.21288397939997594,0.15532907200031332,295.4150390625,375.9267578125,"[[0.8434, NaN, NaN, NaN, NaN, NaN], [0.8363, 0.701, NaN, NaN, NaN, NaN], [0.2631, 0.682, 0.8303, NaN, NaN, NaN], [0.6401, 0.4129, 0.5874, 0.7814, NaN, NaN], [0.7885, 0.2931, 0.3018, 0.8042, 0.7012, NaN], [-0.0844, -0.0864, -0.4515, 0.0514, 0.0595, 0.7087]]","[NaN, 0.0994, 0.3125, 0.3818, 0.5587, -0.5667]"
heteroscedastic_regression,0,Full retrain oracle*,regression,0.21466421881856537,-0.5959986930278125,0.7016918237251897,0.6672874305717628,0.07594714906654934,-0.06962672103884145,-0.5959986930278125,0.7049434592544062,0.19768806320016666,0.13978658299993185,1028.8212890625,1028.8212890625,"[[0.8434, NaN, NaN, NaN, NaN, NaN], [0.8258, 0.6835, NaN, NaN, NaN, NaN], [0.6945, 0.6972, 0.6678, NaN, NaN, NaN], [0.7569, 0.6698, 0.5754, 0.7629, NaN, NaN], [0.8126, 0.7007, 0.5719, 0.7774, 0.6893, NaN], [0.7537, 0.6292, 0.5445, 0.7483, 0.6231, 0.7049]]","[NaN, 0.0994, 0.2758, 0.6345, 0.6596, -0.596]"
heteroscedastic_regression,0,ADAPT-X (proposed),regression,0.18711234430564377,-0.5498955584079717,0.7349580635897975,-0.237486101238366,1.1862469835401679,-1.1862469835401679,-0.5498955584079717,0.6920537644463436,0.13264525100012178,0.16898494800034314,837.4189453125,837.4189453125,"[[0.8315, NaN, NaN, NaN, NaN, NaN], [0.8248, 0.6784, NaN, NaN, NaN, NaN], [0.4257, 0.6553, 0.8065, NaN, NaN, NaN], [0.7305, 0.639, 0.3659, 0.8244, NaN, NaN], [0.7678, 0.6575, 0.3901, 0.7768, 0.6735, NaN], [-0.6431, 0.1916, -0.761, -0.4889, -0.4155, 0.6921]]","[NaN, 0.0629, 0.2882, 0.4924, 0.6419, -0.5499]"
heteroscedastic_regression,0,A: no drift detection,regression,0.1796858530654235,-0.5845312125874516,0.7370576741638072,0.2402970924607384,0.6150067616752523,-0.6150067616752523,-0.5845312125874516,0.6983114963081298,0.1513675854000212,0.18423445999997057,688.5908203125,692.0751953125,"[[0.8315, NaN, NaN, NaN, NaN, NaN], [0.8246, 0.6782, NaN, NaN, NaN, NaN], [0.403, 0.6513, 0.8131, NaN, NaN, NaN], [0.6957, 0.6527, 0.4383, 0.7971, NaN, NaN], [0.7576, 0.6565, 0.4298, 0.7343, 0.6986, NaN], [0.0099, 0.4598, 0.1735, 0.0658, 0.0346, 0.6983]]","[NaN, 0.0629, 0.2946, 0.4768, 0.6486, -0.5845]"
heteroscedastic_regression,0,B: no replay (K=0),regression,0.19952282845874153,-0.52994119962146,0.7374342362185449,-5.0853738783745355,7.0061884887323185,-7.0061884887323185,-0.52994119962146,0.6765816733554469,0.14956447459990158,0.19957358999999997,795.3408203125,795.3408203125,"[[0.8315, NaN, NaN, NaN, NaN, NaN], [0.8073, 0.6741, NaN, NaN, NaN, NaN], [0.3443, 0.612, 0.8354, NaN, NaN, NaN], [0.6566, 0.6177, 0.2375, 0.8229, NaN, NaN], [0.7521, 0.5221, 0.3101, 0.7201, 0.6781, NaN], [-10.3255, -1.7354, -6.7679, -6.6804, -5.6796, 0.6766]]","[NaN, 0.0629, 0.4118, 0.4229, 0.63, -0.5299]"
heteroscedastic_regression,0,C: no adaptive scaling,regression,0.1796858530654235,-0.5845312125874516,0.7370576741638072,0.2402970924607384,0.6150067616752523,-0.6150067616752523,-0.5845312125874516,0.6983114963081298,0.12697691679995843,0.1491870499999095,688.5908203125,692.0751953125,"[[0.8315, NaN, NaN, NaN, NaN, NaN], [0.8246, 0.6782, NaN, NaN, NaN, NaN], [0.403, 0.6513, 0.8131, NaN, NaN, NaN], [0.6957, 0.6527, 0.4383, 0.7971, NaN, NaN], [0.7576, 0.6565, 0.4298, 0.7343, 0.6986, NaN], [0.0099, 0.4598, 0.1735, 0.0658, 0.0346, 0.6983]]","[NaN, 0.0629, 0.2946, 0.4768, 0.6486, -0.5845]"
heteroscedastic_regression,0,D: no stable persistent state,regression,0.18535218081564303,-0.5869478278678981,0.7433389342686192,0.2606875596128379,0.596819461197545,-0.596819461197545,-0.5869478278678981,0.7116162392284857,0.23918413199990027,0.16230956300023536,424.986328125,456.744140625,"[[0.8315, NaN, NaN, NaN, NaN, NaN], [0.817, 0.6842, NaN, NaN, NaN, NaN], [0.4805, 0.6531, 0.7918, NaN, NaN, NaN], [0.7059, 0.6377, 0.3899, 0.8127, NaN, NaN], [0.8082, 0.5827, 0.4007, 0.8016, 0.7164, NaN], [0.2453, 0.2268, -0.1632, 0.3409, 0.2028, 0.7116]]","[NaN, 0.0629, 0.2816, 0.535, 0.6342, -0.5869]"
heteroscedastic_regression,0,E: random replay,regression,0.1847690577124132,-0.554484108742981,0.7364759728240017,0.19726904279760146,0.6660587199312112,-0.6660587199312112,-0.554484108742981,0.6938778696806188,0.12028720560001602,0.17515872499961915,751.5556640625,751.5556640625,"[[0.8315, NaN, NaN, NaN, NaN, NaN], [0.8264, 0.6873, NaN, NaN, NaN, NaN], [0.4518, 0.6393, 0.8067, NaN, NaN, NaN], [0.7269, 0.6197, 0.3786, 0.8002, NaN, NaN], [0.7863, 0.6712, 0.3718, 0.7506, 0.6944, NaN], [0.0237, 0.4331, -0.1368, 0.1437, 0.026, 0.6939]]","[NaN, 0.0629, 0.279, 0.4804, 0.656, -0.5545]"
heteroscedastic_regression,1,Static,regression,0.2564334797113535,-0.6493810543224152,0.2564334797113535,0.36142663827608823,0.0,0.0,-0.6493810543224152,-0.6493810543224152,0.0007713166000030469,0.10877499100024579,160.8251953125,160.8251953125,"[[0.8864, NaN, NaN, NaN, NaN, NaN], [0.8864, 0.2067, NaN, NaN, NaN, NaN], [0.8864, 0.2067, 0.3422, NaN, NaN, NaN], [0.8864, 0.2067, 0.3422, 0.6671, NaN, NaN], [0.8864, 0.2067, 0.3422, 0.6671, 0.7155, NaN], [0.8864, 0.2067, 0.3422, 0.6671, 0.7155, -0.6494]]","[NaN, 0.2067, 0.3422, 0.6671, 0.7155, -0.6494]"
heteroscedastic_regression,1,Naive incremental,regression,0.17006864975225225,-0.6498672997256612,0.7878351532929215,-9.399372602036696,12.244360761956907,-12.244360761956907,-0.6498672997256612,0.7581701281971881,0.17637818919984055,0.14884819000008065,302.5634765625,302.5634765625,"[[0.8864, NaN, NaN, NaN, NaN, NaN], [0.526, 0.7546, NaN, NaN, NaN, NaN], [0.3117, 0.5156, 0.8495, NaN, NaN, NaN], [0.7369, 0.3502, 0.1314, 0.825, NaN, NaN], [0.7967, 0.0157, 0.2171, 0.6496, 0.752, NaN], [-12.5745, -4.8894, -14.0468, -13.1084, -12.5353, 0.7582]]","[NaN, 0.2067, 0.4927, 0.1633, 0.6375, -0.6499]"
heteroscedastic_regression,1,Standard replay (FIFO),regression,0.15115480971765752,-0.6616486222085658,0.7563652960967818,-0.12286884214657488,1.0889349611117538,-1.081086392892624,-0.6616486222085658,0.7537693901027794,0.19361739160003708,0.1355292860002919,347.7822265625,389.9228515625,"[[0.8864, NaN, NaN, NaN, NaN, NaN], [0.8675, 0.7583, NaN, NaN, NaN, NaN], [0.4402, 0.7284, 0.8265, NaN, NaN, NaN], [0.6982, 0.4504, 0.5624, 0.7131, NaN, NaN], [0.8078, 0.2811, 0.2204, 0.7524, 0.7301, NaN], [0.082, -0.8396, -0.4283, -0.2245, -0.0806, 0.7538]]","[NaN, 0.2067, 0.3573, 0.2617, 0.5918, -0.6616]"
heteroscedastic_regression,1,Full retrain oracle*,regression,0.2146689925556445,-0.674212095755238,0.7145236344905886,0.6648844255101503,0.10157353687661945,-0.09394081009836086,-0.674212095755238,0.7451486981182386,0.20310904340003616,0.13709892899987608,951.8056640625,951.8056640625,"[[0.8864, NaN, NaN, NaN, NaN, NaN], [0.8866, 0.7648, NaN, NaN, NaN, NaN], [0.7797, 0.7608, 0.6659, NaN, NaN, NaN], [0.8231, 0.7583, 0.5789, 0.6841, NaN, NaN], [0.8533, 0.7361, 0.4952, 0.722, 0.7128, NaN], [0.7848, 0.6781, 0.4228, 0.6735, 0.685, 0.7451]]","[NaN, 0.2067, 0.315, 0.5585, 0.6673, -0.6742]"
heteroscedastic_regression,1,ADAPT-X (proposed),regression,0.18520115943099685,-0.6465481053419317,0.7677287682804743,0.03268247726631588,0.9051825816163206,-0.9051825816163206,-0.6465481053419317,0.7577422718599,0.14635077940001792,0.15261364000025424,788.2626953125,788.2626953125,"[[0.8834, NaN, NaN, NaN, NaN, NaN], [0.8792, 0.7676, NaN, NaN, NaN, NaN], [0.573, 0.7174, 0.8022, NaN, NaN, NaN], [0.7936, 0.7005, 0.3567, 0.7654, NaN, NaN], [0.8156, 0.7187, 0.2777, 0.7195, 0.7457, NaN], [-0.0138, 0.2754, -0.4178, -0.1037, -0.3018, 0.7577]]","[NaN, 0.2359, 0.2881, 0.3784, 0.6701, -0.6465]"
heteroscedastic_regression,1,A: no drift detection,regression,0.18159265829681806,-0.6386146241357977,0.7627863582622668,0.2146663789941011,0.6818594895247705,-0.6818594895247705,-0.6386146241357977,0.7508905686829068,0.13537514979989282,0.190104221999718,721.6064453125,721.6064453125,"[[0.8834, NaN, NaN, NaN, NaN, NaN], [0.879, 0.7672, NaN, NaN, NaN, NaN], [0.5595, 0.7131, 0.8049, NaN, NaN, NaN], [0.7689, 0.7235, 0.3795, 0.7667, NaN, NaN], [0.8288, 0.7368, 0.2807, 0.7166, 0.7242, NaN], [0.2044, 0.5039, -0.223, -0.0143, 0.0662, 0.7509]]","[NaN, 0.2359, 0.2823, 0.3593, 0.6691, -0.6386]"
heteroscedastic_regression,1,B: no replay (K=0),regression,0.16085439705803278,-0.6566867274965953,0.7588970652306113,-3.5520370484201536,5.198014309390222,-5.198014309390222,-0.6566867274965953,0.7284642329545932,0.1250620355999672,0.1339453090004099,816.3095703125,816.3095703125,"[[0.8834, NaN, NaN, NaN, NaN, NaN], [0.8704, 0.7582, NaN, NaN, NaN, NaN], [0.4936, 0.5827, 0.8244, NaN, NaN, NaN], [0.7482, 0.6855, 0.2375, 0.7802, NaN, NaN], [0.7842, 0.5769, 0.2133, 0.651, 0.7032, NaN], [-4.5835, -1.6224, -5.0339, -5.1599, -5.641, 0.7285]]","[NaN, 0.2359, 0.292, 0.2905, 0.6426, -0.6567]"
heteroscedastic_regression,1,C: no adaptive scaling,regression,0.18159265829681806,-0.6386146241357977,0.7627863582622668,0.2146663789941011,0.6818594895247705,-0.6818594895247705,-0.6386146241357977,0.7508905686829068,0.1429780688000392,0.16829531099983797,721.6064453125,721.6064453125,"[[0.8834, NaN, NaN, NaN, NaN, NaN], [0.879, 0.7672, NaN, NaN, NaN, NaN], [0.5595, 0.7131, 0.8049, NaN, NaN, NaN], [0.7689, 0.7235, 0.3795, 0.7667, NaN, NaN], [0.8288, 0.7368, 0.2807, 0.7166, 0.7242, NaN], [0.2044, 0.5039, -0.223, -0.0143, 0.0662, 0.7509]]","[NaN, 0.2359, 0.2823, 0.3593, 0.6691, -0.6386]"
heteroscedastic_regression,1,D: no stable persistent state,regression,0.1986851768092827,-0.6655726114714218,0.7711632993013093,0.23679514478188604,0.6636819116184712,-0.6636819116184712,-0.6655726114714218,0.7597127174666508,0.2158185847999448,0.22531046899985085,350.697265625,414.716796875,"[[0.8834, NaN, NaN, NaN, NaN, NaN], [0.8761, 0.7765, NaN, NaN, NaN, NaN], [0.5993, 0.7021, 0.785, NaN, NaN, NaN], [0.7819, 0.7128, 0.3668, 0.7741, NaN, NaN], [0.8297, 0.6683, 0.3062, 0.7362, 0.7604, NaN], [0.4109, 0.215, -0.4057, 0.2684, 0.1724, 0.7597]]","[NaN, 0.2359, 0.334, 0.4108, 0.6783, -0.6656]"
heteroscedastic_regression,1,E: random replay,regression,0.1805023171388845,-0.6844666331410167,0.7663859949599645,0.10537800696318346,0.8166051726595696,-0.8166051726595696,-0.6844666331410167,0.7556022965956882,0.146626006599854,0.1518356629999289,775.8876953125,775.8876953125,"[[0.8834, NaN, NaN, NaN, NaN, NaN], [0.8777, 0.7635, NaN, NaN, NaN, NaN], [0.5684, 0.7354, 0.8293, NaN, NaN, NaN], [0.7871, 0.7043, 0.308, 0.7646, NaN, NaN], [0.827, 0.7305, 0.2609, 0.7087, 0.7189, NaN], [0.2093, 0.3921, -0.4923, -0.0828, -0.1496, 0.7556]]","[NaN, 0.2359, 0.2915, 0.3652, 0.6943, -0.6845]"
heteroscedastic_regression,2,Static,regression,0.20299154379260123,-0.8000960687084488,0.20299154379260123,0.3170947811954098,0.0,0.0,-0.8000960687084488,-0.8000960687084488,0.0010774532000141334,0.10552693799991175,170.2080078125,170.2080078125,"[[0.8876, NaN, NaN, NaN, NaN, NaN], [0.8876, 0.1451, NaN, NaN, NaN, NaN], [0.8876, 0.1451, 0.3492, NaN, NaN, NaN], [0.8876, 0.1451, 0.3492, 0.6353, NaN, NaN], [0.8876, 0.1451, 0.3492, 0.6353, 0.6855, NaN], [0.8876, 0.1451, 0.3492, 0.6353, 0.6855, -0.8001]]","[NaN, 0.1451, 0.3492, 0.6353, 0.6855, -0.8001]"
heteroscedastic_regression,2,Naive incremental,regression,0.09131378765653739,-0.8242427470964739,0.7735172166396691,-7.711867052399021,10.205279873160384,-10.205279873160384,-0.8242427470964739,0.7269367484902244,0.15649726319988985,0.11143056099990645,165.8759765625,215.8212890625,"[[0.8876, NaN, NaN, NaN, NaN, NaN], [0.6718, 0.7567, NaN, NaN, NaN, NaN], [0.2885, 0.4124, 0.8691, NaN, NaN, NaN], [0.7201, 0.2608, 0.2382, 0.85, NaN, NaN], [0.8285, 0.0418, 0.4039, 0.619, 0.6649, NaN], [-11.9383, -2.7253, -10.8886, -10.8829, -10.5629, 0.7269]]","[NaN, 0.1451, 0.5225, 0.1101, 0.5031, -0.8242]"
heteroscedastic_regression,2,Standard replay (FIFO),regression,0.09229463463819995,-0.7611985932215792,0.7353608810760888,0.07835159703162053,0.8268182258127463,-0.8188611582800345,-0.7611985932215792,0.6988063147034855,0.18560956580004132,0.17535390300008658,302.2900390625,354.8759765625,"[[0.8876, NaN, NaN, NaN, NaN, NaN], [0.8842, 0.7504, NaN, NaN, NaN, NaN], [0.3908, 0.7056, 0.8529, NaN, NaN, NaN], [0.7243, 0.4059, 0.6229, 0.7058, NaN, NaN], [0.8482, 0.1952, 0.3819, 0.7456, 0.6689, NaN], [0.3362, -0.0887, -0.2926, 0.0083, -0.1918, 0.6988]]","[NaN, 0.1451, 0.395, 0.1745, 0.5081, -0.7612]"
heteroscedastic_regression,2,Full retrain oracle*,regression,0.16854324697043963,-0.8040345842634466,0.7101849880781762,0.6429675325491299,0.1162720054322471,-0.1161461426611109,-0.8040345842634466,0.6888430602375568,0.22621804800000972,0.14520212799970977,979.8369140625,979.8369140625,"[[0.8876, NaN, NaN, NaN, NaN, NaN], [0.878, 0.7672, NaN, NaN, NaN, NaN], [0.7533, 0.741, 0.7403, NaN, NaN, NaN], [0.8197, 0.7462, 0.6303, 0.6963, NaN, NaN], [0.8536, 0.7566, 0.5966, 0.6969, 0.6584, NaN], [0.7781, 0.701, 0.4655, 0.6514, 0.5729, 0.6888]]","[NaN, 0.1451, 0.3541, 0.5032, 0.6445, -0.804]"
heteroscedastic_regression,2,ADAPT-X (proposed),regression,0.1502277381127543,-0.7826306753196193,0.7294430827427039,0.3015943903578033,0.5430475596348976,-0.541874517245959,-0.7826306753196193,0.6816920076682604,0.12074557539990564,0.13294716800010065,697.2236328125,697.2236328125,"[[0.8717, NaN, NaN, NaN, NaN, NaN], [0.8776, 0.7525, NaN, NaN, NaN, NaN], [0.5605, 0.7093, 0.8451, NaN, NaN, NaN], [0.7893, 0.6939, 0.4502, 0.7324, NaN, NaN], [0.8093, 0.6649, 0.3994, 0.6988, 0.6355, NaN], [0.4397, 0.3737, -0.0126, 0.2392, 0.088, 0.6817]]","[NaN, 0.1551, 0.3924, 0.3583, 0.6279, -0.7826]"
heteroscedastic_regression,2,A: no drift detection,regression,0.13146656877665092,-0.800265211495998,0.7305343230499244,0.24414847177472965,0.6130745367442935,-0.611900859852868,-0.800265211495998,0.6844217372802146,0.13886479959992357,0.10147537400007423,707.4736328125,707.4736328125,"[[0.8717, NaN, NaN, NaN, NaN, NaN], [0.8776, 0.7527, NaN, NaN, NaN, NaN], [0.5359, 0.7025, 0.8559, NaN, NaN, NaN], [0.7998, 0.6881, 0.5257, 0.7153, NaN, NaN], [0.8601, 0.7005, 0.4218, 0.6608, 0.6443, NaN], [0.3388, 0.3917, 0.0165, 0.0211, 0.0124, 0.6844]]","[NaN, 0.1551, 0.3946, 0.3315, 0.5764, -0.8003]"
heteroscedastic_regression,2,B: no replay (K=0),regression,0.1216964864506929,-0.7845030937410675,0.7466828187729728,-3.859973626549811,5.552995873565364,-5.552995873565364,-0.7845030937410675,0.6894654722503643,0.122825460400054,0.1172123310002462,662.2119140625,662.2119140625,"[[0.8717, NaN, NaN, NaN, NaN, NaN], [0.862, 0.73, NaN, NaN, NaN, NaN], [0.4528, 0.6333, 0.8634, NaN, NaN, NaN], [0.7394, 0.6463, 0.3397, 0.7966, NaN, NaN], [0.8447, 0.5293, 0.3309, 0.64, 0.654, NaN], [-5.9068, -1.5518, -6.1853, -5.3445, -4.861, 0.6895]]","[NaN, 0.1551, 0.4638, 0.2329, 0.5413, -0.7845]"
heteroscedastic_regression,2,C: no adaptive scaling,regression,0.13146656877665092,-0.800265211495998,0.7305343230499244,0.24414847177472965,0.6130745367442935,-0.611900859852868,-0.800265211495998,0.6844217372802146,0.1259121803999733,0.10514124299970717,707.4736328125,707.4736328125,"[[0.8717, NaN, NaN, NaN, NaN, NaN], [0.8776, 0.7527, NaN, NaN, NaN, NaN], [0.5359, 0.7025, 0.8559, NaN, NaN, NaN], [0.7998, 0.6881, 0.5257, 0.7153, NaN, NaN], [0.8601, 0.7005, 0.4218, 0.6608, 0.6443, NaN], [0.3388, 0.3917, 0.0165, 0.0211, 0.0124, 0.6844]]","[NaN, 0.1551, 0.3946, 0.3315, 0.5764, -0.8003]"
heteroscedastic_regression,2,D: no stable persistent state,regression,0.12582455827810027,-0.8690353154556736,0.7386069601655721,-0.02826088244402934,0.9468647220310265,-0.9468647220310265,-0.8690353154556736,0.6916340798438121,0.2008340703999238,0.11721639899997172,452.267578125,452.267578125,"[[0.8717, NaN, NaN, NaN, NaN, NaN], [0.8675, 0.7668, NaN, NaN, NaN, NaN], [0.5791, 0.7272, 0.8112, NaN, NaN, NaN], [0.7653, 0.7146, 0.4408, 0.7738, NaN, NaN], [0.8224, 0.6618, 0.4147, 0.7111, 0.6496, NaN], [0.065, 0.1413, -0.6962, -0.1695, -0.2018, 0.6916]]","[NaN, 0.1551, 0.3808, 0.3637, 0.5986, -0.869]"
heteroscedastic_regression,2,E: random replay,regression,0.15034362474057664,-0.7944771709298917,0.7343150676058915,0.1640117234500662,0.7127213255387278,-0.7118457023984313,-0.7944771709298917,0.6746897342388535,0.12980731880006716,0.10001070799989975,716.4228515625,716.4228515625,"[[0.8717, NaN, NaN, NaN, NaN, NaN], [0.8761, 0.7586, NaN, NaN, NaN, NaN], [0.5978, 0.6929, 0.8221, NaN, NaN, NaN], [0.8063, 0.7184, 0.4632, 0.76, NaN, NaN], [0.848, 0.7067, 0.4226, 0.7012, 0.6561, NaN], [0.2959, 0.3119, -0.2795, 0.0632, -0.0821, 0.6747]]","[NaN, 0.1551, 0.388, 0.3849, 0.6182, -0.7945]"
heteroscedastic_regression,3,Static,regression,0.2640153521682356,-0.6129440975115947,0.2640153521682356,0.36432270007768963,0.0,0.0,-0.6129440975115947,-0.6129440975115947,0.0008905912000045646,0.14331315299978087,246.1337890625,246.1337890625,"[[0.8659, NaN, NaN, NaN, NaN, NaN], [0.8659, 0.2518, NaN, NaN, NaN, NaN], [0.8659, 0.2518, 0.3002, NaN, NaN, NaN], [0.8659, 0.2518, 0.3002, 0.6881, NaN, NaN], [0.8659, 0.2518, 0.3002, 0.6881, 0.693, NaN], [0.8659, 0.2518, 0.3002, 0.6881, 0.693, -0.6129]]","[NaN, 0.2518, 0.3002, 0.6881, 0.693, -0.6129]"
heteroscedastic_regression,3,Naive incremental,regression,0.1877525200982478,-0.619034978675433,0.7619415951120022,-6.891420926525246,9.204818594867287,-9.204818594867287,-0.619034978675433,0.7059817176888958,0.13676703399996767,0.1435198560002391,163.3603515625,246.1337890625,"[[0.8659, NaN, NaN, NaN, NaN, NaN], [0.708, 0.7604, NaN, NaN, NaN, NaN], [0.297, 0.4237, 0.8257, NaN, NaN, NaN], [0.6795, 0.3041, -0.0176, 0.8688, NaN, NaN], [0.8253, 0.0314, 0.299, 0.6531, 0.6489, NaN], [-9.2596, -2.8369, -11.585, -6.1003, -12.2727, 0.706]]","[NaN, 0.2518, 0.5106, 0.3055, 0.4899, -0.619]"
heteroscedastic_regression,3,Standard replay (FIFO),regression,0.18667544588083412,-0.596807266132644,0.7314568539896126,0.07152743186121628,0.8207631816232224,-0.818795823681145,-0.596807266132644,0.704122452798444,0.2114084778000688,0.16539114999977755,305.8916015625,358.3681640625,"[[0.8659, NaN, NaN, NaN, NaN, NaN], [0.8637, 0.741, NaN, NaN, NaN, NaN], [0.3593, 0.6955, 0.8026, NaN, NaN, NaN], [0.6907, 0.4219, 0.4827, 0.7934, NaN, NaN], [0.8176, 0.2573, 0.2184, 0.8032, 0.6161, NaN], [0.169, -0.3594, -0.3752, 0.2726, 0.0181, 0.7041]]","[NaN, 0.2518, 0.3191, 0.3859, 0.5734, -0.5968]"
heteroscedastic_regression,3,Full retrain oracle*,regression,0.25200964671109133,-0.6228386021418424,0.7205156212226407,0.671471840474725,0.0909729347821013,-0.0879213005779625,-0.6228386021418424,0.7112789509637775,0.2129937840000821,0.15317718900041655,1025.3291015625,1025.3291015625,"[[0.8659, NaN, NaN, NaN, NaN, NaN], [0.8683, 0.7648, NaN, NaN, NaN, NaN], [0.7286, 0.7739, 0.6922, NaN, NaN, NaN], [0.8087, 0.7659, 0.5617, 0.7581, NaN, NaN], [0.8367, 0.7585, 0.5336, 0.7618, 0.6762, NaN], [0.7867, 0.7034, 0.4758, 0.7635, 0.5882, 0.7113]]","[NaN, 0.2518, 0.3621, 0.6217, 0.6473, -0.6228]"
heteroscedastic_regression,3,ADAPT-X (proposed),regression,0.18646442764333063,-0.6071677742489074,0.7373236579307842,0.12719420931490258,0.757192917278514,-0.757192917278514,-0.6071677742489074,0.7001606622931896,0.13958922640003948,0.15911658499999248,718.5517578125,718.5517578125,"[[0.8625, NaN, NaN, NaN, NaN, NaN], [0.8617, 0.7741, NaN, NaN, NaN, NaN], [0.5606, 0.7134, 0.8048, NaN, NaN, NaN], [0.8123, 0.7059, 0.3386, 0.773, NaN, NaN], [0.8562, 0.7015, 0.2995, 0.7269, 0.6347, NaN], [0.1629, 0.2765, -0.3738, 0.3873, -0.3899, 0.7002]]","[NaN, 0.1792, 0.3306, 0.4695, 0.5601, -0.6072]"
heteroscedastic_regression,3,A: no drift detection,regression,0.18457010118702155,-0.6149172308686575,0.7436247278426598,0.22205084587521937,0.6496660233180094,-0.6496660233180094,-0.6149172308686575,0.7077914197845723,0.11026044800009913,0.10997360600003958,650.2978515625,650.2978515625,"[[0.8625, NaN, NaN, NaN, NaN, NaN], [0.8617, 0.774, NaN, NaN, NaN, NaN], [0.5483, 0.7131, 0.8101, NaN, NaN, NaN], [0.7936, 0.7386, 0.3488, 0.7793, NaN, NaN], [0.8363, 0.7032, 0.3706, 0.72, 0.6469, NaN], [0.2599, 0.2892, -0.1147, 0.3173, -0.1272, 0.7078]]","[NaN, 0.1792, 0.325, 0.457, 0.5766, -0.6149]"
heteroscedastic_regression,3,B: no replay (K=0),regression,0.15609446366328056,-0.5979127325931313,0.7483622729530426,-2.50716231011981,3.929459355622427,-3.929459355622427,-0.5979127325931313,0.7021560883587598,0.1373520319999443,0.1275000710002132,825.4345703125,825.4345703125,"[[0.8625, NaN, NaN, NaN, NaN, NaN], [0.8475, 0.7439, NaN, NaN, NaN, NaN], [0.448, 0.6688, 0.8123, NaN, NaN, NaN], [0.7405, 0.6881, 0.0785, 0.8359, NaN, NaN], [0.7809, 0.5304, 0.2042, 0.6701, 0.6475, NaN], [-3.0363, -1.163, -4.3467, -2.333, -4.8661, 0.7022]]","[NaN, 0.1792, 0.2496, 0.415, 0.5346, -0.5979]"
heteroscedastic_regression,3,C: no adaptive scaling,regression,0.18457010118702155,-0.6149172308686575,0.7436247278426598,0.22205084587521937,0.6496660233180094,-0.6496660233180094,-0.6149172308686575,0.7077914197845723,0.11323691200013855,0.14912855100010347,650.2978515625,650.2978515625,"[[0.8625, NaN, NaN, NaN, NaN, NaN], [0.8617, 0.774, NaN, NaN, NaN, NaN], [0.5483, 0.7131, 0.8101, NaN, NaN, NaN], [0.7936, 0.7386, 0.3488, 0.7793, NaN, NaN], [0.8363, 0.7032, 0.3706, 0.72, 0.6469, NaN], [0.2599, 0.2892, -0.1147, 0.3173, -0.1272, 0.7078]]","[NaN, 0.1792, 0.325, 0.457, 0.5766, -0.6149]"
heteroscedastic_regression,3,D: no stable persistent state,regression,0.20831394081054708,-0.6123558515155536,0.73674361806448,0.296090229687212,0.5545632323647237,-0.5539376529654384,-0.6123558515155536,0.7129096908015882,0.24681076099986968,0.1536771010000848,379.275390625,428.806640625,"[[0.8625, NaN, NaN, NaN, NaN, NaN], [0.8656, 0.7445, NaN, NaN, NaN, NaN], [0.5951, 0.6949, 0.7685, NaN, NaN, NaN], [0.7792, 0.6615, 0.3236, 0.828, NaN, NaN], [0.8318, 0.7026, 0.35, 0.7731, 0.6298, NaN], [0.3736, 0.2708, -0.2941, 0.5644, 0.1489, 0.7129]]","[NaN, 0.1792, 0.3476, 0.5141, 0.613, -0.6124]"
heteroscedastic_regression,3,E: random replay,regression,0.17960589611125113,-0.6177324632318808,0.7309034806612347,0.07468757654467412,0.8137806993332385,-0.8137806993332385,-0.6177324632318808,0.6975992039889677,0.1138106682000398,0.15820756600032837,708.0400390625,708.0400390625,"[[0.8625, NaN, NaN, NaN, NaN, NaN], [0.8612, 0.7724, NaN, NaN, NaN, NaN], [0.5644, 0.7101, 0.8155, NaN, NaN, NaN], [0.7971, 0.7249, 0.3093, 0.7585, NaN, NaN], [0.8499, 0.7101, 0.3486, 0.7364, 0.6106, NaN], [-0.0161, 0.2605, -0.3257, 0.335, -0.5031, 0.6976]]","[NaN, 0.1792, 0.343, 0.4611, 0.5325, -0.6177]"
heteroscedastic_regression,4,Static,regression,0.3078632518346787,-0.5282779724578572,0.3078632518346787,0.4012232068010498,0.0,0.0,-0.5282779724578572,-0.5282779724578572,0.0011100934000751294,0.20593744899997546,195.6416015625,195.6416015625,"[[0.868, NaN, NaN, NaN, NaN, NaN], [0.868, 0.2993, NaN, NaN, NaN, NaN], [0.868, 0.2993, 0.3687, NaN, NaN, NaN], [0.868, 0.2993, 0.3687, 0.6548, NaN, NaN], [0.868, 0.2993, 0.3687, 0.6548, 0.7449, NaN], [0.868, 0.2993, 0.3687, 0.6548, 0.7449, -0.5283]]","[NaN, 0.2993, 0.3687, 0.6548, 0.7449, -0.5283]"
heteroscedastic_regression,4,Naive incremental,regression,0.19958287539361286,-0.5224759342668273,0.7734002790018915,-4.68311660827658,6.5667448052603685,-6.5667448052603685,-0.5224759342668273,0.7427297935454011,0.18246822720002456,0.19300890900012746,238.9228515625,297.0947265625,"[[0.868, NaN, NaN, NaN, NaN, NaN], [0.6684, 0.7131, NaN, NaN, NaN, NaN], [0.2988, 0.4829, 0.8528, NaN, NaN, NaN], [0.67, 0.4388, 0.1885, 0.8412, NaN, NaN], [0.8546, -0.0635, 0.2782, 0.6804, 0.7171, NaN], [-7.2799, -1.8318, -8.3372, -6.0701, -5.3224, 0.7427]]","[NaN, 0.2993, 0.5081, 0.15, 0.563, -0.5225]"
heteroscedastic_regression,4,Standard replay (FIFO),regression,0.18626829758379398,-0.5087921486402998,0.7426517188219816,0.28069451896986924,0.5946798273683604,-0.5794228923847194,-0.5087921486402998,0.7446013551615558,0.16524764220002908,0.12620147200004794,270.8759765625,375.9541015625,"[[0.868, NaN, NaN, NaN, NaN, NaN], [0.8626, 0.7305, NaN, NaN, NaN, NaN], [0.3957, 0.6774, 0.8454, NaN, NaN, NaN], [0.6793, 0.5092, 0.6154, 0.7313, NaN, NaN], [0.818, 0.3944, 0.289, 0.8076, 0.6614, NaN], [0.4404, 0.1585, -0.3676, 0.3584, 0.3498, 0.7446]]","[NaN, 0.2993, 0.3633, 0.2159, 0.5616, -0.5088]"
heteroscedastic_regression,4,Full retrain oracle*,regression,0.24590490422720257,-0.5989122604717814,0.7159802282246723,0.6937660553370311,0.06183191071501226,-0.05706555814681593,-0.5989122604717814,0.7260135169406758,0.2431365229998846,0.15307527999993908,976.3447265625,976.3447265625,"[[0.868, NaN, NaN, NaN, NaN, NaN], [0.8608, 0.7143, NaN, NaN, NaN, NaN], [0.7291, 0.7033, 0.7342, NaN, NaN, NaN], [0.797, 0.7197, 0.6179, 0.7215, NaN, NaN], [0.81, 0.7322, 0.6029, 0.7275, 0.6838, NaN], [0.8084, 0.7191, 0.5117, 0.7214, 0.6759, 0.726]]","[NaN, 0.2993, 0.3578, 0.5176, 0.6538, -0.5989]"
heteroscedastic_regression,4,ADAPT-X (proposed),regression,0.2245629009776377,-0.537684611992761,0.7446916508860848,0.3923121264349734,0.4486062848098441,-0.4486062848098441,-0.537684611992761,0.7216306224511806,0.1500165786001162,0.18179499400002896,727.8955078125,727.8955078125,"[[0.8734, NaN, NaN, NaN, NaN, NaN], [0.8671, 0.7177, NaN, NaN, NaN, NaN], [0.5551, 0.6774, 0.8212, NaN, NaN, NaN], [0.7717, 0.6719, 0.4055, 0.7755, NaN, NaN], [0.7774, 0.6472, 0.3338, 0.7615, 0.6874, NaN], [0.5132, 0.298, -0.0085, 0.4373, 0.3922, 0.7216]]","[NaN, 0.3044, 0.341, 0.3736, 0.6414, -0.5377]"
heteroscedastic_regression,4,A: no drift detection,regression,0.217703385949031,-0.5356910854765429,0.7390349314081461,0.4458690970136405,0.37868120063750493,-0.37868120063750493,-0.5356910854765429,0.7246607298375183,0.14948383859991737,0.1551509150003767,729.5009765625,729.5009765625,"[[0.8734, NaN, NaN, NaN, NaN, NaN], [0.8666, 0.7174, NaN, NaN, NaN, NaN], [0.5414, 0.673, 0.8199, NaN, NaN, NaN], [0.7406, 0.6749, 0.4857, 0.7669, NaN, NaN], [0.8012, 0.6834, 0.4098, 0.7226, 0.6664, NaN], [0.5314, 0.4261, 0.0962, 0.5045, 0.3924, 0.7247]]","[NaN, 0.3044, 0.332, 0.371, 0.6168, -0.5357]"
heteroscedastic_regression,4,B: no replay (K=0),regression,0.21082884429489496,-0.5169892705969044,0.7536568574855474,-2.069545598105368,3.411800760857716,-3.411800760857716,-0.5169892705969044,0.7254229046192566,0.12613600099994074,0.2106850579998536,682.3369140625,682.3369140625,"[[0.8734, NaN, NaN, NaN, NaN, NaN], [0.8655, 0.7357, NaN, NaN, NaN, NaN], [0.4506, 0.4673, 0.837, NaN, NaN, NaN], [0.7299, 0.6244, 0.3159, 0.8139, NaN, NaN], [0.7767, 0.6351, 0.2124, 0.6893, 0.6563, NaN], [-3.4846, -0.9609, -3.8638, -2.6646, -2.1687, 0.7254]]","[NaN, 0.3044, 0.3418, 0.2846, 0.6403, -0.517]"
heteroscedastic_regression,4,C: no adaptive scaling,regression,0.2165478353563845,-0.5414688384397752,0.7460051213182076,0.47069154846158795,0.35586444881002943,-0.35586444881002943,-0.5414688384397752,0.7264207960880964,0.1168413714000053,0.12407947400015473,680.4931640625,680.4931640625,"[[0.8734, NaN, NaN, NaN, NaN, NaN], [0.8666, 0.7174, NaN, NaN, NaN, NaN], [0.5414, 0.673, 0.8199, NaN, NaN, NaN], [0.7406, 0.6749, 0.4857, 0.7669, NaN, NaN], [0.8483, 0.6993, 0.4409, 0.7479, 0.6995, NaN], [0.5498, 0.4944, 0.132, 0.4665, 0.455, 0.7264]]","[NaN, 0.3044, 0.332, 0.371, 0.6168, -0.5415]"
heteroscedastic_regression,4,D: no stable persistent state,regression,0.23222602722883834,-0.5530485920316173,0.7483568539768892,0.37074461254431795,0.4781525045694351,-0.4781525045694351,-0.5530485920316173,0.7226359997204601,0.1769051182000112,0.12158852899983685,386.369140625,386.779296875,"[[0.8734, NaN, NaN, NaN, NaN, NaN], [0.8658, 0.723, NaN, NaN, NaN, NaN], [0.5774, 0.6918, 0.815, NaN, NaN, NaN], [0.7606, 0.7036, 0.4333, 0.7935, NaN, NaN], [0.8057, 0.6832, 0.3447, 0.7447, 0.6877, NaN], [0.5223, 0.2688, -0.1154, 0.4514, 0.3748, 0.7226]]","[NaN, 0.3044, 0.4336, 0.3824, 0.5938, -0.553]"
heteroscedastic_regression,4,E: random replay,regression,0.2266313220347133,-0.5309040254267385,0.743986281789468,0.4358243118937222,0.3962085237496092,-0.39568629316272863,-0.5309040254267385,0.7249055180927078,0.11918842420018336,0.1362032829997588,694.5478515625,694.5478515625,"[[0.8734, NaN, NaN, NaN, NaN, NaN], [0.8761, 0.722, NaN, NaN, NaN, NaN], [0.5531, 0.6812, 0.8162, NaN, NaN, NaN], [0.7644, 0.6848, 0.3751, 0.7606, NaN, NaN], [0.7973, 0.6618, 0.2901, 0.7395, 0.6962, NaN], [0.5968, 0.3057, 0.0592, 0.4482, 0.4802, 0.7249]]","[NaN, 0.3044, 0.3586, 0.3598, 0.6412, -0.5309]"
imbalanced_classification,0,Static,binary_classification,0.45251710966578285,0.20149602618045814,0.45251710966578285,0.5081517224422835,0.0,0.0,0.20149602618045814,0.20149602618045814,0.0009713095999359211,0.0856252480002695,102.4677734375,102.4677734375,"[[0.7863, NaN, NaN, NaN, NaN, NaN], [0.7863, 0.4608, NaN, NaN, NaN, NaN], [0.7863, 0.4608, 0.6618, NaN, NaN, NaN], [0.7863, 0.4608, 0.6618, 0.4984, NaN, NaN], [0.7863, 0.4608, 0.6618, 0.4984, 0.4401, NaN], [0.7863, 0.4608, 0.6618, 0.4984, 0.4401, 0.2015]]","[NaN, 0.4608, 0.6618, 0.4984, 0.4401, 0.2015]"
imbalanced_classification,0,Naive incremental,binary_classification,0.3945593241199802,0.22381954184198216,0.6530836033272949,0.13889984633814753,0.6436687449864752,-0.6436687449864752,0.22381954184198216,0.5233754090696587,0.15095398700004808,0.105298029000096,77.1201171875,398.3818359375,"[[0.7863, NaN, NaN, NaN, NaN, NaN], [0.7735, 0.9259, NaN, NaN, NaN, NaN], [0.6532, 0.5178, 0.9706, NaN, NaN, NaN], [0.5549, 0.34, 0.4945, 0.575, NaN, NaN], [0.4631, 0.3687, 0.5008, 0.324, 0.2706, NaN], [0.094, 0.0418, -0.0298, 0.1685, 0.0354, 0.5234]]","[NaN, 0.4608, 0.5869, 0.4223, 0.2791, 0.2238]"
imbalanced_classification,0,Standard replay (FIFO),binary_classification,0.45143917975355186,0.2599345488546052,0.649235400000907,0.4592748607240212,0.2630389879240137,-0.25537052439703883,0.2599345488546052,0.532258064516129,0.1801449837999826,0.09495587199990041,186.7060546875,482.9990234375,"[[0.7863, NaN, NaN, NaN, NaN, NaN], [0.8242, 0.8958, NaN, NaN, NaN, NaN], [0.7937, 0.8669, 0.9816, NaN, NaN, NaN], [0.6355, 0.6392, 0.8764, 0.5839, NaN, NaN], [0.6306, 0.5418, 0.5678, 0.5844, 0.2527, NaN], [0.6844, 0.4921, 0.4311, 0.4773, 0.1386, 0.5323]]","[NaN, 0.4608, 0.7153, 0.4193, 0.4018, 0.2599]"
imbalanced_classification,0,Full retrain oracle*,binary_classification,0.4681954677446285,0.3620850864890135,0.6689050259682585,0.6914921903535509,0.03308263351665475,0.003620645191045391,0.3620850864890135,0.5556334735857877,0.36271188760001677,0.08932668200031912,1175.8076171875,1175.8076171875,"[[0.7863, NaN, NaN, NaN, NaN, NaN], [0.8657, 0.9038, NaN, NaN, NaN, NaN], [0.8443, 0.9022, 0.992, NaN, NaN, NaN], [0.8162, 0.8717, 0.9635, 0.5554, NaN, NaN], [0.8168, 0.8871, 0.9122, 0.6595, 0.3377, NaN], [0.7894, 0.8875, 0.9598, 0.5687, 0.388, 0.5556]]","[NaN, 0.4608, 0.7162, 0.4277, 0.3742, 0.3621]"
imbalanced_classification,0,ADAPT-X (proposed),binary_classification,0.48711473147385365,0.34610660771309276,0.6444005259216968,0.6454907336239004,0.05326702684122,-0.01218038794175862,0.5158952781673678,0.6037868162692848,0.1474612989999514,0.11045570399983262,701.8837890625,701.8837890625,"[[0.7118, NaN, NaN, NaN, NaN, NaN], [0.8077, 0.8586, NaN, NaN, NaN, NaN], [0.8645, 0.8675, 0.9053, NaN, NaN, NaN], [0.873, 0.8457, 0.8849, 0.4429, NaN, NaN], [0.8095, 0.8366, 0.8706, 0.4783, 0.4114, NaN], [0.765, 0.7527, 0.8318, 0.5122, 0.4075, 0.6038]]","[NaN, 0.4828, 0.6503, 0.3461, 0.4405, 0.5159]"
imbalanced_classification,0,A: no drift detection,binary_classification,0.4634599661814969,0.3077867845738149,0.6326113301710048,0.590649307584471,0.11616338082016667,-0.06620090343838196,0.44740532959326784,0.5308555399719497,0.15335583440009942,0.11375210100004551,699.8486328125,699.8486328125,"[[0.7118, NaN, NaN, NaN, NaN, NaN], [0.8107, 0.859, NaN, NaN, NaN, NaN], [0.8602, 0.8612, 0.8886, NaN, NaN, NaN], [0.8107, 0.8081, 0.8814, 0.4984, NaN, NaN], [0.7546, 0.7879, 0.8465, 0.5976, 0.3863, NaN], [0.7228, 0.6855, 0.7518, 0.4901, 0.3629, 0.5309]]","[NaN, 0.4828, 0.6505, 0.3078, 0.4288, 0.4474]"
imbalanced_classification,0,B: no replay (K=0),binary_classification,0.47827034997713513,0.3697989714820009,0.655820726266054,0.5677636732037231,0.13970578362305144,-0.1168730607903286,0.3697989714820009,0.5247779336138383,0.1652186446000087,0.09987887699981002,839.1220703125,839.1220703125,"[[0.7118, NaN, NaN, NaN, NaN, NaN], [0.7619, 0.8499, NaN, NaN, NaN, NaN], [0.7643, 0.7855, 0.9407, NaN, NaN, NaN], [0.7497, 0.7271, 0.8431, 0.5672, NaN, NaN], [0.826, 0.6564, 0.83, 0.5451, 0.3965, NaN], [0.7796, 0.5701, 0.7316, 0.41, 0.3905, 0.5248]]","[NaN, 0.4828, 0.634, 0.4498, 0.455, 0.3698]"
imbalanced_classification,0,C: no adaptive scaling,binary_classification,0.4634599661814969,0.3077867845738149,0.6326113301710048,0.590649307584471,0.11616338082016667,-0.06620090343838196,0.44740532959326784,0.5308555399719497,0.1311126955999498,0.08973822899997685,699.8486328125,699.8486328125,"[[0.7118, NaN, NaN, NaN, NaN, NaN], [0.8107, 0.859, NaN, NaN, NaN, NaN], [0.8602, 0.8612, 0.8886, NaN, NaN, NaN], [0.8107, 0.8081, 0.8814, 0.4984, NaN, NaN], [0.7546, 0.7879, 0.8465, 0.5976, 0.3863, NaN], [0.7228, 0.6855, 0.7518, 0.4901, 0.3629, 0.5309]]","[NaN, 0.4828, 0.6505, 0.3078, 0.4288, 0.4474]"
imbalanced_classification,0,D: no stable persistent state,binary_classification,0.4272959580237897,0.15988779803646547,0.6897978470265981,0.5348287960314394,0.2143036580892371,-0.1903720341576131,0.15988779803646547,0.4558204768583449,0.22245881619983265,0.09152124199999889,333.87890625,714.390625,"[[0.7118, NaN, NaN, NaN, NaN, NaN], [0.8315, 0.9069, NaN, NaN, NaN, NaN], [0.7863, 0.876, 0.9777, NaN, NaN, NaN], [0.6838, 0.7465, 0.7608, 0.6954, NaN, NaN], [0.7167, 0.5069, 0.6204, 0.5981, 0.4132, NaN], [0.5952, 0.7117, 0.6296, 0.5072, 0.3094, 0.4558]]","[NaN, 0.4828, 0.6926, 0.3859, 0.4153, 0.1599]"
imbalanced_classification,0,E: random replay,binary_classification,0.4400420264217617,0.34708916728076655,0.6192520597796498,0.5860392445531272,0.08310986142079227,-0.058373708684639466,0.39948574100046774,0.5586722767648433,0.12567840419997084,0.08031963500025086,666.8251953125,666.8251953125,"[[0.7118, NaN, NaN, NaN, NaN, NaN], [0.7839, 0.856, NaN, NaN, NaN, NaN], [0.8291, 0.8624, 0.8801, NaN, NaN, NaN], [0.7973, 0.8356, 0.8649, 0.5004, NaN, NaN], [0.7399, 0.8277, 0.8693, 0.4758, 0.3012, NaN], [0.7314, 0.7105, 0.8396, 0.4277, 0.2484, 0.5587]]","[NaN, 0.4828, 0.6225, 0.3471, 0.3483, 0.3995]"
imbalanced_classification,1,Static,binary_classification,0.334445898939835,0.10559982044663907,0.334445898939835,0.4128575015486848,0.0,0.0,0.10559982044663907,0.10559982044663907,0.0012006273999759288,0.18334259300036138,141.8740234375,141.8740234375,"[[0.8049, NaN, NaN, NaN, NaN, NaN], [0.8049, 0.4896, NaN, NaN, NaN, NaN], [0.8049, 0.4896, 0.5772, NaN, NaN, NaN], [0.8049, 0.4896, 0.5772, 0.1861, NaN, NaN], [0.8049, 0.4896, 0.5772, 0.1861, 0.3137, NaN], [0.8049, 0.4896, 0.5772, 0.1861, 0.3137, 0.1056]]","[NaN, 0.4896, 0.5772, 0.1861, 0.3137, 0.1056]"
imbalanced_classification,1,Naive incremental,binary_classification,0.3551046709487581,-0.014588710582426168,0.6503760402468435,0.21458621417051402,0.5538556861608136,-0.5538556861608136,-0.014588710582426168,0.5659297497475031,0.1486736670000937,0.11912646800010407,137.3388671875,459.4873046875,"[[0.8049, NaN, NaN, NaN, NaN, NaN], [0.7104, 0.8275, NaN, NaN, NaN, NaN], [0.6237, 0.6552, 0.9843, NaN, NaN, NaN], [0.427, 0.3413, 0.3594, 0.6468, NaN, NaN], [0.679, 0.3215, 0.2169, 0.2604, 0.2274, NaN], [0.1682, 0.1189, 0.2258, 0.2415, -0.0328, 0.5659]]","[NaN, 0.4896, 0.73, 0.3352, 0.2353, -0.0146]"
imbalanced_classification,1,Standard replay (FIFO),binary_classification,0.3966300414130913,0.1957131635057794,0.6652863082545618,0.41284459882638597,0.33085589258148557,-0.33085589258148557,0.1957131635057794,0.6052070474694198,0.17917664179976783,0.11932666800021252,179.8310546875,467.6044921875,"[[0.8049, NaN, NaN, NaN, NaN, NaN], [0.682, 0.8346, NaN, NaN, NaN, NaN], [0.6636, 0.8159, 0.9803, NaN, NaN, NaN], [0.6221, 0.597, 0.8402, 0.6013, NaN, NaN], [0.5207, 0.3089, 0.4132, 0.4048, 0.305, NaN], [0.3218, 0.4968, 0.5216, 0.3319, 0.1998, 0.6052]]","[NaN, 0.4896, 0.7759, 0.2855, 0.2364, 0.1957]"
imbalanced_classification,1,Full retrain oracle*,binary_classification,0.47901954415335196,0.3200757575757578,0.6597696716433801,0.6527891410025218,0.0374058053589406,-0.0374058053589406,0.4882729211087422,0.6103692065985862,0.2740522249998321,0.1392534000001433,1158.3466796875,1158.3466796875,"[[0.8049, NaN, NaN, NaN, NaN, NaN], [0.6874, 0.8696, NaN, NaN, NaN, NaN], [0.7727, 0.8529, 0.9619, NaN, NaN, NaN], [0.6697, 0.849, 0.9467, 0.4801, NaN, NaN], [0.7565, 0.8385, 0.9551, 0.4574, 0.3769, NaN], [0.7604, 0.8303, 0.9462, 0.4176, 0.3518, 0.6104]]","[NaN, 0.4896, 0.7508, 0.3201, 0.3464, 0.4883]"
imbalanced_classification,1,ADAPT-X (proposed),binary_classification,0.4218521312641565,0.1358901515151516,0.5801616077761038,0.5792802855052007,0.03112870547783846,-0.02811282277354974,0.42385815284479844,0.5190214341824713,0.13715397879996089,0.07698543500009691,700.2158203125,700.2158203125,"[[0.7154, NaN, NaN, NaN, NaN, NaN], [0.6498, 0.7968, NaN, NaN, NaN, NaN], [0.7189, 0.7353, 0.9459, NaN, NaN, NaN], [0.6943, 0.729, 0.9576, 0.2618, NaN, NaN], [0.7166, 0.7304, 0.9449, 0.2576, 0.3772, NaN], [0.6828, 0.6314, 0.9284, 0.3205, 0.3936, 0.519]]","[NaN, 0.397, 0.7662, 0.1359, 0.3863, 0.4239]"
imbalanced_classification,1,A: no drift detection,binary_classification,0.4158730376937084,0.16335227272727293,0.6035450030150573,0.5583650072253455,0.09011134429576675,-0.07659455194832918,0.41286050948266206,0.5369767702839188,0.14807847659994877,0.0923872719999963,710.4111328125,710.4111328125,"[[0.7154, NaN, NaN, NaN, NaN, NaN], [0.6475, 0.7988, NaN, NaN, NaN, NaN], [0.7688, 0.7408, 0.944, NaN, NaN, NaN], [0.6444, 0.7219, 0.9319, 0.3726, NaN, NaN], [0.7028, 0.7717, 0.9311, 0.3868, 0.3653, NaN], [0.6398, 0.6334, 0.8119, 0.3977, 0.3304, 0.537]]","[NaN, 0.397, 0.7659, 0.1634, 0.3402, 0.4129]"
imbalanced_classification,1,B: no replay (K=0),binary_classification,0.39456869421414387,0.20359848484848486,0.6486548985769859,0.5098037775240963,0.17997792315175692,-0.17997792315175692,0.33116373022107526,0.521041409493884,0.14624590060002446,0.07577686500007985,735.0712890625,735.0712890625,"[[0.7154, NaN, NaN, NaN, NaN, NaN], [0.6398, 0.7945, NaN, NaN, NaN, NaN], [0.6475, 0.7719, 0.9708, NaN, NaN, NaN], [0.5975, 0.7363, 0.9059, 0.5691, NaN, NaN], [0.6214, 0.6749, 0.7654, 0.392, 0.3878, NaN], [0.5146, 0.6133, 0.594, 0.483, 0.333, 0.521]]","[NaN, 0.397, 0.7556, 0.2036, 0.2854, 0.3312]"
imbalanced_classification,1,C: no adaptive scaling,binary_classification,0.4158730376937084,0.16335227272727293,0.6035450030150573,0.5583650072253455,0.09011134429576675,-0.07659455194832918,0.41286050948266206,0.5369767702839188,0.1496188437998171,0.08003409399998418,710.4111328125,710.4111328125,"[[0.7154, NaN, NaN, NaN, NaN, NaN], [0.6475, 0.7988, NaN, NaN, NaN, NaN], [0.7688, 0.7408, 0.944, NaN, NaN, NaN], [0.6444, 0.7219, 0.9319, 0.3726, NaN, NaN], [0.7028, 0.7717, 0.9311, 0.3868, 0.3653, NaN], [0.6398, 0.6334, 0.8119, 0.3977, 0.3304, 0.537]]","[NaN, 0.397, 0.7659, 0.1634, 0.3402, 0.4129]"
imbalanced_classification,1,D: no stable persistent state,binary_classification,0.39206375483497813,0.22064393939393945,0.6472632093449885,0.4447281879420366,0.2592115036302129,-0.25667694141823133,0.40343395802940174,0.621591291661991,0.1704824256000393,0.054969888999949035,279.68359375,528.921875,"[[0.7154, NaN, NaN, NaN, NaN, NaN], [0.7281, 0.8513, NaN, NaN, NaN, NaN], [0.7112, 0.7302, 0.9622, NaN, NaN, NaN], [0.6121, 0.6265, 0.7286, 0.5384, NaN, NaN], [0.5323, 0.7396, 0.7648, 0.1577, 0.2629, NaN], [0.3779, 0.5522, 0.6645, 0.4247, 0.0274, 0.6216]]","[NaN, 0.397, 0.7097, 0.2206, 0.2295, 0.4034]"
imbalanced_classification,1,E: random replay,binary_classification,0.4459053777505842,0.31818181818181834,0.6385802295842903,0.6040694890116106,0.06945721143395209,-0.05678440037404422,0.4052294916395467,0.5520143642688811,0.13069961080000211,0.07736537199980376,670.4111328125,670.4111328125,"[[0.7154, NaN, NaN, NaN, NaN, NaN], [0.6444, 0.7998, NaN, NaN, NaN, NaN], [0.7788, 0.7713, 0.9478, NaN, NaN, NaN], [0.7488, 0.7768, 0.9449, 0.5374, NaN, NaN], [0.7189, 0.7783, 0.9294, 0.4148, 0.3558, NaN], [0.732, 0.6977, 0.8884, 0.4588, 0.2956, 0.552]]","[NaN, 0.397, 0.7181, 0.3182, 0.391, 0.4052]"
imbalanced_classification,2,Static,binary_classification,0.43837807851934996,0.22115178762577603,0.43837807851934996,0.5140193023723227,0.0,0.0,0.23555555555555552,0.23555555555555552,0.0012695090000306663,0.11073799999985567,108.7412109375,108.7412109375,"[[0.8922, NaN, NaN, NaN, NaN, NaN], [0.8922, 0.4928, NaN, NaN, NaN, NaN], [0.8922, 0.4928, 0.673, NaN, NaN, NaN], [0.8922, 0.4928, 0.673, 0.5694, NaN, NaN], [0.8922, 0.4928, 0.673, 0.5694, 0.2212, NaN], [0.8922, 0.4928, 0.673, 0.5694, 0.2212, 0.2356]]","[NaN, 0.4928, 0.673, 0.5694, 0.2212, 0.2356]"
imbalanced_classification,2,Naive incremental,binary_classification,0.4014087835148752,0.1678632478632478,0.5839705117616306,0.2660646822436516,0.44313797739668603,-0.44313797739668603,0.1678632478632478,0.42153846153846164,0.15466676460009693,0.08407914899999014,83.7763671875,590.6904296875,"[[0.8922, NaN, NaN, NaN, NaN, NaN], [0.7507, 0.8316, NaN, NaN, NaN, NaN], [0.7877, 0.5671, 0.9917, NaN, NaN, NaN], [0.6536, 0.0892, 0.5115, 0.5095, NaN, NaN], [0.5113, 0.3354, 0.3869, 0.3979, 0.1655, NaN], [0.3394, 0.2874, 0.1599, 0.3015, 0.0867, 0.4215]]","[NaN, 0.4928, 0.5221, 0.5995, 0.2248, 0.1679]"
imbalanced_classification,2,Standard replay (FIFO),binary_classification,0.4846986243031246,0.2957264957264958,0.584155704247107,0.3515142336965889,0.3512594114634457,-0.34078370813863756,0.2957264957264958,0.42017094017094014,0.30521096740003484,0.10782625099955112,193.8623046875,638.8935546875,"[[0.8922, NaN, NaN, NaN, NaN, NaN], [0.8437, 0.7717, NaN, NaN, NaN, NaN], [0.8157, 0.824, 0.9954, NaN, NaN, NaN], [0.8387, 0.3805, 0.9435, 0.5621, NaN, NaN], [0.5615, 0.2812, 0.5377, 0.4459, 0.1715, NaN], [0.5261, 0.4699, 0.4053, 0.2005, 0.0871, 0.4202]]","[NaN, 0.4928, 0.7537, 0.5762, 0.3051, 0.2957]"
imbalanced_classification,2,Full retrain oracle*,binary_classification,0.5142749246213351,0.3388034188034188,0.6302222418850613,0.6507914113827896,0.04091547416805761,-0.02771763255315083,0.3388034188034188,0.42131054131054135,0.4378522282000631,0.12659425599986207,1210.8857421875,1210.8857421875,"[[0.8922, NaN, NaN, NaN, NaN, NaN], [0.8865, 0.7905, NaN, NaN, NaN, NaN], [0.8404, 0.8208, 0.9841, NaN, NaN, NaN], [0.8593, 0.8034, 0.9938, 0.6608, NaN, NaN], [0.8239, 0.8052, 0.9871, 0.6869, 0.2944, NaN], [0.791, 0.758, 0.9929, 0.6219, 0.3196, 0.4213]]","[NaN, 0.4928, 0.7266, 0.6512, 0.362, 0.3388]"
imbalanced_classification,2,ADAPT-X (proposed),binary_classification,0.5232097448043127,0.32056980056980056,0.608516310873315,0.555584154910322,0.11889844406772405,-0.11384329700890058,0.32056980056980056,0.4105982905982908,0.16932338020005772,0.18471882399990136,826.6142578125,826.6142578125,"[[0.8601, NaN, NaN, NaN, NaN, NaN], [0.8322, 0.8341, NaN, NaN, NaN, NaN], [0.7664, 0.8304, 0.8348, NaN, NaN, NaN], [0.7705, 0.6868, 0.8601, 0.6242, NaN, NaN], [0.731, 0.5935, 0.8454, 0.5758, 0.3389, NaN], [0.6915, 0.5462, 0.8199, 0.5817, 0.2837, 0.4106]]","[NaN, 0.5707, 0.6618, 0.6795, 0.3834, 0.3206]"
imbalanced_classification,2,A: no drift detection,binary_classification,0.5192717400464835,0.2999357739242132,0.6124647707311617,0.5558857319268019,0.11742986444697134,-0.11742986444697134,0.39555555555555544,0.4805698005698007,0.1353215817999626,0.11969020300011834,777.4150390625,777.4150390625,"[[0.8601, NaN, NaN, NaN, NaN, NaN], [0.8297, 0.8357, NaN, NaN, NaN, NaN], [0.7655, 0.8214, 0.8516, NaN, NaN, NaN], [0.7227, 0.7518, 0.8389, 0.6357, NaN, NaN], [0.5919, 0.7686, 0.827, 0.5579, 0.2588, NaN], [0.5903, 0.7469, 0.753, 0.4907, 0.2738, 0.4806]]","[NaN, 0.5707, 0.6652, 0.6649, 0.2999, 0.3956]"
imbalanced_classification,2,B: no replay (K=0),binary_classification,0.4698292855700533,0.2485549132947975,0.5884818375793328,0.5229208004219922,0.1448905633866285,-0.13300484910091423,0.29960113960113954,0.46575498575498586,0.18066300860009504,0.14053691499975685,980.2353515625,980.2353515625,"[[0.8601, NaN, NaN, NaN, NaN, NaN], [0.8396, 0.8165, NaN, NaN, NaN, NaN], [0.7367, 0.7923, 0.9175, NaN, NaN, NaN], [0.6775, 0.2825, 0.8159, 0.5305, NaN, NaN], [0.7071, 0.4371, 0.7881, 0.5899, 0.2122, NaN], [0.7285, 0.4392, 0.6815, 0.5749, 0.2477, 0.4658]]","[NaN, 0.5707, 0.6234, 0.6069, 0.2486, 0.2996]"
imbalanced_classification,2,C: no adaptive scaling,binary_classification,0.5192717400464835,0.2999357739242132,0.6124647707311617,0.5558857319268019,0.11742986444697134,-0.11742986444697134,0.39555555555555544,0.4805698005698007,0.1733244766000098,0.20312297100008436,777.4150390625,777.4150390625,"[[0.8601, NaN, NaN, NaN, NaN, NaN], [0.8297, 0.8357, NaN, NaN, NaN, NaN], [0.7655, 0.8214, 0.8516, NaN, NaN, NaN], [0.7227, 0.7518, 0.8389, 0.6357, NaN, NaN], [0.5919, 0.7686, 0.827, 0.5579, 0.2588, NaN], [0.5903, 0.7469, 0.753, 0.4907, 0.2738, 0.4806]]","[NaN, 0.5707, 0.6652, 0.6649, 0.2999, 0.3956]"
imbalanced_classification,2,D: no stable persistent state,binary_classification,0.4997645007265423,0.26611004067651467,0.5702447046178587,0.48651972773341856,0.16119412525151536,-0.15844900336572842,0.2711111111111113,0.39578347578347595,0.20605592400006573,0.14848370600020644,316.52734375,563.890625,"[[0.8601, NaN, NaN, NaN, NaN, NaN], [0.8634, 0.7921, NaN, NaN, NaN, NaN], [0.7993, 0.8026, 0.9756, NaN, NaN, NaN], [0.8577, 0.7076, 0.8915, 0.6288, NaN, NaN], [0.7046, 0.3921, 0.6239, 0.5451, 0.0589, NaN], [0.6002, 0.565, 0.617, 0.541, 0.2002, 0.3958]]","[NaN, 0.5707, 0.7831, 0.6078, 0.2661, 0.2711]"
imbalanced_classification,2,E: random replay,binary_classification,0.5100184702642364,0.30550203382573327,0.6234908413341559,0.601638732522714,0.07562034904075329,-0.07355233433487096,0.3811965811965814,0.4858119658119662,0.15976352019997647,0.12200848700013012,950.7861328125,950.7861328125,"[[0.8601, NaN, NaN, NaN, NaN, NaN], [0.8371, 0.8099, NaN, NaN, NaN, NaN], [0.7359, 0.8015, 0.9044, NaN, NaN, NaN], [0.7219, 0.7123, 0.9074, 0.6174, NaN, NaN], [0.6997, 0.6978, 0.9148, 0.6055, 0.2999, NaN], [0.6388, 0.6706, 0.9012, 0.5963, 0.3171, 0.4858]]","[NaN, 0.5707, 0.6675, 0.6251, 0.3055, 0.3812]"
imbalanced_classification,3,Static,binary_classification,0.349941820050376,0.115975935828877,0.349941820050376,0.34950067319497596,0.0,0.0,0.115975935828877,0.115975935828877,0.0010806276000948855,0.07276708599965787,67.3857421875,67.3857421875,"[[0.3473, NaN, NaN, NaN, NaN, NaN], [0.3473, 0.4601, NaN, NaN, NaN, NaN], [0.3473, 0.4601, 0.4538, NaN, NaN, NaN], [0.3473, 0.4601, 0.4538, 0.4711, NaN, NaN], [0.3473, 0.4601, 0.4538, 0.4711, 0.2488, NaN], [0.3473, 0.4601, 0.4538, 0.4711, 0.2488, 0.116]]","[NaN, 0.4601, 0.4538, 0.4711, 0.2488, 0.116]"
imbalanced_classification,3,Naive incremental,binary_classification,0.31100698340619487,0.009581105169340631,0.6102456178339983,0.2607264409374545,0.3991772627637359,-0.366832876492648,0.009581105169340631,0.4420677361853831,0.16797085419984797,0.07480700299993259,156.4248046875,450.7138671875,"[[0.3473, NaN, NaN, NaN, NaN, NaN], [0.509, 0.7927, NaN, NaN, NaN, NaN], [0.5079, 0.5331, 0.9707, NaN, NaN, NaN], [0.2757, 0.2148, 0.4758, 0.7233, NaN, NaN], [0.0099, 0.3799, 0.4629, 0.3848, 0.1225, NaN], [0.1635, 0.3956, 0.0924, 0.4452, 0.0256, 0.4421]]","[NaN, 0.4601, 0.5469, 0.477, 0.0614, 0.0096]"
imbalanced_classification,3,Standard replay (FIFO),binary_classification,0.36300270539017687,0.11812500000000004,0.6011431922621664,0.4018087355138933,0.25288777654485456,-0.18843169742908955,0.2192513368983957,0.46234402852049916,0.23858069059997433,0.07185465800012025,235.8310546875,704.5888671875,"[[0.3473, NaN, NaN, NaN, NaN, NaN], [0.6696, 0.8177, NaN, NaN, NaN, NaN], [0.5928, 0.7979, 0.989, NaN, NaN, NaN], [0.5137, 0.5281, 0.9693, 0.7085, NaN, NaN], [0.3834, 0.3754, 0.5393, 0.7022, 0.0281, NaN], [0.3229, 0.4549, 0.5252, 0.4336, 0.2119, 0.4623]]","[NaN, 0.4601, 0.5717, 0.4459, 0.1181, 0.2193]"
imbalanced_classification,3,Full retrain oracle*,binary_classification,0.4270701195164822,0.19281249999999983,0.621577602768628,0.6157784843499821,0.04016338585240886,0.04789759066775532,0.375445632798574,0.5086898395721924,0.39790915100002167,0.06598473599979116,1056.8232421875,1086.6201171875,"[[0.3473, NaN, NaN, NaN, NaN, NaN], [0.6963, 0.8291, NaN, NaN, NaN, NaN], [0.7778, 0.8365, 0.9743, NaN, NaN, NaN], [0.7429, 0.8105, 0.9767, 0.5974, NaN, NaN], [0.6824, 0.82, 0.96, 0.5715, 0.1984, NaN], [0.687, 0.8181, 0.9538, 0.5855, 0.1416, 0.5087]]","[NaN, 0.4601, 0.6479, 0.4591, 0.1928, 0.3754]"
imbalanced_classification,3,ADAPT-X (proposed),binary_classification,0.41980922513530244,0.23781249999999998,0.57279931826832,0.5560701687275097,0.05764218835979471,-0.009412730687687753,0.39928698752228176,0.44852941176470584,0.16609447600003477,0.1071833279997918,888.8916015625,888.8916015625,"[[0.5195, NaN, NaN, NaN, NaN, NaN], [0.6417, 0.8051, NaN, NaN, NaN, NaN], [0.6847, 0.7883, 0.9283, NaN, NaN, NaN], [0.744, 0.7828, 0.9317, 0.4502, NaN, NaN], [0.7219, 0.7699, 0.9083, 0.4634, 0.2319, NaN], [0.6928, 0.7168, 0.8748, 0.415, 0.1884, 0.4485]]","[NaN, 0.5537, 0.5655, 0.3427, 0.2378, 0.3993]"
imbalanced_classification,3,A: no drift detection,binary_classification,0.3935046285517902,0.17593749999999986,0.5821319454898217,0.5444554005957307,0.07642944383253644,-0.03268307966732409,0.3622994652406417,0.4879679144385025,0.21397093599998698,0.10604575800016391,923.7001953125,923.7001953125,"[[0.5195, NaN, NaN, NaN, NaN, NaN], [0.6428, 0.8045, NaN, NaN, NaN, NaN], [0.6987, 0.777, 0.9429, NaN, NaN, NaN], [0.7382, 0.7208, 0.9336, 0.4969, NaN, NaN], [0.708, 0.7179, 0.9295, 0.4618, 0.1784, NaN], [0.5742, 0.666, 0.8586, 0.5075, 0.1725, 0.488]]","[NaN, 0.5537, 0.5617, 0.3139, 0.1759, 0.3623]"
imbalanced_classification,3,B: no replay (K=0),binary_classification,0.3631484131744409,0.1418750000000002,0.5835025953283415,0.5284534965688519,0.08816002829970411,-0.053256014338098456,0.321969696969697,0.44385026737967914,0.1301893466000365,0.0760310410000784,772.8095703125,772.8095703125,"[[0.5195, NaN, NaN, NaN, NaN, NaN], [0.6056, 0.7979, NaN, NaN, NaN, NaN], [0.6463, 0.6788, 0.9543, NaN, NaN, NaN], [0.6847, 0.653, 0.9064, 0.6037, NaN, NaN], [0.694, 0.7174, 0.864, 0.5586, 0.1178, NaN], [0.687, 0.654, 0.789, 0.4568, 0.14, 0.4439]]","[NaN, 0.5537, 0.5012, 0.297, 0.1419, 0.322]"
imbalanced_classification,3,C: no adaptive scaling,binary_classification,0.3935046285517902,0.17593749999999986,0.5821319454898217,0.5444554005957307,0.07642944383253644,-0.03268307966732409,0.3622994652406417,0.4879679144385025,0.17308559319999403,0.0794449350000832,923.7001953125,923.7001953125,"[[0.5195, NaN, NaN, NaN, NaN, NaN], [0.6428, 0.8045, NaN, NaN, NaN, NaN], [0.6987, 0.777, 0.9429, NaN, NaN, NaN], [0.7382, 0.7208, 0.9336, 0.4969, NaN, NaN], [0.708, 0.7179, 0.9295, 0.4618, 0.1784, NaN], [0.5742, 0.666, 0.8586, 0.5075, 0.1725, 0.488]]","[NaN, 0.5537, 0.5617, 0.3139, 0.1759, 0.3623]"
imbalanced_classification,3,D: no stable persistent state,binary_classification,0.39360627895856515,0.1584375,0.6322368637847419,0.526233216395534,0.1451432751979429,-0.10465461900248041,0.2286096256684491,0.534536541889483,0.18411672540005383,0.09820271399985359,282.41015625,484.58203125,"[[0.5195, NaN, NaN, NaN, NaN, NaN], [0.5055, 0.778, NaN, NaN, NaN, NaN], [0.7219, 0.7658, 0.9679, NaN, NaN, NaN], [0.4567, 0.7642, 0.9012, 0.6992, NaN, NaN], [0.5532, 0.6695, 0.7476, 0.5735, 0.1816, NaN], [0.6149, 0.6821, 0.7864, 0.5052, 0.0342, 0.5345]]","[NaN, 0.5537, 0.6457, 0.3815, 0.1584, 0.2286]"
imbalanced_classification,3,E: random replay,binary_classification,0.4212932148188139,0.1996874999999998,0.5951640002226659,0.585223007519354,0.02385566984981935,0.0032059939081795275,0.4180035650623888,0.5648395721925132,0.12825551759997325,0.09038168600000063,775.2119140625,775.2119140625,"[[0.5195, NaN, NaN, NaN, NaN, NaN], [0.5974, 0.8214, NaN, NaN, NaN, NaN], [0.6184, 0.8082, 0.9407, NaN, NaN, NaN], [0.6475, 0.8129, 0.9374, 0.4923, NaN, NaN], [0.6498, 0.8016, 0.9457, 0.4641, 0.1566, NaN], [0.6393, 0.7534, 0.9186, 0.4993, 0.1359, 0.5648]]","[NaN, 0.5537, 0.596, 0.3391, 0.1997, 0.418]"
imbalanced_classification,4,Static,binary_classification,0.46609446131643806,0.16098484848484862,0.46609446131643806,0.5117494979638904,0.0,0.0,0.16098484848484862,0.16098484848484862,0.0011941050000132236,0.05824410699960936,66.9404296875,66.9404296875,"[[0.74, NaN, NaN, NaN, NaN, NaN], [0.74, 0.4486, NaN, NaN, NaN, NaN], [0.74, 0.4486, 0.6795, NaN, NaN, NaN], [0.74, 0.4486, 0.6795, 0.6228, NaN, NaN], [0.74, 0.4486, 0.6795, 0.6228, 0.4187, NaN], [0.74, 0.4486, 0.6795, 0.6228, 0.4187, 0.161]]","[NaN, 0.4486, 0.6795, 0.6228, 0.4187, 0.161]"
imbalanced_classification,4,Naive incremental,binary_classification,0.49771499802620517,0.3304592936494777,0.6688446792000989,0.38224256307369514,0.38004253810648164,-0.35815853975189504,0.36452762923351156,0.5461229946524067,0.12504741259990623,0.06514117999995506,95.0654296875,346.7138671875,"[[0.74, NaN, NaN, NaN, NaN, NaN], [0.8494, 0.8641, NaN, NaN, NaN, NaN], [0.7746, 0.4531, 0.9369, NaN, NaN, NaN], [0.6125, 0.1926, 0.524, 0.7366, NaN, NaN], [0.4192, 0.3307, 0.2414, 0.359, 0.2605, NaN], [0.4981, 0.3553, 0.3271, 0.3424, 0.2243, 0.5461]]","[NaN, 0.4486, 0.6102, 0.7347, 0.3305, 0.3645]"
imbalanced_classification,4,Standard replay (FIFO),binary_classification,0.5004370725710985,0.31155695572873476,0.686687137750245,0.43666605112378926,0.3487018624156838,-0.31069281264192816,0.34491978609625673,0.5686274509803921,0.15921216219994677,0.06609860100024889,228.8466796875,600.9404296875,"[[0.74, NaN, NaN, NaN, NaN, NaN], [0.9301, 0.8631, NaN, NaN, NaN, NaN], [0.8618, 0.8171, 0.9772, NaN, NaN, NaN], [0.7096, 0.557, 0.8866, 0.7295, NaN, NaN], [0.5146, 0.305, 0.4359, 0.6525, 0.295, NaN], [0.471, 0.5235, 0.476, 0.3765, 0.2044, 0.5686]]","[NaN, 0.4486, 0.6899, 0.7072, 0.3116, 0.3449]"
imbalanced_classification,4,Full retrain oracle*,binary_classification,0.5477314218544829,0.37688608854253025,0.694172949480784,0.7068845137518389,0.030109554905499446,0.006083530781192392,0.4761586452762925,0.5049019607843142,0.2668637482000122,0.06028334900020127,1151.3623046875,1151.3623046875,"[[0.74, NaN, NaN, NaN, NaN, NaN], [0.8091, 0.8533, NaN, NaN, NaN, NaN], [0.9153, 0.859, 0.9517, NaN, NaN, NaN], [0.8799, 0.8494, 0.9398, 0.8136, NaN, NaN], [0.833, 0.8171, 0.9393, 0.76, 0.3474, NaN], [0.7779, 0.8631, 0.9405, 0.7638, 0.3911, 0.5049]]","[NaN, 0.4486, 0.7086, 0.7284, 0.3769, 0.4762]"
imbalanced_classification,4,ADAPT-X (proposed),binary_classification,0.5764614547233738,0.3606367103299619,0.6828697330249446,0.6798813711846202,0.04599356616576298,-0.02521858698637023,0.46724598930481287,0.5681818181818183,0.12690596979991825,0.0665981259999171,694.3291015625,694.3291015625,"[[0.791, NaN, NaN, NaN, NaN, NaN], [0.8889, 0.8017, NaN, NaN, NaN, NaN], [0.8281, 0.7467, 0.9675, NaN, NaN, NaN], [0.8289, 0.6806, 0.967, 0.724, NaN, NaN], [0.7869, 0.6827, 0.9723, 0.7251, 0.353, NaN], [0.7968, 0.6968, 0.9607, 0.7191, 0.3378, 0.5682]]","[NaN, 0.5529, 0.7909, 0.7106, 0.3606, 0.4672]"
imbalanced_classification,4,A: no drift detection,binary_classification,0.5688811330176721,0.37622284861548705,0.6767780100738667,0.5981784963013504,0.1368210770965322,-0.11717031389521622,0.43137254901960786,0.5369875222816398,0.15879116880005312,0.06685487300001114,750.1572265625,750.1572265625,"[[0.791, NaN, NaN, NaN, NaN, NaN], [0.8856, 0.7997, NaN, NaN, NaN, NaN], [0.8165, 0.7338, 0.9575, NaN, NaN, NaN], [0.8231, 0.6933, 0.9611, 0.7344, NaN, NaN], [0.768, 0.6569, 0.9388, 0.7344, 0.3553, NaN], [0.7458, 0.6155, 0.8497, 0.6343, 0.2068, 0.537]]","[NaN, 0.5529, 0.7912, 0.6927, 0.3762, 0.4314]"
imbalanced_classification,4,B: no replay (K=0),binary_classification,0.5215495076001231,0.31420991543690935,0.6614558577003833,0.619445891778381,0.09080692495834568,-0.07632728694929591,0.42023172905525863,0.5122549019607843,0.1616577097998743,0.056646634999651724,706.7001953125,706.7001953125,"[[0.791, NaN, NaN, NaN, NaN, NaN], [0.861, 0.8255, NaN, NaN, NaN, NaN], [0.8634, 0.6714, 0.932, NaN, NaN, NaN], [0.8429, 0.6135, 0.8951, 0.7243, NaN, NaN], [0.7713, 0.6399, 0.889, 0.6656, 0.3132, NaN], [0.7902, 0.6552, 0.8876, 0.593, 0.2784, 0.5123]]","[NaN, 0.5529, 0.6894, 0.631, 0.3142, 0.4202]"
imbalanced_classification,4,C: no adaptive scaling,binary_classification,0.5688811330176721,0.37622284861548705,0.6767780100738667,0.5981784963013504,0.1368210770965322,-0.11717031389521622,0.43137254901960786,0.5369875222816398,0.1793855441999767,0.06505609600026219,750.1572265625,750.1572265625,"[[0.791, NaN, NaN, NaN, NaN, NaN], [0.8856, 0.7997, NaN, NaN, NaN, NaN], [0.8165, 0.7338, 0.9575, NaN, NaN, NaN], [0.8231, 0.6933, 0.9611, 0.7344, NaN, NaN], [0.768, 0.6569, 0.9388, 0.7344, 0.3553, NaN], [0.7458, 0.6155, 0.8497, 0.6343, 0.2068, 0.537]]","[NaN, 0.5529, 0.7912, 0.6927, 0.3762, 0.4314]"
imbalanced_classification,4,D: no stable persistent state,binary_classification,0.5662097168485257,0.41634886420162487,0.6941156025003565,0.5633618933423684,0.1929065053146893,-0.17628782987248445,0.48529411764705865,0.5147058823529409,0.2729160560001219,0.06630784500021036,308.55859375,689.8671875,"[[0.791, NaN, NaN, NaN, NaN, NaN], [0.8387, 0.8441, NaN, NaN, NaN, NaN], [0.8741, 0.7637, 0.9643, NaN, NaN, NaN], [0.6462, 0.5658, 0.8179, 0.7686, NaN, NaN], [0.4644, 0.7346, 0.8152, 0.6198, 0.3789, NaN], [0.675, 0.6786, 0.5699, 0.6012, 0.3407, 0.5147]]","[NaN, 0.5529, 0.6581, 0.7184, 0.4163, 0.4853]"
imbalanced_classification,4,E: random replay,binary_classification,0.5791372145934883,0.4279555629248881,0.6676023506352606,0.6666590391260876,0.04324307415951578,-0.025818003066925544,0.5075757575757576,0.5220588235294117,0.14915197580003223,0.055230448999736836,720.6142578125,720.6142578125,"[[0.791, NaN, NaN, NaN, NaN, NaN], [0.8486, 0.7997, NaN, NaN, NaN, NaN], [0.8626, 0.8144, 0.9543, NaN, NaN, NaN], [0.8618, 0.8152, 0.95, 0.6678, NaN, NaN], [0.8281, 0.8056, 0.9257, 0.6648, 0.3941, NaN], [0.805, 0.7469, 0.9296, 0.7057, 0.2907, 0.5221]]","[NaN, 0.5529, 0.7513, 0.6559, 0.428, 0.5076]"
