dataset,seed,model,task_type,prequential_skill,worst_prequential_skill,post_update_skill,final_avg_skill,forgetting,backward_transfer,hidden_prequential_skill,hidden_post_update_skill,mean_update_latency_sec,init_latency_sec,final_state_kb,peak_state_kb,R_matrix,prequential_by_batch
nonlinear_regression,0,Static,regression,0.029352136255169768,-0.7161764793948553,0.029352136255169768,0.1810493770090951,0.0,0.0,-0.7161764793948553,-0.7161764793948553,0.0008311715999752778,0.615211163999902,757.2392578125,757.2392578125,"[[0.9395, NaN, NaN, NaN, NaN, NaN], [0.9395, -0.2855, NaN, NaN, NaN, NaN], [0.9395, -0.2855, 0.4025, NaN, NaN, NaN], [0.9395, -0.2855, 0.4025, 0.8997, NaN, NaN], [0.9395, -0.2855, 0.4025, 0.8997, -0.1538, NaN], [0.9395, -0.2855, 0.4025, 0.8997, -0.1538, -0.7162]]","[NaN, -0.2855, 0.4025, 0.8997, -0.1538, -0.7162]"
nonlinear_regression,0,Naive incremental,regression,-0.08088187571249725,-0.8711433365693846,0.8670104030956376,-1.3613087004118556,2.6884879597456086,-2.6884879597456086,-0.8711433365693846,0.9094948162250762,0.36986784279997664,0.4780367789999218,225.5791015625,772.1103515625,"[[0.9395, NaN, NaN, NaN, NaN, NaN], [0.5634, 0.7403, NaN, NaN, NaN, NaN], [0.345, -1.0798, 0.9186, NaN, NaN, NaN], [0.8716, -0.6848, 0.6165, 0.953, NaN, NaN], [0.6327, -0.15, -0.1509, 0.5624, 0.8136, NaN], [-2.2927, -2.5538, -0.7688, -1.374, -2.088, 0.9095]]","[NaN, -0.2855, 0.1153, 0.7022, -0.0652, -0.8711]"
nonlinear_regression,0,Standard replay (FIFO),regression,-0.060622704140284166,-0.8073954729637545,0.8637935383391403,-0.0506483935657606,1.1141251512046442,-1.1124787267737974,-0.8073954729637545,0.8978446340175021,0.4071606901999985,0.4379850800000895,463.2353515625,839.2705078125,"[[0.9395, NaN, NaN, NaN, NaN, NaN], [0.9207, 0.7927, NaN, NaN, NaN, NaN], [0.4488, 0.7627, 0.9171, NaN, NaN, NaN], [0.7364, -0.7272, 0.8082, 0.9167, NaN, NaN], [0.8464, -0.6924, 0.5625, 0.9249, 0.7946, NaN], [-0.115, -2.5609, 0.4174, 0.4098, 0.6471, 0.8978]]","[NaN, -0.2855, 0.2991, 0.745, -0.2543, -0.8074]"
nonlinear_regression,0,Full retrain oracle*,regression,-0.09147498936786054,-0.8203448636308641,0.8473057930041531,0.8130560907137672,0.05963891883928485,-0.059545600303376765,-0.8203448636308641,0.8880378179337495,0.531952197199962,0.5389033690000815,1438.4306640625,1515.5166015625,"[[0.9395, NaN, NaN, NaN, NaN, NaN], [0.9326, 0.8222, NaN, NaN, NaN, NaN], [0.8397, 0.7604, 0.7711, NaN, NaN, NaN], [0.8596, 0.8165, 0.7548, 0.9511, NaN, NaN], [0.871, 0.7794, 0.7349, 0.9516, 0.804, NaN], [0.8266, 0.729, 0.7314, 0.9402, 0.763, 0.888]]","[NaN, -0.2855, 0.3479, 0.9215, -0.6209, -0.8203]"
nonlinear_regression,0,ADAPT-X (proposed),regression,-0.02222422499173151,-0.8030912636008365,0.8821716978250281,0.47414491548407395,0.5012233781988227,-0.49890981341360313,-0.8030912636008365,0.90433516978441,0.19954220460003852,0.24896445700005643,1156.4423828125,1156.4423828125,"[[0.9286, NaN, NaN, NaN, NaN, NaN], [0.915, 0.7982, NaN, NaN, NaN, NaN], [0.5147, 0.789, 0.9351, NaN, NaN, NaN], [0.8332, 0.8075, 0.7205, 0.9549, NaN, NaN], [0.8765, 0.8097, 0.637, 0.9435, 0.8183, NaN], [0.3163, -0.0168, 0.408, 0.5863, 0.6468, 0.9043]]","[NaN, -0.3321, 0.325, 0.8037, -0.1047, -0.8031]"
nonlinear_regression,0,A: no drift detection,regression,-0.014865534139382696,-0.7951623478287739,0.8790414498191739,0.5810966064711822,0.3700962499238445,-0.3674375362232191,-0.7951623478287739,0.9056793702607824,0.2217979001999993,0.4205744399998821,1082.7548828125,1082.7548828125,"[[0.9286, NaN, NaN, NaN, NaN, NaN], [0.9065, 0.7862, NaN, NaN, NaN, NaN], [0.56, 0.7675, 0.9261, NaN, NaN, NaN], [0.853, 0.7946, 0.711, 0.959, NaN, NaN], [0.8533, 0.7995, 0.6497, 0.9417, 0.8183, NaN], [0.5332, 0.2098, 0.4808, 0.7228, 0.6343, 0.9057]]","[NaN, -0.3321, 0.3669, 0.8201, -0.134, -0.7952]"
nonlinear_regression,0,B: no replay (K=0),regression,0.011494103008115552,-0.7935113307649373,0.8952624264979082,-0.9256366721543033,2.1917384472525363,-2.1917384472525363,-0.7935113307649373,0.9088823235371849,0.1449632856000335,0.3961245369998778,1095.1376953125,1095.1376953125,"[[0.9286, NaN, NaN, NaN, NaN, NaN], [0.8874, 0.8248, NaN, NaN, NaN, NaN], [0.4112, 0.3252, 0.9512, NaN, NaN, NaN], [0.8644, 0.3671, 0.6714, 0.9696, NaN, NaN], [0.9209, 0.6247, 0.396, 0.8948, 0.8219, NaN], [-2.0202, -2.0109, -0.282, -0.95, -1.1996, 0.9089]]","[NaN, -0.3321, 0.4393, 0.7482, -0.0044, -0.7935]"
nonlinear_regression,0,C: no adaptive scaling,regression,-0.014865534139382696,-0.7951623478287739,0.8790414498191739,0.5810966064711822,0.3700962499238445,-0.3674375362232191,-0.7951623478287739,0.9056793702607824,0.15909311940004045,0.24839076800003568,1082.7548828125,1082.7548828125,"[[0.9286, NaN, NaN, NaN, NaN, NaN], [0.9065, 0.7862, NaN, NaN, NaN, NaN], [0.56, 0.7675, 0.9261, NaN, NaN, NaN], [0.853, 0.7946, 0.711, 0.959, NaN, NaN], [0.8533, 0.7995, 0.6497, 0.9417, 0.8183, NaN], [0.5332, 0.2098, 0.4808, 0.7228, 0.6343, 0.9057]]","[NaN, -0.3321, 0.3669, 0.8201, -0.134, -0.7952]"
nonlinear_regression,0,D: no stable persistent state,regression,-0.09675716659271534,-0.8197833116995938,0.8565589041164643,0.3540501045940026,0.6174107927731249,-0.6174107927731249,-0.8197833116995938,0.8952907400800523,0.5681552659999852,0.3011325330001,669.416015625,1244.232421875,"[[0.9286, NaN, NaN, NaN, NaN, NaN], [0.9165, 0.79, NaN, NaN, NaN, NaN], [0.5974, 0.6241, 0.8588, NaN, NaN, NaN], [0.7971, 0.4883, 0.7482, 0.9341, NaN, NaN], [0.8148, 0.1244, 0.6269, 0.9148, 0.8046, NaN], [0.1947, -0.5314, 0.3682, 0.5754, 0.6222, 0.8953]]","[NaN, -0.3321, 0.3057, 0.829, -0.4665, -0.8198]"
nonlinear_regression,0,E: random replay,regression,-0.011184361830437917,-0.8169244307943437,0.8832338318123512,0.39112461673160387,0.6013676509772512,-0.5995963059038903,-0.8169244307943437,0.9067173269480134,0.16550980239994714,0.33676346400011425,1166.8642578125,1166.8642578125,"[[0.9286, NaN, NaN, NaN, NaN, NaN], [0.9135, 0.8017, NaN, NaN, NaN, NaN], [0.5293, 0.7851, 0.9368, NaN, NaN, NaN], [0.8489, 0.8106, 0.7161, 0.9601, NaN, NaN], [0.8511, 0.7968, 0.6361, 0.9324, 0.8108, NaN], [0.2339, -0.5206, 0.5054, 0.6334, 0.5879, 0.9067]]","[NaN, -0.3321, 0.3858, 0.8029, -0.0957, -0.8169]"
nonlinear_regression,1,Static,regression,-0.03861668218057832,-1.1755404615709955,-0.03861668218057832,0.126123668316508,0.0,0.0,-1.1755404615709955,-1.1755404615709955,0.0010783832000015535,0.517939732999821,542.2314453125,542.2314453125,"[[0.9498, NaN, NaN, NaN, NaN, NaN], [0.9498, -0.1193, NaN, NaN, NaN, NaN], [0.9498, -0.1193, 0.3933, NaN, NaN, NaN], [0.9498, -0.1193, 0.3933, 0.9008, NaN, NaN], [0.9498, -0.1193, 0.3933, 0.9008, -0.1923, NaN], [0.9498, -0.1193, 0.3933, 0.9008, -0.1923, -1.1755]]","[NaN, -0.1193, 0.3933, 0.9008, -0.1923, -1.1755]"
nonlinear_regression,1,Naive incremental,regression,-0.12326591576208953,-1.3433710839310802,0.8883907985510623,-0.6938215790200681,1.9109417775355317,-1.9109417775355317,-1.3433710839310802,0.9297136574054155,0.41982234380006955,0.43009354299988445,303.7197265625,924.2666015625,"[[0.9498, NaN, NaN, NaN, NaN, NaN], [0.4123, 0.8262, NaN, NaN, NaN, NaN], [0.3954, -0.743, 0.938, NaN, NaN, NaN], [0.895, -0.7676, 0.6382, 0.9451, NaN, NaN], [0.6497, -0.2776, 0.0226, 0.5738, 0.803, NaN], [-1.2865, -1.7371, 0.1322, -0.2062, -1.9951, 0.9297]]","[NaN, -0.1193, 0.4583, 0.7023, -0.3142, -1.3434]"
nonlinear_regression,1,Standard replay (FIFO),regression,-0.13206379406818472,-1.1216294312865678,0.8850328554571403,-0.01736894582030028,1.097940381151842,-1.0958406746018885,-1.1216294312865678,0.9137865492584563,0.4930785772000036,0.3901228579998133,519.2666015625,1156.3603515625,"[[0.9498, NaN, NaN, NaN, NaN, NaN], [0.9311, 0.8812, NaN, NaN, NaN, NaN], [0.4786, 0.8539, 0.9277, NaN, NaN, NaN], [0.7735, -0.7328, 0.8161, 0.9102, NaN, NaN], [0.8831, -0.9197, 0.5733, 0.9207, 0.7923, NaN], [-0.5929, -1.6079, 0.2962, 0.2191, 0.6675, 0.9138]]","[NaN, -0.1193, 0.4296, 0.7397, -0.5887, -1.1216]"
nonlinear_regression,1,Full retrain oracle*,regression,-0.1380755106071446,-1.2370524337921802,0.8657347275363796,0.8309591345261936,0.06087453472864668,-0.058548850265335295,-1.2370524337921802,0.9189959164737783,0.5433118859999923,0.3728310460001012,1217.8603515625,1345.5947265625,"[[0.9498, NaN, NaN, NaN, NaN, NaN], [0.9499, 0.8662, NaN, NaN, NaN, NaN], [0.852, 0.8542, 0.7869, NaN, NaN, NaN], [0.8934, 0.8585, 0.7482, 0.9403, NaN, NaN], [0.892, 0.873, 0.7363, 0.9451, 0.8163, NaN], [0.833, 0.7524, 0.7478, 0.9418, 0.7918, 0.919]]","[NaN, -0.1193, 0.3909, 0.9077, -0.6326, -1.2371]"
nonlinear_regression,1,ADAPT-X (proposed),regression,-0.09660404976912448,-1.2622136423787897,0.9053705329701396,0.43504507991877056,0.5711092328289379,-0.5711092328289379,-1.2622136423787897,0.9244341875332257,0.17761450799998785,0.4078342759999032,1310.6845703125,1310.6845703125,"[[0.939, NaN, NaN, NaN, NaN, NaN], [0.9376, 0.9168, NaN, NaN, NaN, NaN], [0.6153, 0.8967, 0.9277, NaN, NaN, NaN], [0.8848, 0.9051, 0.7023, 0.95, NaN, NaN], [0.9183, 0.8735, 0.568, 0.9416, 0.808, NaN], [0.0675, 0.0961, 0.4284, 0.528, 0.5659, 0.9244]]","[NaN, -0.2229, 0.4203, 0.7945, -0.2127, -1.2622]"
nonlinear_regression,1,A: no drift detection,regression,-0.1171623260157338,-1.2383724152823494,0.9068628392117357,0.544091062113755,0.44174636043655263,-0.44174636043655263,-1.2383724152823494,0.9238592378920003,0.19011784239996815,0.43048107399999935,1356.1220703125,1356.1220703125,"[[0.939, NaN, NaN, NaN, NaN, NaN], [0.9335, 0.9158, NaN, NaN, NaN, NaN], [0.6399, 0.8955, 0.9216, NaN, NaN, NaN], [0.8972, 0.9062, 0.6949, 0.9505, NaN, NaN], [0.9079, 0.9056, 0.6537, 0.9443, 0.8226, NaN], [0.3115, 0.3252, 0.5701, 0.6334, 0.5004, 0.9239]]","[NaN, -0.2229, 0.4088, 0.8001, -0.3334, -1.2384]"
nonlinear_regression,1,B: no replay (K=0),regression,-0.05347935637206795,-1.243193188639415,0.9031387441671287,-0.43072998032510307,1.6078075163185752,-1.6078075163185752,-1.243193188639415,0.9177946953524245,0.215021939799999,0.31103351299998394,1230.2158203125,1230.2158203125,"[[0.939, NaN, NaN, NaN, NaN, NaN], [0.8511, 0.8567, NaN, NaN, NaN, NaN], [0.4831, 0.2952, 0.9516, NaN, NaN, NaN], [0.8995, 0.3052, 0.6394, 0.9598, NaN, NaN], [0.9291, 0.2721, 0.458, 0.9262, 0.8298, NaN], [-1.3985, -0.9455, -0.0928, -0.2586, -0.8068, 0.9178]]","[NaN, -0.2229, 0.6209, 0.7376, -0.1598, -1.2432]"
nonlinear_regression,1,C: no adaptive scaling,regression,-0.1171623260157338,-1.2383724152823494,0.9068628392117357,0.544091062113755,0.44174636043655263,-0.44174636043655263,-1.2383724152823494,0.9238592378920003,0.20817126120000468,0.37037034500008303,1356.1220703125,1356.1220703125,"[[0.939, NaN, NaN, NaN, NaN, NaN], [0.9335, 0.9158, NaN, NaN, NaN, NaN], [0.6399, 0.8955, 0.9216, NaN, NaN, NaN], [0.8972, 0.9062, 0.6949, 0.9505, NaN, NaN], [0.9079, 0.9056, 0.6537, 0.9443, 0.8226, NaN], [0.3115, 0.3252, 0.5701, 0.6334, 0.5004, 0.9239]]","[NaN, -0.2229, 0.4088, 0.8001, -0.3334, -1.2384]"
nonlinear_regression,1,D: no stable persistent state,regression,-0.18826546804588515,-1.1986245256680537,0.862228238319988,0.42647911840556013,0.5382460919946388,-0.5382460919946388,-1.1986245256680537,0.905539491980337,0.5360018689999378,0.3724359180000647,518.501953125,1244.232421875,"[[0.939, NaN, NaN, NaN, NaN, NaN], [0.9298, 0.8195, NaN, NaN, NaN, NaN], [0.6798, 0.7367, 0.8652, NaN, NaN, NaN], [0.8379, 0.4152, 0.778, 0.9245, NaN, NaN], [0.8541, 0.0551, 0.5986, 0.8902, 0.7964, NaN], [0.345, -0.5713, 0.5213, 0.6897, 0.6688, 0.9055]]","[NaN, -0.2229, 0.3386, 0.818, -0.6764, -1.1986]"
nonlinear_regression,1,E: random replay,regression,-0.09003261660860085,-1.279695668899747,0.9029918073329766,0.3897586727925087,0.6231908142833005,-0.6230741957432891,-1.279695668899747,0.9253177636316179,0.1946703200000229,0.3445965780001643,1326.2744140625,1326.2744140625,"[[0.939, NaN, NaN, NaN, NaN, NaN], [0.9367, 0.9108, NaN, NaN, NaN, NaN], [0.6251, 0.8879, 0.9264, NaN, NaN, NaN], [0.8892, 0.8994, 0.6936, 0.9489, NaN, NaN], [0.9144, 0.8512, 0.599, 0.9494, 0.8036, NaN], [0.0968, -0.2266, 0.5051, 0.5135, 0.5245, 0.9253]]","[NaN, -0.2229, 0.4098, 0.8019, -0.1592, -1.2797]"
nonlinear_regression,2,Static,regression,-0.026045607786368708,-1.0415425536584264,-0.026045607786368708,0.13452254875077607,0.0,0.0,-1.0415425536584264,-1.0415425536584264,0.0010329877999083691,0.41026084800000717,588.2705078125,588.2705078125,"[[0.9374, NaN, NaN, NaN, NaN, NaN], [0.9374, -0.0238, NaN, NaN, NaN, NaN], [0.9374, -0.0238, 0.2913, NaN, NaN, NaN], [0.9374, -0.0238, 0.2913, 0.893, NaN, NaN], [0.9374, -0.0238, 0.2913, 0.893, -0.2492, NaN], [0.9374, -0.0238, 0.2913, 0.893, -0.2492, -1.0415]]","[NaN, -0.0238, 0.2913, 0.893, -0.2492, -1.0415]"
nonlinear_regression,2,Naive incremental,regression,-0.12118203718770475,-1.1972635754123102,0.8751075318212476,-0.9828170707986414,2.2419606830669174,-2.2419606830669174,-1.1972635754123102,0.9168399641341195,0.35471503799994936,0.36782076899999083,285.9228515625,825.3447265625,"[[0.9374, NaN, NaN, NaN, NaN, NaN], [0.5114, 0.8257, NaN, NaN, NaN, NaN], [0.3537, -0.7386, 0.901, NaN, NaN, NaN], [0.8746, -0.5452, 0.556, 0.9464, NaN, NaN], [0.6229, -0.0869, -0.0828, 0.5705, 0.7857, NaN], [-1.8522, -1.3462, -0.6646, -1.0122, -1.9386, 0.9168]]","[NaN, -0.0238, 0.169, 0.6524, -0.2062, -1.1973]"
nonlinear_regression,2,Standard replay (FIFO),regression,-0.1260715592827677,-1.0723377801063032,0.8754492361902715,0.21233524501832127,0.8109535254768382,-0.8081196084555863,-1.0723377801063032,0.9118762167129895,0.4162912098000561,0.3830427420000433,431.1494140625,1048.1025390625,"[[0.9374, NaN, NaN, NaN, NaN, NaN], [0.9431, 0.8721, NaN, NaN, NaN, NaN], [0.4268, 0.7779, 0.8851, NaN, NaN, NaN], [0.7396, -0.5901, 0.778, 0.8941, NaN, NaN], [0.8711, -0.5667, 0.5152, 0.9025, 0.814, NaN], [0.1825, -1.256, 0.345, 0.4219, 0.6688, 0.9119]]","[NaN, -0.0238, 0.2532, 0.6922, -0.4796, -1.0723]"
nonlinear_regression,2,Full retrain oracle*,regression,-0.1616918392579482,-1.2164766451989708,0.8464885554902353,0.8258498903307592,0.043458217671655364,-0.0429413533806241,-1.2164766451989708,0.9108348727733347,0.4404093352000018,0.4464350350001496,1420.9697265625,1420.9697265625,"[[0.9374, NaN, NaN, NaN, NaN, NaN], [0.9393, 0.8618, NaN, NaN, NaN, NaN], [0.8227, 0.8426, 0.7311, NaN, NaN, NaN], [0.8697, 0.8038, 0.6863, 0.9315, NaN, NaN], [0.8844, 0.8443, 0.6951, 0.9321, 0.7973, NaN], [0.8498, 0.8142, 0.6943, 0.9336, 0.7524, 0.9108]]","[NaN, -0.0238, 0.2422, 0.8915, -0.7019, -1.2165]"
nonlinear_regression,2,ADAPT-X (proposed),regression,-0.06606513409525805,-1.1481847382851753,0.8951043463312818,0.5939765667793734,0.3679976415826604,-0.3679976415826604,-1.1481847382851753,0.9277646157732159,0.18845986939995782,0.34238605099994857,1334.4345703125,1334.4345703125,"[[0.9283, NaN, NaN, NaN, NaN, NaN], [0.9141, 0.8733, NaN, NaN, NaN, NaN], [0.5352, 0.839, 0.9197, NaN, NaN, NaN], [0.8583, 0.865, 0.7002, 0.9468, NaN, NaN], [0.8692, 0.8365, 0.6474, 0.9427, 0.8079, NaN], [0.5599, 0.3141, 0.5419, 0.6864, 0.5337, 0.9278]]","[NaN, -0.0547, 0.3696, 0.746, -0.2431, -1.1482]"
nonlinear_regression,2,A: no drift detection,regression,-0.10235017112506566,-1.1558222809828114,0.8909883234792373,0.6546529212813906,0.2920315762317477,-0.2910699933281955,-1.1558222809828114,0.9282910107827249,0.16128478539999377,0.33509389400001055,1175.0048828125,1175.0048828125,"[[0.9283, NaN, NaN, NaN, NaN, NaN], [0.9174, 0.8663, NaN, NaN, NaN, NaN], [0.5828, 0.8547, 0.9115, NaN, NaN, NaN], [0.878, 0.8711, 0.7052, 0.9418, NaN, NaN], [0.8864, 0.8661, 0.6591, 0.9415, 0.807, NaN], [0.6673, 0.4673, 0.6205, 0.7305, 0.5141, 0.9283]]","[NaN, -0.0547, 0.4159, 0.7631, -0.4803, -1.1558]"
nonlinear_regression,2,B: no replay (K=0),regression,-0.049322008251157935,-1.104286892094629,0.8916604218367595,-0.3823796998531008,1.536181237047107,-1.536181237047107,-1.104286892094629,0.9079310971381255,0.16135859699993488,0.25701861400011694,1206.7744140625,1206.7744140625,"[[0.9283, NaN, NaN, NaN, NaN, NaN], [0.8589, 0.8346, NaN, NaN, NaN, NaN], [0.4127, 0.397, 0.9376, NaN, NaN, NaN], [0.8802, 0.4119, 0.6313, 0.9578, NaN, NaN], [0.8982, 0.5281, 0.4954, 0.9091, 0.8204, NaN], [-0.932, -0.9736, -0.1959, -0.3255, -0.7752, 0.9079]]","[NaN, -0.0547, 0.4073, 0.6814, -0.1764, -1.1043]"
nonlinear_regression,2,C: no adaptive scaling,regression,-0.10235017112506566,-1.1558222809828114,0.8909883234792373,0.6546529212813906,0.2920315762317477,-0.2910699933281955,-1.1558222809828114,0.9282910107827249,0.18255111920002492,0.36495081299995036,1175.0048828125,1175.0048828125,"[[0.9283, NaN, NaN, NaN, NaN, NaN], [0.9174, 0.8663, NaN, NaN, NaN, NaN], [0.5828, 0.8547, 0.9115, NaN, NaN, NaN], [0.878, 0.8711, 0.7052, 0.9418, NaN, NaN], [0.8864, 0.8661, 0.6591, 0.9415, 0.807, NaN], [0.6673, 0.4673, 0.6205, 0.7305, 0.5141, 0.9283]]","[NaN, -0.0547, 0.4159, 0.7631, -0.4803, -1.1558]"
nonlinear_regression,2,D: no stable persistent state,regression,-0.10099099876215105,-1.1692019484229332,0.8468734183206751,0.4784096238170254,0.45844704512687146,-0.45844704512687146,-1.1692019484229332,0.9046624595028472,0.3353508201999375,0.31253689200002555,503.861328125,729.791015625,"[[0.9283, NaN, NaN, NaN, NaN, NaN], [0.9225, 0.801, NaN, NaN, NaN, NaN], [0.5996, 0.7239, 0.8241, NaN, NaN, NaN], [0.8201, 0.3705, 0.7045, 0.9115, NaN, NaN], [0.8048, 0.1462, 0.5895, 0.873, 0.7932, NaN], [0.5593, -0.1699, 0.3111, 0.6345, 0.6308, 0.9047]]","[NaN, -0.0547, 0.2416, 0.7921, -0.3148, -1.1692]"
nonlinear_regression,2,E: random replay,regression,-0.05740309332585234,-1.14143300288394,0.8933142559034166,0.5142198200643052,0.4619156472128772,-0.4619156472128772,-1.14143300288394,0.9223507454293672,0.16037583080001241,0.3254544219998934,1281.8876953125,1281.8876953125,"[[0.9283, NaN, NaN, NaN, NaN, NaN], [0.9252, 0.8684, NaN, NaN, NaN, NaN], [0.5435, 0.8342, 0.9265, NaN, NaN, NaN], [0.8584, 0.8513, 0.7075, 0.9427, NaN, NaN], [0.8766, 0.8299, 0.6543, 0.9306, 0.8065, NaN], [0.5506, 0.0347, 0.4461, 0.6401, 0.4915, 0.9224]]","[NaN, -0.0547, 0.3857, 0.741, -0.2177, -1.1414]"
nonlinear_regression,3,Static,regression,-0.028561275834094912,-1.1662076592799795,-0.028561275834094912,0.13301259141671876,0.0,0.0,-1.1662076592799795,-1.1662076592799795,0.0013141030000042519,0.8084271709999484,927.2197265625,927.2197265625,"[[0.9409, NaN, NaN, NaN, NaN, NaN], [0.9409, -0.1334, NaN, NaN, NaN, NaN], [0.9409, -0.1334, 0.4352, NaN, NaN, NaN], [0.9409, -0.1334, 0.4352, 0.8918, NaN, NaN], [0.9409, -0.1334, 0.4352, 0.8918, -0.1702, NaN], [0.9409, -0.1334, 0.4352, 0.8918, -0.1702, -1.1662]]","[NaN, -0.1334, 0.4352, 0.8918, -0.1702, -1.1662]"
nonlinear_regression,3,Naive incremental,regression,-0.12405734727299689,-1.3022047885052253,0.8538953901860522,-0.6804873187529386,1.8586565582237362,-1.8586565582237362,-1.3022047885052253,0.9032031091915623,0.32756016820003425,0.5688896649999151,294.0009765625,927.2197265625,"[[0.9409, NaN, NaN, NaN, NaN, NaN], [0.3954, 0.6909, NaN, NaN, NaN, NaN], [0.3769, -0.8295, 0.9286, NaN, NaN, NaN], [0.8796, -0.5738, 0.6354, 0.9388, NaN, NaN], [0.5958, -0.4139, 0.3046, 0.5554, 0.8079, NaN], [-0.709, -2.3235, 0.1843, -0.1947, -1.9432, 0.9032]]","[NaN, -0.1334, 0.3646, 0.6377, -0.187, -1.3022]"
nonlinear_regression,3,Standard replay (FIFO),regression,-0.1523648284175815,-1.2524520155753165,0.8706572931405219,0.22624070895877466,0.7916517459554137,-0.7873448279241498,-1.2524520155753165,0.9020667370490114,0.3599938207999912,0.5933346330000404,344.0322265625,1009.2509765625,"[[0.9409, NaN, NaN, NaN, NaN, NaN], [0.9417, 0.8162, NaN, NaN, NaN, NaN], [0.4593, 0.7243, 0.9325, NaN, NaN, NaN], [0.7757, -0.7542, 0.7954, 0.8955, NaN, NaN], [0.8828, -0.5596, 0.5685, 0.9162, 0.807, NaN], [0.5375, -1.9594, 0.6014, 0.5618, 0.7142, 0.9021]]","[NaN, -0.1334, 0.4041, 0.644, -0.424, -1.2525]"
nonlinear_regression,3,Full retrain oracle*,regression,-0.17826657210767022,-1.3832731566030385,0.8445109337816076,0.8158160933779355,0.056592249613204706,-0.053708007262242494,-1.3832731566030385,0.9025589435250687,0.5063320689999727,0.6696329629999127,1291.3525390625,1291.3525390625,"[[0.9409, NaN, NaN, NaN, NaN, NaN], [0.9478, 0.789, NaN, NaN, NaN, NaN], [0.8404, 0.7873, 0.7996, NaN, NaN, NaN], [0.8757, 0.7818, 0.7667, 0.9216, NaN, NaN], [0.8798, 0.7847, 0.7628, 0.9292, 0.8097, NaN], [0.8705, 0.6538, 0.7799, 0.9041, 0.784, 0.9026]]","[NaN, -0.1334, 0.4597, 0.8868, -0.7211, -1.3833]"
nonlinear_regression,3,ADAPT-X (proposed),regression,-0.10230310597532206,-1.3503482187314728,0.8945386891125813,0.47842270998577696,0.5079065150840936,-0.5079065150840936,-1.3503482187314728,0.9122940293205659,0.16453282479997142,0.2313574449999578,1133.8642578125,1133.8642578125,"[[0.9374, NaN, NaN, NaN, NaN, NaN], [0.8956, 0.8852, NaN, NaN, NaN, NaN], [0.5539, 0.8446, 0.9258, NaN, NaN, NaN], [0.8938, 0.8725, 0.7129, 0.9375, NaN, NaN], [0.9181, 0.8454, 0.6577, 0.9279, 0.8119, NaN], [0.4363, -0.3014, 0.6782, 0.5808, 0.5643, 0.9123]]","[NaN, -0.1603, 0.4574, 0.7209, -0.1792, -1.3503]"
nonlinear_regression,3,A: no drift detection,regression,-0.10582131873915683,-1.3385504406054354,0.8914564776026823,0.6296764252274136,0.32331984528423086,-0.32331984528423086,-1.3385504406054354,0.9099177791053802,0.1834991541999443,0.30412269599992214,1198.3134765625,1198.3134765625,"[[0.9374, NaN, NaN, NaN, NaN, NaN], [0.9115, 0.8744, NaN, NaN, NaN, NaN], [0.5993, 0.8427, 0.9189, NaN, NaN, NaN], [0.8962, 0.8645, 0.7031, 0.9364, NaN, NaN], [0.9084, 0.8481, 0.6921, 0.9319, 0.8177, NaN], [0.6053, 0.251, 0.6606, 0.7337, 0.6177, 0.9099]]","[NaN, -0.1603, 0.4448, 0.7601, -0.2352, -1.3386]"
nonlinear_regression,3,B: no replay (K=0),regression,-0.07999249220712504,-1.284931138375708,0.8939351073949325,-0.07201452781420616,1.168997894192981,-1.1678276187264247,-1.284931138375708,0.8835613349939896,0.2358949759999632,0.3117528779998793,1308.9111328125,1308.9111328125,"[[0.9374, NaN, NaN, NaN, NaN, NaN], [0.8427, 0.849, NaN, NaN, NaN, NaN], [0.4732, 0.3401, 0.9569, NaN, NaN, NaN], [0.9034, 0.4005, 0.6748, 0.9623, NaN, NaN], [0.9432, 0.5979, 0.5484, 0.9277, 0.8179, NaN], [-0.2312, -1.5327, 0.5824, 0.1069, -0.2411, 0.8836]]","[NaN, -0.1603, 0.5948, 0.704, -0.2536, -1.2849]"
nonlinear_regression,3,C: no adaptive scaling,regression,-0.10582131873915683,-1.3385504406054354,0.8914564776026823,0.6296764252274136,0.32331984528423086,-0.32331984528423086,-1.3385504406054354,0.9099177791053802,0.17972187200002737,0.2911918610000157,1198.3134765625,1198.3134765625,"[[0.9374, NaN, NaN, NaN, NaN, NaN], [0.9115, 0.8744, NaN, NaN, NaN, NaN], [0.5993, 0.8427, 0.9189, NaN, NaN, NaN], [0.8962, 0.8645, 0.7031, 0.9364, NaN, NaN], [0.9084, 0.8481, 0.6921, 0.9319, 0.8177, NaN], [0.6053, 0.251, 0.6606, 0.7337, 0.6177, 0.9099]]","[NaN, -0.1603, 0.4448, 0.7601, -0.2352, -1.3386]"
nonlinear_regression,3,D: no stable persistent state,regression,-0.1617471593045287,-1.387428926585856,0.8539945073699459,0.3643691945813767,0.6042265518267386,-0.6042265518267386,-1.387428926585856,0.8890499140819837,0.4969708915999945,0.3405278459999863,452.556640625,1244.205078125,"[[0.9374, NaN, NaN, NaN, NaN, NaN], [0.9261, 0.7833, NaN, NaN, NaN, NaN], [0.6001, 0.6523, 0.8904, NaN, NaN, NaN], [0.8255, 0.3492, 0.8159, 0.9038, NaN, NaN], [0.8195, 0.2249, 0.6307, 0.8819, 0.8033, NaN], [0.6141, -1.1691, 0.4482, 0.6793, 0.7247, 0.889]]","[NaN, -0.1603, 0.432, 0.7372, -0.4302, -1.3874]"
nonlinear_regression,3,E: random replay,regression,-0.10797730781806578,-1.3707097648860893,0.9017999420333014,0.40199459584684627,0.6070485200370921,-0.6068815049715307,-1.3707097648860893,0.9136759549046649,0.16793086220004624,0.29905617400004303,1111.0908203125,1111.0908203125,"[[0.9374, NaN, NaN, NaN, NaN, NaN], [0.9382, 0.9045, NaN, NaN, NaN, NaN], [0.5525, 0.8624, 0.9379, NaN, NaN, NaN], [0.8697, 0.8902, 0.725, 0.9488, NaN, NaN], [0.9, 0.874, 0.6831, 0.936, 0.8041, NaN], [0.3433, -0.603, 0.6415, 0.5754, 0.5411, 0.9137]]","[NaN, -0.1603, 0.4817, 0.7476, -0.2382, -1.3707]"
nonlinear_regression,4,Static,regression,0.053994279538388576,-0.802690025816776,0.053994279538388576,0.202654567787812,0.0,0.0,-0.802690025816776,-0.802690025816776,0.0009093484000459284,0.3337896760001513,531.2509765625,531.2509765625,"[[0.946, NaN, NaN, NaN, NaN, NaN], [0.946, -0.1288, NaN, NaN, NaN, NaN], [0.946, -0.1288, 0.4848, NaN, NaN, NaN], [0.946, -0.1288, 0.4848, 0.8969, NaN, NaN], [0.946, -0.1288, 0.4848, 0.8969, -0.1803, NaN], [0.946, -0.1288, 0.4848, 0.8969, -0.1803, -0.8027]]","[NaN, -0.1288, 0.4848, 0.8969, -0.1803, -0.8027]"
nonlinear_regression,4,Naive incremental,regression,-0.07807529369766456,-0.9856252492892528,0.8688242096736178,-0.5671177983162133,1.7385567694600599,-1.7385567694600599,-0.9856252492892528,0.9085481262226374,0.37471158580005975,0.4396587940000245,384.2744140625,926.2353515625,"[[0.946, NaN, NaN, NaN, NaN, NaN], [0.5706, 0.7412, NaN, NaN, NaN, NaN], [0.4622, -0.9691, 0.9442, NaN, NaN, NaN], [0.8978, -0.6999, 0.6736, 0.9497, NaN, NaN], [0.715, -0.162, 0.1885, 0.5539, 0.8004, NaN], [-1.0158, -1.494, 0.0114, -0.6968, -1.116, 0.9085]]","[NaN, -0.1288, 0.2771, 0.6807, -0.2338, -0.9856]"
nonlinear_regression,4,Standard replay (FIFO),regression,-0.07512301273449298,-0.8263811082935513,0.8746608177844424,0.21084412056210924,0.8155420105072286,-0.8108390749168972,-0.8263811082935513,0.9125088947550087,0.5500451003999842,0.412583985000083,662.4619140625,1016.3603515625,"[[0.946, NaN, NaN, NaN, NaN, NaN], [0.9462, 0.8215, NaN, NaN, NaN, NaN], [0.5474, 0.7185, 0.9196, NaN, NaN, NaN], [0.7855, -0.7895, 0.8276, 0.9081, NaN, NaN], [0.8977, -0.6425, 0.5821, 0.9314, 0.8116, NaN], [0.2211, -1.4332, 0.4748, 0.4572, 0.6327, 0.9125]]","[NaN, -0.1288, 0.4585, 0.6985, -0.5774, -0.8264]"
nonlinear_regression,4,Full retrain oracle*,regression,-0.07437501525014878,-0.9336342337944923,0.8531173175305591,0.8363050077583964,0.04114506621750955,-0.03874251002746902,-0.9336342337944923,0.903213466153945,0.5483360364000418,0.37802618099999563,1301.8291015625,1301.8291015625,"[[0.946, NaN, NaN, NaN, NaN, NaN], [0.9551, 0.8275, NaN, NaN, NaN, NaN], [0.8444, 0.797, 0.7948, NaN, NaN, NaN], [0.8787, 0.8156, 0.7823, 0.9359, NaN, NaN], [0.8807, 0.7956, 0.7581, 0.9387, 0.8043, NaN], [0.8609, 0.7648, 0.7585, 0.9341, 0.7964, 0.9032]]","[NaN, -0.1288, 0.4555, 0.8918, -0.6567, -0.9336]"
nonlinear_regression,4,ADAPT-X (proposed),regression,-0.014071932948874943,-0.9678668947006943,0.8953007299418738,0.5592095441576314,0.4134686409267717,-0.41261634208669856,-0.9678668947006943,0.9187838949180267,0.25293028160003816,0.29356029899986424,1537.8017578125,1537.8017578125,"[[0.9418, NaN, NaN, NaN, NaN, NaN], [0.9461, 0.8788, NaN, NaN, NaN, NaN], [0.618, 0.8428, 0.9331, NaN, NaN, NaN], [0.877, 0.8543, 0.7354, 0.9402, NaN, NaN], [0.8928, 0.8494, 0.6402, 0.9159, 0.8056, NaN], [0.491, 0.084, 0.5141, 0.6788, 0.6686, 0.9188]]","[NaN, -0.1486, 0.4614, 0.7495, -0.1648, -0.9679]"
nonlinear_regression,4,A: no drift detection,regression,-0.02164439367139579,-0.9479196306440711,0.8974102628720763,0.648402378186263,0.30837244683517945,-0.3076944741825429,-0.9479196306440711,0.9137481660712307,0.19118617780000022,0.3029665080000541,1274.9931640625,1274.9931640625,"[[0.9418, NaN, NaN, NaN, NaN, NaN], [0.9452, 0.8786, NaN, NaN, NaN, NaN], [0.6486, 0.8442, 0.9254, NaN, NaN, NaN], [0.8793, 0.8538, 0.7423, 0.9442, NaN, NaN], [0.8782, 0.8496, 0.7062, 0.9304, 0.8251, NaN], [0.6526, 0.3736, 0.4639, 0.8047, 0.682, 0.9137]]","[NaN, -0.1486, 0.4546, 0.7618, -0.2281, -0.9479]"
nonlinear_regression,4,B: no replay (K=0),regression,-0.0341199968141082,-0.9121152201834324,0.8890360718863972,-0.13498196632235132,1.239381496607201,-1.239381496607201,-0.9121152201834324,0.9159138701842421,0.15253832179996607,0.2337443470000835,1079.0517578125,1079.0517578125,"[[0.9418, NaN, NaN, NaN, NaN, NaN], [0.9161, 0.8175, NaN, NaN, NaN, NaN], [0.5394, 0.2155, 0.9417, NaN, NaN, NaN], [0.8921, 0.323, 0.6918, 0.9502, NaN, NaN], [0.9344, 0.6071, 0.4541, 0.8986, 0.8199, NaN], [-0.7906, -0.675, 0.3893, -0.3124, -0.3371, 0.9159]]","[NaN, -0.1486, 0.4967, 0.6885, -0.2951, -0.9121]"
nonlinear_regression,4,C: no adaptive scaling,regression,-0.02164439367139579,-0.9479196306440711,0.8974102628720763,0.648402378186263,0.30837244683517945,-0.3076944741825429,-0.9479196306440711,0.9137481660712307,0.17589216500000476,0.3197993809999389,1274.9931640625,1274.9931640625,"[[0.9418, NaN, NaN, NaN, NaN, NaN], [0.9452, 0.8786, NaN, NaN, NaN, NaN], [0.6486, 0.8442, 0.9254, NaN, NaN, NaN], [0.8793, 0.8538, 0.7423, 0.9442, NaN, NaN], [0.8782, 0.8496, 0.7062, 0.9304, 0.8251, NaN], [0.6526, 0.3736, 0.4639, 0.8047, 0.682, 0.9137]]","[NaN, -0.1486, 0.4546, 0.7618, -0.2281, -0.9479]"
nonlinear_regression,4,D: no stable persistent state,regression,-0.07954240971179219,-0.9206311748805358,0.8603667536050477,0.4540097834264487,0.5039220786272914,-0.5039220786272914,-0.9206311748805358,0.9026313748858691,0.4220027349999782,0.3051568050000242,498.080078125,1076.294921875,"[[0.9418, NaN, NaN, NaN, NaN, NaN], [0.9274, 0.827, NaN, NaN, NaN, NaN], [0.6653, 0.6195, 0.8581, NaN, NaN, NaN], [0.8046, 0.4624, 0.8077, 0.9133, NaN, NaN], [0.8646, 0.0679, 0.6275, 0.8926, 0.8008, NaN], [0.5262, -0.6588, 0.554, 0.6675, 0.7326, 0.9026]]","[NaN, -0.1486, 0.4209, 0.8135, -0.563, -0.9206]"
nonlinear_regression,4,E: random replay,regression,-0.04797550562507076,-0.9420980940039352,0.8954092479257282,0.438737320285302,0.5572915287173481,-0.5572915287173481,-0.9420980940039352,0.9226293725044034,0.22309481839997716,0.3013860910000403,1380.3486328125,1380.3486328125,"[[0.9418, NaN, NaN, NaN, NaN, NaN], [0.9369, 0.8695, NaN, NaN, NaN, NaN], [0.6483, 0.8403, 0.9179, NaN, NaN, NaN], [0.8784, 0.8384, 0.7217, 0.9512, NaN, NaN], [0.8856, 0.8196, 0.6595, 0.9326, 0.8157, NaN], [0.5209, -0.8026, 0.5983, 0.7115, 0.6817, 0.9226]]","[NaN, -0.1486, 0.4067, 0.765, -0.321, -0.9421]"
linear_regression,0,Static,regression,0.43329957777134087,0.037596682968658035,0.43329957777134087,0.4994087815027462,0.0,0.0,0.037596682968658035,0.037596682968658035,0.000649818000056257,0.26037867700006245,358.0712890625,358.0712890625,"[[0.83, NaN, NaN, NaN, NaN, NaN], [0.83, 0.2921, NaN, NaN, NaN, NaN], [0.83, 0.2921, 0.3589, NaN, NaN, NaN], [0.83, 0.2921, 0.3589, 0.7492, NaN, NaN], [0.83, 0.2921, 0.3589, 0.7492, 0.7287, NaN], [0.83, 0.2921, 0.3589, 0.7492, 0.7287, 0.0376]]","[NaN, 0.2921, 0.3589, 0.7492, 0.7287, 0.0376]"
linear_regression,0,Naive incremental,regression,0.3426103346088868,-0.10441523595073554,0.8139206335850122,0.2899262597735912,0.6320000818886576,-0.6320000818886576,-0.10441523595073554,0.7288229546320697,0.25507255640000037,0.2504592269999648,256.4658203125,555.8759765625,"[[0.83, NaN, NaN, NaN, NaN, NaN], [0.7752, 0.9115, NaN, NaN, NaN, NaN], [0.2783, 0.6228, 0.8823, NaN, NaN, NaN], [0.7811, 0.5207, 0.4249, 0.8316, NaN, NaN], [0.8197, 0.6339, 0.3125, 0.6953, 0.7154, NaN], [0.2823, 0.3002, -0.3174, 0.2673, 0.4783, 0.7288]]","[NaN, 0.2921, 0.3609, 0.4728, 0.6917, -0.1044]"
linear_regression,0,Standard replay (FIFO),regression,0.3668355666165481,-0.049046720171000535,0.8086457967303653,0.6156723598413966,0.2419867711005578,-0.2358299249526441,-0.049046720171000535,0.7221508273747173,0.45903135659996225,0.33631533299990224,422.5048828125,615.0478515625,"[[0.83, NaN, NaN, NaN, NaN, NaN], [0.8515, 0.9244, NaN, NaN, NaN, NaN], [0.4503, 0.8623, 0.8723, NaN, NaN, NaN], [0.684, 0.6365, 0.6949, 0.7757, NaN, NaN], [0.8291, 0.6889, 0.3841, 0.7849, 0.7486, NaN], [0.7261, 0.5535, 0.2799, 0.6764, 0.7359, 0.7222]]","[NaN, 0.2921, 0.3867, 0.5385, 0.6659, -0.049]"
linear_regression,0,Full retrain oracle*,regression,0.4349610185605427,0.04234731102440792,0.7801882303542074,0.7754955819875949,0.027469003398155813,-0.015584492001048033,0.04234731102440792,0.729057166912292,0.35795194180009277,0.3616399980001006,1112.6455078125,1112.6455078125,"[[0.83, NaN, NaN, NaN, NaN, NaN], [0.8599, 0.9307, NaN, NaN, NaN, NaN], [0.7479, 0.9113, 0.6971, NaN, NaN, NaN], [0.786, 0.9102, 0.6565, 0.7792, NaN, NaN], [0.8289, 0.9204, 0.6209, 0.8087, 0.7649, NaN], [0.8222, 0.9182, 0.6163, 0.8009, 0.7664, 0.7291]]","[NaN, 0.2921, 0.3771, 0.7474, 0.7159, 0.0423]"
linear_regression,0,ADAPT-X (proposed),regression,0.41553261506187145,0.10216403668568019,0.8349194997827262,0.7234801626409378,0.1396379483336025,-0.13277302297256774,0.10216403668568019,0.7603192846981075,0.14686100579992853,0.2627268579999509,1071.9228515625,1071.9228515625,"[[0.8301, NaN, NaN, NaN, NaN, NaN], [0.8645, 0.9429, NaN, NaN, NaN, NaN], [0.4911, 0.8989, 0.8848, NaN, NaN, NaN], [0.7722, 0.9154, 0.5432, 0.8496, NaN, NaN], [0.8265, 0.8983, 0.431, 0.7784, 0.7369, NaN], [0.7693, 0.9119, 0.4637, 0.714, 0.7217, 0.7603]]","[NaN, 0.2837, 0.4007, 0.5655, 0.7256, 0.1022]"
linear_regression,0,A: no drift detection,regression,0.4172948740256362,0.1175153392900331,0.8306452958507664,0.7239024754760314,0.1342984178920017,-0.12799204363849587,0.1175153392900331,0.739916314929465,0.1524476656000388,0.3209081630000128,1059.5830078125,1059.5830078125,"[[0.8301, NaN, NaN, NaN, NaN, NaN], [0.8617, 0.942, NaN, NaN, NaN, NaN], [0.4886, 0.8927, 0.8877, NaN, NaN, NaN], [0.7662, 0.9207, 0.5344, 0.8617, NaN, NaN], [0.8301, 0.9018, 0.4538, 0.786, 0.7219, NaN], [0.7924, 0.9087, 0.4624, 0.7145, 0.7255, 0.7399]]","[NaN, 0.2837, 0.3947, 0.5713, 0.7193, 0.1175]"
linear_regression,0,B: no replay (K=0),regression,0.3947983105183138,0.12650805112390096,0.8294846669141023,0.6428554932659863,0.22755640458421889,-0.2240877933538857,0.12650805112390096,0.751169621324301,0.1334009614000024,0.3270447720001357,1043.8173828125,1043.8173828125,"[[0.8301, NaN, NaN, NaN, NaN, NaN], [0.8475, 0.9237, NaN, NaN, NaN, NaN], [0.3452, 0.6846, 0.8886, NaN, NaN, NaN], [0.7514, 0.878, 0.3867, 0.8661, NaN, NaN], [0.8127, 0.9056, 0.3258, 0.7286, 0.7179, NaN], [0.684, 0.8347, 0.3166, 0.592, 0.6787, 0.7512]]","[NaN, 0.2837, 0.3864, 0.4787, 0.6987, 0.1265]"
linear_regression,0,C: no adaptive scaling,regression,0.4172948740256362,0.1175153392900331,0.8306452958507664,0.7239024754760314,0.1342984178920017,-0.12799204363849587,0.1175153392900331,0.739916314929465,0.12756888860008075,0.34864015899984224,1059.5830078125,1059.5830078125,"[[0.8301, NaN, NaN, NaN, NaN, NaN], [0.8617, 0.942, NaN, NaN, NaN, NaN], [0.4886, 0.8927, 0.8877, NaN, NaN, NaN], [0.7662, 0.9207, 0.5344, 0.8617, NaN, NaN], [0.8301, 0.9018, 0.4538, 0.786, 0.7219, NaN], [0.7924, 0.9087, 0.4624, 0.7145, 0.7255, 0.7399]]","[NaN, 0.2837, 0.3947, 0.5713, 0.7193, 0.1175]"
linear_regression,0,D: no stable persistent state,regression,0.3834841106881627,-0.08316432118198658,0.8029899989794831,0.657895859585739,0.1818133192025607,-0.17954468583556332,-0.08316432118198658,0.7235035233246727,0.3218632401999457,0.2757336709998981,357.255859375,696.814453125,"[[0.8301, NaN, NaN, NaN, NaN, NaN], [0.8415, 0.9138, NaN, NaN, NaN, NaN], [0.5891, 0.8705, 0.8054, NaN, NaN, NaN], [0.7423, 0.8138, 0.5988, 0.8201, NaN, NaN], [0.8182, 0.7701, 0.4175, 0.7775, 0.7521, NaN], [0.7949, 0.6677, 0.3613, 0.6838, 0.7162, 0.7235]]","[NaN, 0.2837, 0.3723, 0.6278, 0.7168, -0.0832]"
linear_regression,0,E: random replay,regression,0.4171086185856563,0.06775666624682875,0.8334763272216478,0.7488165946469681,0.10603760603187296,-0.10092613200425311,0.06775666624682875,0.746774608658438,0.13045355060003203,0.2749556250000751,1017.5986328125,1017.5986328125,"[[0.8301, NaN, NaN, NaN, NaN, NaN], [0.8557, 0.9417, NaN, NaN, NaN, NaN], [0.485, 0.8858, 0.8856, NaN, NaN, NaN], [0.7581, 0.9171, 0.5686, 0.8493, NaN, NaN], [0.8198, 0.8996, 0.4124, 0.7547, 0.7441, NaN], [0.8058, 0.9147, 0.5503, 0.7332, 0.742, 0.7468]]","[NaN, 0.2837, 0.4234, 0.5763, 0.7343, 0.0678]"
linear_regression,1,Static,regression,0.44400638201545545,-0.019079711933881915,0.44400638201545545,0.5192137126434236,0.0,0.0,-0.019079711933881915,-0.019079711933881915,0.0007490673999654973,0.5137399960001403,664.8759765625,664.8759765625,"[[0.8953, NaN, NaN, NaN, NaN, NaN], [0.8953, 0.3923, NaN, NaN, NaN, NaN], [0.8953, 0.3923, 0.3018, NaN, NaN, NaN], [0.8953, 0.3923, 0.3018, 0.7678, NaN, NaN], [0.8953, 0.3923, 0.3018, 0.7678, 0.7772, NaN], [0.8953, 0.3923, 0.3018, 0.7678, 0.7772, -0.0191]]","[NaN, 0.3923, 0.3018, 0.7678, 0.7772, -0.0191]"
linear_regression,1,Naive incremental,regression,0.3157467956584579,0.019415760519772562,0.8154035556271587,0.6188780049891117,0.25180002279687763,-0.25180002279687763,0.019415760519772562,0.6965570377665777,0.29975555720006924,0.4900705889999699,232.3408203125,664.8759765625,"[[0.8953, NaN, NaN, NaN, NaN, NaN], [0.845, 0.8959, NaN, NaN, NaN, NaN], [0.413, -0.7928, 0.8684, NaN, NaN, NaN], [0.8332, 0.4296, 0.3388, 0.8617, NaN, NaN], [0.8662, 0.4465, 0.2721, 0.7449, 0.7544, NaN], [0.8157, 0.4834, 0.4216, 0.6855, 0.6105, 0.6966]]","[NaN, 0.3923, 0.0776, 0.3665, 0.7229, 0.0194]"
linear_regression,1,Standard replay (FIFO),regression,0.386525417572496,0.16081517801808354,0.7908649749669303,0.668097459178511,0.1821266226259349,-0.1681980971093699,0.16081517801808354,0.6727217916783952,0.382336524999937,0.514432964000207,468.0595703125,807.5869140625,"[[0.8953, NaN, NaN, NaN, NaN, NaN], [0.9013, 0.9047, NaN, NaN, NaN, NaN], [0.5668, 0.8012, 0.836, NaN, NaN, NaN], [0.7969, 0.1858, 0.6791, 0.7713, NaN, NaN], [0.8897, 0.4697, 0.3947, 0.8349, 0.7696, NaN], [0.8945, 0.655, 0.282, 0.742, 0.7624, 0.6727]]","[NaN, 0.3923, 0.2405, 0.5069, 0.6321, 0.1608]"
linear_regression,1,Full retrain oracle*,regression,0.4799792989303989,0.2299971158457491,0.7754464299182076,0.7807765364787994,0.025755726218401897,-0.017564659300301065,0.2299971158457491,0.686628054562415,0.4377947362001578,0.539516353000181,1186.1689453125,1186.1689453125,"[[0.8953, NaN, NaN, NaN, NaN, NaN], [0.9141, 0.9058, NaN, NaN, NaN, NaN], [0.8466, 0.8868, 0.6972, NaN, NaN, NaN], [0.8743, 0.8965, 0.6207, 0.806, NaN, NaN], [0.9133, 0.8986, 0.5858, 0.8281, 0.7816, NaN], [0.9086, 0.8975, 0.6048, 0.8217, 0.7654, 0.6866]]","[NaN, 0.3923, 0.2909, 0.731, 0.7557, 0.23]"
linear_regression,1,ADAPT-X (proposed),regression,0.46485533294075854,0.2812180934003673,0.8313125637089882,0.710865701390468,0.16356905519430492,-0.15461817431950303,0.2812180934003673,0.6915988153150652,0.1449915360001796,0.18658713500008162,991.8564453125,991.8564453125,"[[0.8817, NaN, NaN, NaN, NaN, NaN], [0.9265, 0.9191, NaN, NaN, NaN, NaN], [0.6164, 0.8177, 0.8818, NaN, NaN, NaN], [0.8368, 0.8518, 0.5869, 0.8789, NaN, NaN], [0.8963, 0.8916, 0.4254, 0.8229, 0.7852, NaN], [0.8911, 0.8324, 0.3242, 0.7542, 0.7717, 0.6916]]","[NaN, 0.3663, 0.367, 0.5669, 0.7429, 0.2812]"
linear_regression,1,A: no drift detection,regression,0.4766361087708953,0.3008358058794043,0.8284520873073994,0.7350188058686786,0.13109648298647258,-0.12277397254406135,0.3008358058794043,0.6688709688649104,0.136935791599808,0.25370918699991307,876.1455078125,876.1455078125,"[[0.8817, NaN, NaN, NaN, NaN, NaN], [0.9233, 0.9119, NaN, NaN, NaN, NaN], [0.6238, 0.8125, 0.8779, NaN, NaN, NaN], [0.8446, 0.8484, 0.5534, 0.8777, NaN, NaN], [0.8843, 0.8497, 0.4065, 0.8246, 0.806, NaN], [0.889, 0.8661, 0.3972, 0.7995, 0.7895, 0.6689]]","[NaN, 0.3663, 0.3671, 0.575, 0.7739, 0.3008]"
linear_regression,1,B: no replay (K=0),regression,0.4359074957987903,0.20968615897660958,0.8356335965270929,0.6946311081065001,0.18592749386336072,-0.1784207190783692,0.20968615897660958,0.7087604397749268,0.125095899399912,0.17455098200025532,991.8173828125,991.8173828125,"[[0.8817, NaN, NaN, NaN, NaN, NaN], [0.9193, 0.8875, NaN, NaN, NaN, NaN], [0.5, 0.4057, 0.9148, NaN, NaN, NaN], [0.8133, 0.7752, 0.4305, 0.8744, NaN, NaN], [0.8952, 0.866, 0.3354, 0.7771, 0.7927, NaN], [0.8636, 0.8593, 0.267, 0.7333, 0.7358, 0.7088]]","[NaN, 0.3663, 0.3931, 0.463, 0.7475, 0.2097]"
linear_regression,1,C: no adaptive scaling,regression,0.4766361087708953,0.3008358058794043,0.8284520873073994,0.7350188058686786,0.13109648298647258,-0.12277397254406135,0.3008358058794043,0.6688709688649104,0.12930064139991373,0.17811679799979174,876.1455078125,876.1455078125,"[[0.8817, NaN, NaN, NaN, NaN, NaN], [0.9233, 0.9119, NaN, NaN, NaN, NaN], [0.6238, 0.8125, 0.8779, NaN, NaN, NaN], [0.8446, 0.8484, 0.5534, 0.8777, NaN, NaN], [0.8843, 0.8497, 0.4065, 0.8246, 0.806, NaN], [0.889, 0.8661, 0.3972, 0.7995, 0.7895, 0.6689]]","[NaN, 0.3663, 0.3671, 0.575, 0.7739, 0.3008]"
linear_regression,1,D: no stable persistent state,regression,0.423310954243221,0.1587742384505727,0.7834946988639684,0.7085023908236651,0.11381780501480332,-0.10963628215464678,0.1587742384505727,0.683446045596493,0.43299283980004477,0.201701358000264,609.349609375,892.845703125,"[[0.8817, NaN, NaN, NaN, NaN, NaN], [0.9026, 0.8961, NaN, NaN, NaN, NaN], [0.7019, 0.8026, 0.7702, NaN, NaN, NaN], [0.8522, 0.7617, 0.5972, 0.8169, NaN, NaN], [0.872, 0.7518, 0.4474, 0.8051, 0.7509, NaN], [0.8799, 0.745, 0.4384, 0.7758, 0.7285, 0.6834]]","[NaN, 0.3663, 0.2442, 0.6311, 0.7161, 0.1588]"
linear_regression,1,E: random replay,regression,0.4615338354123935,0.2906852152221997,0.8292120067329958,0.7232684742181269,0.14753226468036115,-0.13763428995031982,0.2906852152221997,0.6833485059506981,0.13949034599991136,0.2549390479998692,932.3720703125,932.3720703125,"[[0.8817, NaN, NaN, NaN, NaN, NaN], [0.9312, 0.9209, NaN, NaN, NaN, NaN], [0.6347, 0.8394, 0.8877, NaN, NaN, NaN], [0.8479, 0.8837, 0.5627, 0.8651, NaN, NaN], [0.9059, 0.9002, 0.4537, 0.8063, 0.789, NaN], [0.8946, 0.827, 0.381, 0.7701, 0.7836, 0.6833]]","[NaN, 0.3663, 0.3601, 0.5445, 0.7461, 0.2907]"
linear_regression,2,Static,regression,0.43275982748134234,0.09211711641121423,0.43275982748134234,0.5079260541693701,0.0,0.0,0.09211711641121423,0.09211711641121423,0.0006626321999647188,0.20225533300026655,328.8916015625,328.8916015625,"[[0.8838, NaN, NaN, NaN, NaN, NaN], [0.8838, 0.2267, NaN, NaN, NaN, NaN], [0.8838, 0.2267, 0.3392, NaN, NaN, NaN], [0.8838, 0.2267, 0.3392, 0.7726, NaN, NaN], [0.8838, 0.2267, 0.3392, 0.7726, 0.7332, NaN], [0.8838, 0.2267, 0.3392, 0.7726, 0.7332, 0.0921]]","[NaN, 0.2267, 0.3392, 0.7726, 0.7332, 0.0921]"
linear_regression,2,Naive incremental,regression,0.3435657130762008,0.1554329604886816,0.8195649902424866,0.5634355429073593,0.32019377627555734,-0.32019377627555734,0.1554329604886816,0.6670717251336867,0.27441247379993,0.20391989100016872,219.3564453125,625.3095703125,"[[0.8838, NaN, NaN, NaN, NaN, NaN], [0.8134, 0.93, NaN, NaN, NaN, NaN], [0.3211, -0.384, 0.8946, NaN, NaN, NaN], [0.7748, 0.1932, 0.3858, 0.8921, NaN, NaN], [0.8341, 0.1194, 0.3832, 0.7361, 0.7142, NaN], [0.6182, 0.4465, 0.5214, 0.6408, 0.4866, 0.6671]]","[NaN, 0.2267, 0.189, 0.4971, 0.6496, 0.1554]"
linear_regression,2,Standard replay (FIFO),regression,0.40030772589647734,0.22670993153776808,0.8015400277319282,0.6472816482285523,0.20361684010157513,-0.20155348737956702,0.2786105141442142,0.6960435231063188,0.24024397020011748,0.25947292399996513,397.9345703125,523.9345703125,"[[0.8838, NaN, NaN, NaN, NaN, NaN], [0.8893, 0.9379, NaN, NaN, NaN, NaN], [0.4729, 0.8781, 0.8354, NaN, NaN, NaN], [0.7447, 0.0416, 0.6671, 0.8433, NaN, NaN], [0.8171, 0.0782, 0.4227, 0.8481, 0.6951, NaN], [0.8243, 0.6, 0.3511, 0.7357, 0.6766, 0.696]]","[NaN, 0.2267, 0.311, 0.6122, 0.5731, 0.2786]"
linear_regression,2,Full retrain oracle*,regression,0.4507641777003494,0.22670993153776808,0.7790567706509978,0.7758323996792035,0.02580355124534084,-0.024809328557855247,0.2839852638735313,0.688059133924956,0.37273081120001733,0.2336424340001031,1004.0751953125,1004.0751953125,"[[0.8838, NaN, NaN, NaN, NaN, NaN], [0.8887, 0.9355, NaN, NaN, NaN, NaN], [0.7861, 0.9284, 0.7141, NaN, NaN, NaN], [0.8255, 0.9256, 0.622, 0.8511, NaN, NaN], [0.8549, 0.9253, 0.5872, 0.8417, 0.7064, NaN], [0.8722, 0.9279, 0.6137, 0.8426, 0.7105, 0.6881]]","[NaN, 0.2267, 0.3173, 0.7551, 0.6707, 0.284]"
linear_regression,2,ADAPT-X (proposed),regression,0.40975823565030217,0.16326723317246372,0.8314756041659532,0.7161523405707667,0.1515653265305734,-0.14600488375460635,0.3314338791220409,0.7199253285407352,0.15374719900000855,0.1227611250001246,935.3720703125,935.3720703125,"[[0.8696, NaN, NaN, NaN, NaN, NaN], [0.8974, 0.9472, NaN, NaN, NaN, NaN], [0.5094, 0.9022, 0.8886, NaN, NaN, NaN], [0.7833, 0.9248, 0.5518, 0.8899, NaN, NaN], [0.8554, 0.9338, 0.4613, 0.8229, 0.7118, NaN], [0.755, 0.9292, 0.4992, 0.7505, 0.6431, 0.7199]]","[NaN, 0.1633, 0.3074, 0.5705, 0.6762, 0.3314]"
linear_regression,2,A: no drift detection,regression,0.4159331544634878,0.16326723317246372,0.8170750771742611,0.7185026755108508,0.13457219171341467,-0.12878395483481342,0.35230722732968556,0.7148235069147789,0.15803500820002228,0.14228942899990216,998.1728515625,998.1728515625,"[[0.8696, NaN, NaN, NaN, NaN, NaN], [0.8985, 0.9456, NaN, NaN, NaN, NaN], [0.5754, 0.9081, 0.8586, NaN, NaN, NaN], [0.7762, 0.9228, 0.5231, 0.8972, NaN, NaN], [0.8436, 0.9311, 0.4447, 0.8386, 0.6691, NaN], [0.7855, 0.9215, 0.5141, 0.7617, 0.6133, 0.7148]]","[NaN, 0.1633, 0.3012, 0.6286, 0.6343, 0.3523]"
linear_regression,2,B: no replay (K=0),regression,0.3912196382601622,0.16326723317246372,0.8367645842556,0.4591201374731113,0.46477330707198095,-0.45973250756143946,0.29452183561150125,0.7526674015490263,0.15158265580012084,0.1319918310000503,931.6298828125,931.6298828125,"[[0.8696, NaN, NaN, NaN, NaN, NaN], [0.8948, 0.9393, NaN, NaN, NaN, NaN], [0.4343, 0.6497, 0.8961, NaN, NaN, NaN], [0.755, 0.8715, 0.424, 0.8996, NaN, NaN], [0.8322, 0.9116, 0.3385, 0.7851, 0.6962, NaN], [0.2846, 0.7392, 0.4883, 0.323, 0.167, 0.7527]]","[NaN, 0.1633, 0.3466, 0.5337, 0.6181, 0.2945]"
linear_regression,2,C: no adaptive scaling,regression,0.4159331544634878,0.16326723317246372,0.8170750771742611,0.7185026755108508,0.13457219171341467,-0.12878395483481342,0.35230722732968556,0.7148235069147789,0.18617229840001528,0.15715282800010755,998.1728515625,998.1728515625,"[[0.8696, NaN, NaN, NaN, NaN, NaN], [0.8985, 0.9456, NaN, NaN, NaN, NaN], [0.5754, 0.9081, 0.8586, NaN, NaN, NaN], [0.7762, 0.9228, 0.5231, 0.8972, NaN, NaN], [0.8436, 0.9311, 0.4447, 0.8386, 0.6691, NaN], [0.7855, 0.9215, 0.5141, 0.7617, 0.6133, 0.7148]]","[NaN, 0.1633, 0.3012, 0.6286, 0.6343, 0.3523]"
linear_regression,2,D: no stable persistent state,regression,0.3964124389310834,0.16326723317246372,0.8009727638022465,0.6954084272600487,0.14395315124447067,-0.1403947393637613,0.232801050353031,0.7179021287262549,0.32698948779989223,0.1582708599999023,514.748046875,609.322265625,"[[0.8696, NaN, NaN, NaN, NaN, NaN], [0.8874, 0.9228, NaN, NaN, NaN, NaN], [0.5836, 0.8777, 0.8215, NaN, NaN, NaN], [0.7838, 0.8448, 0.5462, 0.8717, NaN, NaN], [0.8104, 0.8212, 0.447, 0.8363, 0.671, NaN], [0.8246, 0.7629, 0.4416, 0.7738, 0.6516, 0.7179]]","[NaN, 0.1633, 0.2655, 0.6529, 0.6676, 0.2328]"
linear_regression,2,E: random replay,regression,0.40220541938315896,0.16326723317246372,0.8214895591974241,0.7034149163395212,0.1591484004292469,-0.15130374786357187,0.26697761481454385,0.7023354341806093,0.162881634400037,0.10597874599989154,1010.4423828125,1010.4423828125,"[[0.8696, NaN, NaN, NaN, NaN, NaN], [0.9088, 0.943, NaN, NaN, NaN, NaN], [0.5273, 0.8966, 0.8722, NaN, NaN, NaN], [0.765, 0.917, 0.5363, 0.8861, NaN, NaN], [0.8578, 0.9388, 0.4564, 0.8305, 0.7039, NaN], [0.7609, 0.9161, 0.4525, 0.7458, 0.6429, 0.7023]]","[NaN, 0.1633, 0.3193, 0.5959, 0.6656, 0.267]"
linear_regression,3,Static,regression,0.49409428384139814,0.12277036516244899,0.49409428384139814,0.5614781381752043,0.0,0.0,0.12277036516244899,0.12277036516244899,0.0008242923999205231,0.26851997199992184,320.7314453125,320.7314453125,"[[0.8984, NaN, NaN, NaN, NaN, NaN], [0.8984, 0.604, NaN, NaN, NaN, NaN], [0.8984, 0.604, 0.2442, NaN, NaN, NaN], [0.8984, 0.604, 0.2442, 0.7498, NaN, NaN], [0.8984, 0.604, 0.2442, 0.7498, 0.7496, NaN], [0.8984, 0.604, 0.2442, 0.7498, 0.7496, 0.1228]]","[NaN, 0.604, 0.2442, 0.7498, 0.7496, 0.1228]"
linear_regression,3,Naive incremental,regression,0.4034687670890336,0.08511913298488005,0.8227686692767986,0.5997847215177603,0.28270648542433324,-0.28270648542433324,0.08511913298488005,0.7376176488951627,0.238930507600071,0.21136311600002955,290.3955078125,472.4345703125,"[[0.8984, NaN, NaN, NaN, NaN, NaN], [0.8544, 0.9355, NaN, NaN, NaN, NaN], [0.3367, 0.694, 0.8957, NaN, NaN, NaN], [0.7814, 0.637, 0.3583, 0.8476, NaN, NaN], [0.8657, 0.5408, 0.3105, 0.7382, 0.6975, NaN], [0.7077, 0.7529, 0.209, 0.6383, 0.5532, 0.7376]]","[NaN, 0.604, 0.2193, 0.4599, 0.6489, 0.0851]"
linear_regression,3,Standard replay (FIFO),regression,0.47018259559797804,0.22689432836860746,0.8152778311971695,0.6758687282571825,0.18527473314547022,-0.18391483925739752,0.22689432836860746,0.7433779172966137,0.3187612158000775,0.18086263799978042,520.4423828125,765.4580078125,"[[0.8984, NaN, NaN, NaN, NaN, NaN], [0.9052, 0.9365, NaN, NaN, NaN, NaN], [0.4838, 0.8671, 0.8737, NaN, NaN, NaN], [0.7325, 0.7946, 0.649, 0.8065, NaN, NaN], [0.8578, 0.7132, 0.3792, 0.8039, 0.7163, NaN], [0.852, 0.7743, 0.2154, 0.7362, 0.7339, 0.7434]]","[NaN, 0.604, 0.3106, 0.5619, 0.6475, 0.2269]"
linear_regression,3,Full retrain oracle*,regression,0.5615105300677075,0.2961311297051966,0.7879087872040212,0.7877749822611658,0.026810526478403873,-0.02225829045946941,0.41817872772375464,0.734631109462474,0.41338415780001014,0.1782172459998037,1144.0751953125,1144.0751953125,"[[0.8984, NaN, NaN, NaN, NaN, NaN], [0.9138, 0.9425, NaN, NaN, NaN, NaN], [0.7963, 0.9309, 0.6776, NaN, NaN, NaN], [0.8378, 0.9398, 0.6301, 0.837, NaN, NaN], [0.8634, 0.9498, 0.5731, 0.828, 0.7478, NaN], [0.8759, 0.9442, 0.5729, 0.8349, 0.764, 0.7346]]","[NaN, 0.604, 0.2961, 0.7506, 0.7386, 0.4182]"
linear_regression,3,ADAPT-X (proposed),regression,0.5257357663598632,0.31908850693477386,0.8398116139083316,0.7301505941465654,0.14641506986433245,-0.14130182496222343,0.41158427351046145,0.7681840215192262,0.1329246535998209,0.20141916700004003,937.0439453125,937.0439453125,"[[0.8884, NaN, NaN, NaN, NaN, NaN], [0.9139, 0.9489, NaN, NaN, NaN, NaN], [0.5705, 0.8887, 0.8817, NaN, NaN, NaN], [0.8226, 0.9226, 0.4983, 0.8779, NaN, NaN], [0.876, 0.9353, 0.4062, 0.826, 0.7224, NaN], [0.8365, 0.9277, 0.4043, 0.7461, 0.698, 0.7682]]","[NaN, 0.5875, 0.3191, 0.6131, 0.6974, 0.4116]"
linear_regression,3,A: no drift detection,regression,0.5231888954793769,0.31443175283645886,0.8338677966274295,0.734647764902845,0.13476815154505267,-0.12996140277378582,0.4061973031902021,0.7630798884574361,0.13214365120002186,0.17162278699970557,987.7080078125,987.7080078125,"[[0.8884, NaN, NaN, NaN, NaN, NaN], [0.9124, 0.9499, NaN, NaN, NaN, NaN], [0.5859, 0.8874, 0.8539, NaN, NaN, NaN], [0.826, 0.9305, 0.4469, 0.8821, NaN, NaN], [0.8688, 0.9398, 0.3687, 0.8248, 0.7204, NaN], [0.8809, 0.9295, 0.3495, 0.756, 0.7289, 0.7631]]","[NaN, 0.5875, 0.3144, 0.6221, 0.6857, 0.4062]"
linear_regression,3,B: no replay (K=0),regression,0.4935243148944785,0.30648885046800145,0.8310459284254085,0.5302261618509543,0.3760580741284283,-0.37244545823403374,0.40828657120451495,0.764997400407377,0.1104059250001228,0.1703864840001188,877.3994140625,877.3994140625,"[[0.8884, NaN, NaN, NaN, NaN, NaN], [0.9064, 0.9391, NaN, NaN, NaN, NaN], [0.4505, 0.6869, 0.9045, NaN, NaN, NaN], [0.8054, 0.8439, 0.3613, 0.8541, NaN, NaN], [0.8914, 0.9189, 0.2741, 0.7449, 0.6926, NaN], [0.6998, 0.7988, -0.0971, 0.5017, 0.5131, 0.765]]","[NaN, 0.5875, 0.3065, 0.5185, 0.6469, 0.4083]"
linear_regression,3,C: no adaptive scaling,regression,0.5231888954793769,0.31443175283645886,0.8338677966274295,0.734647764902845,0.13476815154505267,-0.12996140277378582,0.4061973031902021,0.7630798884574361,0.1612392682000973,0.21396254699993733,987.7080078125,987.7080078125,"[[0.8884, NaN, NaN, NaN, NaN, NaN], [0.9124, 0.9499, NaN, NaN, NaN, NaN], [0.5859, 0.8874, 0.8539, NaN, NaN, NaN], [0.826, 0.9305, 0.4469, 0.8821, NaN, NaN], [0.8688, 0.9398, 0.3687, 0.8248, 0.7204, NaN], [0.8809, 0.9295, 0.3495, 0.756, 0.7289, 0.7631]]","[NaN, 0.5875, 0.3144, 0.6221, 0.6857, 0.4062]"
linear_regression,3,D: no stable persistent state,regression,0.5022626268127948,0.25541485304249223,0.8079245551297791,0.7143824653853187,0.12833652069716717,-0.12833652069716717,0.30458141975377784,0.7392348444285677,0.3962274715999229,0.2792544649996671,497.287109375,728.216796875,"[[0.8884, NaN, NaN, NaN, NaN, NaN], [0.8832, 0.9357, NaN, NaN, NaN, NaN], [0.6264, 0.8798, 0.8017, NaN, NaN, NaN], [0.8075, 0.8848, 0.5713, 0.8367, NaN, NaN], [0.868, 0.8738, 0.375, 0.8136, 0.7263, NaN], [0.797, 0.896, 0.4019, 0.7677, 0.6845, 0.7392]]","[NaN, 0.5875, 0.2554, 0.664, 0.6998, 0.3046]"
linear_regression,3,E: random replay,regression,0.530610762389345,0.325089106706165,0.8408353068566778,0.7133106520681062,0.16790066456471872,-0.16253344840472067,0.4210489998669673,0.776246516859833,0.1443409905999033,0.23955513700002484,970.3330078125,970.3330078125,"[[0.8884, NaN, NaN, NaN, NaN, NaN], [0.9152, 0.9487, NaN, NaN, NaN, NaN], [0.6055, 0.8872, 0.8767, NaN, NaN, NaN], [0.8289, 0.9032, 0.4665, 0.8727, NaN, NaN], [0.874, 0.9108, 0.3695, 0.8072, 0.7298, NaN], [0.8567, 0.9001, 0.3199, 0.7171, 0.7097, 0.7762]]","[NaN, 0.5875, 0.3251, 0.6373, 0.6821, 0.421]"
linear_regression,4,Static,regression,0.6238034353798495,0.3892521930665285,0.6238034353798495,0.6727606020399376,0.0,0.0,0.6629013966530322,0.6629013966530322,0.0008527892001438886,0.3314035819998935,406.4267578125,406.4267578125,"[[0.9175, NaN, NaN, NaN, NaN, NaN], [0.9175, 0.5135, NaN, NaN, NaN, NaN], [0.9175, 0.5135, 0.3893, NaN, NaN, NaN], [0.9175, 0.5135, 0.3893, 0.7358, NaN, NaN], [0.9175, 0.5135, 0.3893, 0.7358, 0.8176, NaN], [0.9175, 0.5135, 0.3893, 0.7358, 0.8176, 0.6629]]","[NaN, 0.5135, 0.3893, 0.7358, 0.8176, 0.6629]"
linear_regression,4,Naive incremental,regression,0.5667634275300675,0.41255722562000086,0.8504120437788497,0.5771975929709335,0.3412842192818049,-0.3412842192818049,0.6041044280770465,0.7206753454982288,0.2552546060000168,0.2874772079999275,347.0751953125,488.2626953125,"[[0.9175, NaN, NaN, NaN, NaN, NaN], [0.8705, 0.9341, NaN, NaN, NaN, NaN], [0.3248, 0.6771, 0.9176, NaN, NaN, NaN], [0.8651, 0.6497, 0.4162, 0.8719, NaN, NaN], [0.8815, 0.1708, 0.4182, 0.7329, 0.8078, NaN], [0.6498, 0.851, 0.0362, 0.5495, 0.6559, 0.7207]]","[NaN, 0.5135, 0.5005, 0.4126, 0.8031, 0.6041]"
linear_regression,4,Standard replay (FIFO),regression,0.5721108492414891,0.4179240745899153,0.8425111211235212,0.7075386141351282,0.1825051074360733,-0.17697407122944286,0.65446768239604,0.755646847770377,0.3506933593999747,0.30367459999979474,489.0126953125,818.0908203125,"[[0.9175, NaN, NaN, NaN, NaN, NaN], [0.9128, 0.9435, NaN, NaN, NaN, NaN], [0.4672, 0.89, 0.891, NaN, NaN, NaN], [0.7891, 0.6704, 0.7275, 0.7976, NaN, NaN], [0.8851, 0.576, 0.4727, 0.8252, 0.8248, NaN], [0.8552, 0.8814, 0.267, 0.6913, 0.7947, 0.7556]]","[NaN, 0.5135, 0.4179, 0.5169, 0.7577, 0.6545]"
linear_regression,4,Full retrain oracle*,regression,0.6279721343301932,0.4033894697095457,0.8151726274169958,0.8082690159767792,0.03382953581870287,-0.02875909531293617,0.7093954581416844,0.7302420635152822,0.4437903581999308,0.35434450499997183,1046.1376953125,1093.6767578125,"[[0.9175, NaN, NaN, NaN, NaN, NaN], [0.9207, 0.9517, NaN, NaN, NaN, NaN], [0.8007, 0.9343, 0.7786, NaN, NaN, NaN], [0.876, 0.9351, 0.6952, 0.8043, NaN, NaN], [0.8915, 0.9458, 0.663, 0.8265, 0.811, NaN], [0.9003, 0.9489, 0.6286, 0.8112, 0.8303, 0.7302]]","[NaN, 0.5135, 0.4034, 0.7225, 0.7911, 0.7094]"
linear_regression,4,ADAPT-X (proposed),regression,0.5791203862994463,0.40074369106608076,0.859589471272928,0.7035018425871121,0.19757567723212296,-0.1952539937000714,0.72459377078793,0.7478658725286216,0.1617791290000241,0.22807573699992645,1088.2822265625,1088.2822265625,"[[0.8993, NaN, NaN, NaN, NaN, NaN], [0.9109, 0.964, NaN, NaN, NaN, NaN], [0.5091, 0.9136, 0.905, NaN, NaN, NaN], [0.8331, 0.9193, 0.5847, 0.8796, NaN, NaN], [0.8684, 0.9412, 0.4568, 0.8108, 0.8015, NaN], [0.8331, 0.9179, 0.2154, 0.7421, 0.7646, 0.7479]]","[NaN, 0.4625, 0.4007, 0.5214, 0.7863, 0.7246]"
linear_regression,4,A: no drift detection,regression,0.5828623349949305,0.4027992098283918,0.8574942485952114,0.7226658356594869,0.1725112923896319,-0.1701619793355051,0.7047002561011593,0.7374056998043439,0.1357159847998446,0.29199922299994796,977.9111328125,977.9111328125,"[[0.8993, NaN, NaN, NaN, NaN, NaN], [0.9111, 0.9632, NaN, NaN, NaN, NaN], [0.5278, 0.9131, 0.8996, NaN, NaN, NaN], [0.8215, 0.9063, 0.5759, 0.8765, NaN, NaN], [0.88, 0.9455, 0.4953, 0.828, 0.8108, NaN], [0.8081, 0.9312, 0.3672, 0.7204, 0.7718, 0.7374]]","[NaN, 0.4625, 0.4028, 0.5529, 0.7914, 0.7047]"
linear_regression,4,B: no replay (K=0),regression,0.5593350460207317,0.4134836168342888,0.8661018520123125,0.5828355196051421,0.3487443407464461,-0.3465659620178199,0.6707445032508377,0.7405238302445762,0.14505498760008778,0.2293279820000862,1065.3759765625,1065.3759765625,"[[0.8993, NaN, NaN, NaN, NaN, NaN], [0.9102, 0.9609, NaN, NaN, NaN, NaN], [0.4454, 0.7275, 0.9304, NaN, NaN, NaN], [0.8329, 0.9008, 0.4661, 0.8948, NaN, NaN], [0.8753, 0.901, 0.3551, 0.7617, 0.8039, NaN], [0.6676, 0.8887, 0.0088, 0.5456, 0.6458, 0.7405]]","[NaN, 0.4625, 0.4135, 0.463, 0.787, 0.6707]"
linear_regression,4,C: no adaptive scaling,regression,0.5828623349949305,0.4027992098283918,0.8574942485952114,0.7226658356594869,0.1725112923896319,-0.1701619793355051,0.7047002561011593,0.7374056998043439,0.14661763419990165,0.23301315799972144,977.9111328125,977.9111328125,"[[0.8993, NaN, NaN, NaN, NaN, NaN], [0.9111, 0.9632, NaN, NaN, NaN, NaN], [0.5278, 0.9131, 0.8996, NaN, NaN, NaN], [0.8215, 0.9063, 0.5759, 0.8765, NaN, NaN], [0.88, 0.9455, 0.4953, 0.828, 0.8108, NaN], [0.8081, 0.9312, 0.3672, 0.7204, 0.7718, 0.7374]]","[NaN, 0.4625, 0.4028, 0.5529, 0.7914, 0.7047]"
linear_regression,4,D: no stable persistent state,regression,0.5787218629559996,0.3933462291621429,0.8413156848193513,0.730433005351179,0.1473421449905898,-0.14466281192961408,0.6439624871707497,0.7475205357617765,0.3170219682000607,0.2193923149998227,511.255859375,784.337890625,"[[0.8993, NaN, NaN, NaN, NaN, NaN], [0.9127, 0.9441, NaN, NaN, NaN, NaN], [0.5721, 0.8789, 0.8668, NaN, NaN, NaN], [0.8527, 0.868, 0.6325, 0.8156, NaN, NaN], [0.8891, 0.8516, 0.4489, 0.7931, 0.8326, NaN], [0.893, 0.8829, 0.3064, 0.7525, 0.8003, 0.7475]]","[NaN, 0.4625, 0.3933, 0.6011, 0.7927, 0.644]"
linear_regression,4,E: random replay,regression,0.5737555535705291,0.38600463450576117,0.8579249007962197,0.7189398008737132,0.17835730551017154,-0.17506387327944187,0.6993948841802003,0.7328356043932911,0.14532068459993752,0.22714490000043952,972.7001953125,972.7001953125,"[[0.8993, NaN, NaN, NaN, NaN, NaN], [0.9158, 0.9607, NaN, NaN, NaN, NaN], [0.5199, 0.9106, 0.9053, NaN, NaN, NaN], [0.832, 0.9115, 0.5801, 0.8698, NaN, NaN], [0.8823, 0.9378, 0.4561, 0.8051, 0.821, NaN], [0.8025, 0.9105, 0.3384, 0.729, 0.8003, 0.7328]]","[NaN, 0.4625, 0.386, 0.5298, 0.791, 0.6994]"
nonlinear_classification,0,Static,binary_classification,0.5142581149677001,0.21794871794871806,0.5142581149677001,0.5327908533821745,0.0,0.0,0.21794871794871806,0.21794871794871806,0.0015548445999229443,0.25894699399987076,284.6396484375,284.6396484375,"[[0.6255, NaN, NaN, NaN, NaN, NaN], [0.6255, 0.6085, NaN, NaN, NaN, NaN], [0.6255, 0.6085, 0.5633, NaN, NaN, NaN], [0.6255, 0.6085, 0.5633, 0.6514, NaN, NaN], [0.6255, 0.6085, 0.5633, 0.6514, 0.5302, NaN], [0.6255, 0.6085, 0.5633, 0.6514, 0.5302, 0.2179]]","[NaN, 0.6085, 0.5633, 0.6514, 0.5302, 0.2179]"
nonlinear_classification,0,Naive incremental,binary_classification,0.44907606343596107,0.08173076923076916,0.5333142777463229,0.2756072789962734,0.32767645204170387,-0.32767645204170387,0.08173076923076916,0.34435096153846145,0.10521140580003703,0.17999366699996244,132.7763671875,284.6396484375,"[[0.6255, NaN, NaN, NaN, NaN, NaN], [0.6158, 0.752, NaN, NaN, NaN, NaN], [0.5497, 0.4399, 0.6129, NaN, NaN, NaN], [0.5836, 0.3802, 0.3881, 0.5987, NaN, NaN], [0.5653, 0.2558, 0.4152, 0.4987, 0.3586, NaN], [0.2396, 0.2812, 0.306, 0.269, 0.2135, 0.3444]]","[NaN, 0.6085, 0.5751, 0.5133, 0.4667, 0.0817]"
nonlinear_classification,0,Standard replay (FIFO),binary_classification,0.5083524874779236,0.18770032051282048,0.6120162900429249,0.5130895409769526,0.12915732571906652,-0.12139974996149076,0.18770032051282048,0.42487980769230793,0.23706112079999003,0.23440735000031054,245.4326171875,490.4169921875,"[[0.6255, NaN, NaN, NaN, NaN, NaN], [0.6642, 0.7875, NaN, NaN, NaN, NaN], [0.5699, 0.7431, 0.7595, NaN, NaN, NaN], [0.5869, 0.5154, 0.645, 0.6795, NaN, NaN], [0.6554, 0.4225, 0.4988, 0.6394, 0.4086, NaN], [0.5806, 0.4438, 0.5453, 0.6352, 0.4487, 0.4249]]","[NaN, 0.6085, 0.6683, 0.6062, 0.4711, 0.1877]"
nonlinear_classification,0,Full retrain oracle*,binary_classification,0.5532338626246834,0.2526041666666665,0.6588044650600713,0.6683828316638424,0.014789883460655106,0.018164023845630338,0.2526041666666665,0.34014423076923084,0.4199287686000389,0.21156628200014893,1400.2607421875,1400.2607421875,"[[0.6255, NaN, NaN, NaN, NaN, NaN], [0.6717, 0.8214, NaN, NaN, NaN, NaN], [0.6705, 0.8329, 0.8504, NaN, NaN, NaN], [0.6879, 0.8066, 0.8778, 0.7445, NaN, NaN], [0.7156, 0.8457, 0.8427, 0.7674, 0.5376, NaN], [0.7115, 0.8368, 0.8095, 0.7139, 0.5984, 0.3401]]","[NaN, 0.6085, 0.6446, 0.7226, 0.5378, 0.2526]"
nonlinear_classification,0,ADAPT-X (proposed),binary_classification,0.48800309457876256,0.24399038461538436,0.6129916282636569,0.5840089761986201,0.054064112699573605,-0.030605099249555234,0.24399038461538436,0.31350160256410264,0.1525879272000566,0.22487291100014772,868.5517578125,868.5517578125,"[[0.5921, NaN, NaN, NaN, NaN, NaN], [0.6137, 0.7819, NaN, NaN, NaN, NaN], [0.6521, 0.8071, 0.7923, NaN, NaN, NaN], [0.638, 0.7875, 0.7889, 0.7002, NaN, NaN], [0.6651, 0.8079, 0.8107, 0.6965, 0.4771, NaN], [0.5986, 0.7346, 0.753, 0.6263, 0.4781, 0.3135]]","[NaN, 0.5516, 0.4892, 0.688, 0.4671, 0.244]"
nonlinear_classification,0,A: no drift detection,binary_classification,0.49060185474293405,0.24719551282051277,0.5835187505724277,0.5294810109496997,0.09197076946006603,-0.06656577985703054,0.24719551282051277,0.3263221153846154,0.13933775820005395,0.16664158799994766,803.7587890625,803.7587890625,"[[0.5921, NaN, NaN, NaN, NaN, NaN], [0.6079, 0.7704, NaN, NaN, NaN, NaN], [0.664, 0.7639, 0.6725, NaN, NaN, NaN], [0.6762, 0.7578, 0.6763, 0.6548, NaN, NaN], [0.7026, 0.7713, 0.6881, 0.652, 0.4936, NaN], [0.6285, 0.681, 0.4991, 0.5769, 0.4651, 0.3263]]","[NaN, 0.5516, 0.477, 0.6737, 0.5035, 0.2472]"
nonlinear_classification,0,B: no replay (K=0),binary_classification,0.4706964784692049,0.20132211538461542,0.5597102373700203,0.47294943362570624,0.12126182611008204,-0.1105951594434154,0.20132211538461542,0.24959935897435903,0.121551284600082,0.24116383299997324,735.7470703125,735.7470703125,"[[0.5921, NaN, NaN, NaN, NaN, NaN], [0.6455, 0.776, NaN, NaN, NaN, NaN], [0.6081, 0.7246, 0.6572, NaN, NaN, NaN], [0.603, 0.6521, 0.6316, 0.6269, NaN, NaN], [0.599, 0.7027, 0.6328, 0.619, 0.4888, NaN], [0.538, 0.553, 0.4896, 0.5801, 0.4274, 0.2496]]","[NaN, 0.5516, 0.4781, 0.6354, 0.487, 0.2013]"
nonlinear_classification,0,C: no adaptive scaling,binary_classification,0.49056179064037,0.2469951923076923,0.5953684831913313,0.5279685654071363,0.10205115590575838,-0.08023044712701025,0.2469951923076923,0.36758814102564097,0.11074742340006197,0.19233804100031193,719.2158203125,719.2158203125,"[[0.5921, NaN, NaN, NaN, NaN, NaN], [0.6079, 0.7704, NaN, NaN, NaN, NaN], [0.664, 0.7639, 0.6725, NaN, NaN, NaN], [0.6762, 0.7578, 0.6763, 0.6548, NaN, NaN], [0.6816, 0.7667, 0.6633, 0.6706, 0.5116, NaN], [0.5616, 0.5786, 0.5492, 0.6008, 0.5101, 0.3676]]","[NaN, 0.5516, 0.477, 0.6737, 0.5035, 0.247]"
nonlinear_classification,0,D: no stable persistent state,binary_classification,0.5089220950771743,0.17127403846153855,0.5829744144365532,0.4889882295835373,0.14069990108689107,-0.11461278136055086,0.17127403846153855,0.34254807692307665,0.2222906427999078,0.2090147280000565,353.49609375,672.5859375,"[[0.5921, NaN, NaN, NaN, NaN, NaN], [0.6964, 0.7726, NaN, NaN, NaN, NaN], [0.6772, 0.7828, 0.7755, NaN, NaN, NaN], [0.5743, 0.538, 0.5931, 0.6236, NaN, NaN], [0.6529, 0.4703, 0.5018, 0.6396, 0.4006, NaN], [0.5337, 0.446, 0.5125, 0.6372, 0.462, 0.3425]]","[NaN, 0.5516, 0.6599, 0.6953, 0.4665, 0.1713]"
nonlinear_classification,0,E: random replay,binary_classification,0.49778724095039895,0.23818108974358965,0.5998587134654982,0.5751532539742704,0.05507106981891141,-0.028099051120616236,0.23818108974358965,0.38762019230769207,0.12356654920004076,0.17266117400004077,907.1337890625,907.1337890625,"[[0.5921, NaN, NaN, NaN, NaN, NaN], [0.6503, 0.7717, NaN, NaN, NaN, NaN], [0.6149, 0.7914, 0.7412, NaN, NaN, NaN], [0.6172, 0.7888, 0.7561, 0.6257, NaN, NaN], [0.6822, 0.7886, 0.7538, 0.6358, 0.4731, NaN], [0.6517, 0.671, 0.6973, 0.5615, 0.4818, 0.3876]]","[NaN, 0.5516, 0.5171, 0.6884, 0.4936, 0.2382]"
nonlinear_classification,1,Static,binary_classification,0.5614068608245554,0.23190606336673758,0.5614068608245554,0.5825576654057442,0.0,0.0,0.23190606336673758,0.23190606336673758,0.001227785599985509,0.11547599599998648,163.7958984375,163.7958984375,"[[0.6883, NaN, NaN, NaN, NaN, NaN], [0.6883, 0.79, NaN, NaN, NaN, NaN], [0.6883, 0.79, 0.7058, NaN, NaN, NaN], [0.6883, 0.79, 0.7058, 0.6229, NaN, NaN], [0.6883, 0.79, 0.7058, 0.6229, 0.4564, NaN], [0.6883, 0.79, 0.7058, 0.6229, 0.4564, 0.2319]]","[NaN, 0.79, 0.7058, 0.6229, 0.4564, 0.2319]"
nonlinear_classification,1,Naive incremental,binary_classification,0.547694247409393,0.26409555623038794,0.6500097360536252,0.2452076938047042,0.5065999079859214,-0.4934228411503179,0.26409555623038794,0.4313189594088471,0.12770258559994546,0.11522811199984062,137.1201171875,201.9912109375,"[[0.6883, NaN, NaN, NaN, NaN, NaN], [0.4531, 0.7847, NaN, NaN, NaN, NaN], [0.6222, 0.5046, 0.8667, NaN, NaN, NaN], [0.7037, 0.4444, 0.7492, 0.6602, NaN, NaN], [0.7542, 0.6347, 0.5878, 0.6127, 0.5071, NaN], [0.263, 0.3767, 0.1481, 0.2246, 0.0275, 0.4313]]","[NaN, 0.79, 0.5935, 0.6313, 0.4596, 0.2641]"
nonlinear_classification,1,Standard replay (FIFO),binary_classification,0.5878270747227677,0.2657151533556026,0.7068598953273402,0.5854220940060713,0.1583603511611696,-0.1420157201823923,0.2657151533556026,0.5068326753720012,0.22681123059992386,0.1259896739998112,269.9716796875,465.5068359375,"[[0.6883, NaN, NaN, NaN, NaN, NaN], [0.7335, 0.8383, NaN, NaN, NaN, NaN], [0.6835, 0.7856, 0.9035, NaN, NaN, NaN], [0.708, 0.5827, 0.857, 0.7033, NaN, NaN], [0.77, 0.7225, 0.643, 0.6692, 0.5824, NaN], [0.693, 0.594, 0.6277, 0.5846, 0.5065, 0.5068]]","[NaN, 0.79, 0.7477, 0.654, 0.4817, 0.2657]"
nonlinear_classification,1,Full retrain oracle*,binary_classification,0.6351438229364886,0.39710497013867774,0.7022812288717333,0.7116688467935178,0.021689904567041608,0.014059049618150299,0.39710497013867774,0.5179674056078551,0.3949197495999215,0.1318932419999328,1270.7685546875,1270.7685546875,"[[0.6883, NaN, NaN, NaN, NaN, NaN], [0.7789, 0.8553, NaN, NaN, NaN, NaN], [0.7531, 0.8865, 0.8519, NaN, NaN, NaN], [0.8106, 0.9055, 0.8519, 0.7208, NaN, NaN], [0.8004, 0.8832, 0.8013, 0.7271, 0.5654, NaN], [0.8475, 0.8734, 0.7763, 0.6994, 0.5554, 0.518]]","[NaN, 0.79, 0.7206, 0.716, 0.5519, 0.3971]"
nonlinear_classification,1,ADAPT-X (proposed),binary_classification,0.6110928064119697,0.38516044134021676,0.6976432930474219,0.6529301631439008,0.0759473908023515,-0.0393303493072612,0.38516044134021676,0.4961028444174511,0.1685725941999408,0.09271224200028882,847.8408203125,847.8408203125,"[[0.626, NaN, NaN, NaN, NaN, NaN], [0.7291, 0.875, NaN, NaN, NaN, NaN], [0.7521, 0.8418, 0.9438, NaN, NaN, NaN], [0.7447, 0.8029, 0.8575, 0.6519, NaN, NaN], [0.8091, 0.8188, 0.8136, 0.6404, 0.5214, NaN], [0.8205, 0.8283, 0.6364, 0.631, 0.5053, 0.4961]]","[NaN, 0.6767, 0.7916, 0.6744, 0.5276, 0.3852]"
nonlinear_classification,1,A: no drift detection,binary_classification,0.6057332571034204,0.385970239902824,0.6767556324939523,0.6295229095873497,0.07520840706452078,-0.04653139302165306,0.385970239902824,0.4497418767081689,0.15530358499991054,0.08802631899970947,754.9853515625,754.9853515625,"[[0.626, NaN, NaN, NaN, NaN, NaN], [0.7394, 0.8475, NaN, NaN, NaN, NaN], [0.7354, 0.8345, 0.9454, NaN, NaN, NaN], [0.758, 0.798, 0.8774, 0.6148, NaN, NaN], [0.7694, 0.7613, 0.8682, 0.6056, 0.5263, NaN], [0.7618, 0.7708, 0.6864, 0.5698, 0.5386, 0.4497]]","[NaN, 0.6767, 0.8207, 0.6148, 0.5304, 0.386]"
nonlinear_classification,1,B: no replay (K=0),binary_classification,0.5767488756066067,0.3748355096669702,0.6847991609366819,0.6089911536751794,0.09695138776076076,-0.07921302855898693,0.3748355096669702,0.509059621419172,0.13512270659994102,0.10833975800005646,690.4111328125,690.4111328125,"[[0.626, NaN, NaN, NaN, NaN, NaN], [0.6473, 0.8907, NaN, NaN, NaN, NaN], [0.6737, 0.7887, 0.8371, NaN, NaN, NaN], [0.6913, 0.8024, 0.8202, 0.6715, NaN, NaN], [0.7147, 0.7871, 0.7911, 0.6267, 0.5157, NaN], [0.6144, 0.7699, 0.7007, 0.6135, 0.4463, 0.5091]]","[NaN, 0.6767, 0.737, 0.5975, 0.4977, 0.3748]"
nonlinear_classification,1,C: no adaptive scaling,binary_classification,0.6057332571034204,0.385970239902824,0.6767556324939523,0.6295229095873497,0.07520840706452078,-0.04653139302165306,0.385970239902824,0.4497418767081689,0.14826701859983588,0.09502976099975058,754.9853515625,754.9853515625,"[[0.626, NaN, NaN, NaN, NaN, NaN], [0.7394, 0.8475, NaN, NaN, NaN, NaN], [0.7354, 0.8345, 0.9454, NaN, NaN, NaN], [0.758, 0.798, 0.8774, 0.6148, NaN, NaN], [0.7694, 0.7613, 0.8682, 0.6056, 0.5263, NaN], [0.7618, 0.7708, 0.6864, 0.5698, 0.5386, 0.4497]]","[NaN, 0.6767, 0.8207, 0.6148, 0.5304, 0.386]"
nonlinear_classification,1,D: no stable persistent state,binary_classification,0.5776029334186411,0.297499746937949,0.6865658095489622,0.5836476008555761,0.134705212648551,-0.1113919405547911,0.297499746937949,0.4831460674157304,0.2479089862001274,0.0889510900001369,339.328125,520.0703125,"[[0.626, NaN, NaN, NaN, NaN, NaN], [0.709, 0.8367, NaN, NaN, NaN, NaN], [0.7175, 0.809, 0.8718, NaN, NaN, NaN], [0.7426, 0.7995, 0.7549, 0.7052, NaN, NaN], [0.7403, 0.7783, 0.6895, 0.6206, 0.536, NaN], [0.6761, 0.6818, 0.6767, 0.5656, 0.4185, 0.4831]]","[NaN, 0.6767, 0.7324, 0.624, 0.5574, 0.2975]"
nonlinear_classification,1,E: random replay,binary_classification,0.5943916435221233,0.4169450349225632,0.6856703130691841,0.6126340306348689,0.10781071165735714,-0.07571272833986162,0.4169450349225632,0.5173600566858993,0.1372227448000558,0.08031248999986929,835.6494140625,835.6494140625,"[[0.626, NaN, NaN, NaN, NaN, NaN], [0.7403, 0.9022, NaN, NaN, NaN, NaN], [0.7588, 0.892, 0.8764, NaN, NaN, NaN], [0.7379, 0.8885, 0.8534, 0.629, NaN, NaN], [0.7865, 0.8823, 0.8437, 0.619, 0.5034, NaN], [0.6579, 0.7469, 0.7298, 0.6002, 0.4236, 0.5174]]","[NaN, 0.6767, 0.7559, 0.6544, 0.468, 0.4169]"
nonlinear_classification,2,Static,binary_classification,0.6026613538486634,0.34273709483793513,0.6026613538486634,0.6286299212860126,0.0,0.0,0.34273709483793513,0.34273709483793513,0.0012249425999470986,0.18340618000001996,275.5771484375,275.5771484375,"[[0.7585, NaN, NaN, NaN, NaN, NaN], [0.7585, 0.5606, NaN, NaN, NaN, NaN], [0.7585, 0.5606, 0.8318, NaN, NaN, NaN], [0.7585, 0.5606, 0.8318, 0.692, NaN, NaN], [0.7585, 0.5606, 0.8318, 0.692, 0.5861, NaN], [0.7585, 0.5606, 0.8318, 0.692, 0.5861, 0.3427]]","[NaN, 0.5606, 0.8318, 0.692, 0.5861, 0.3427]"
nonlinear_classification,2,Naive incremental,binary_classification,0.5167537650888322,0.22148859543817534,0.6440178044156614,0.26689271386614793,0.47544109947083557,-0.47544109947083557,0.22148859543817534,0.43897559023609434,0.14989167579988133,0.23579858499988404,108.4794921875,314.2529296875,"[[0.7585, NaN, NaN, NaN, NaN, NaN], [0.5114, 0.766, NaN, NaN, NaN, NaN], [0.7422, 0.484, 0.8705, NaN, NaN, NaN], [0.7038, 0.6515, 0.7749, 0.6032, NaN, NaN], [0.6216, 0.4857, 0.6745, 0.5512, 0.5414, NaN], [0.3235, 0.3411, 0.237, 0.2113, 0.0495, 0.439]]","[NaN, 0.5606, 0.5841, 0.6432, 0.5744, 0.2215]"
nonlinear_classification,2,Standard replay (FIFO),binary_classification,0.5862128646318882,0.2871148459383752,0.6813760112352578,0.5829475379025609,0.13353351744673653,-0.13353351744673653,0.2871148459383752,0.38435374149659873,0.2571579552000003,0.22697799699972165,255.9091796875,490.4169921875,"[[0.7585, NaN, NaN, NaN, NaN, NaN], [0.7559, 0.8456, NaN, NaN, NaN, NaN], [0.7553, 0.7843, 0.9044, NaN, NaN, NaN], [0.6969, 0.5561, 0.8977, 0.6312, NaN, NaN], [0.7134, 0.496, 0.756, 0.611, 0.6414, NaN], [0.739, 0.5851, 0.7031, 0.5628, 0.5234, 0.3844]]","[NaN, 0.5606, 0.8092, 0.6864, 0.5878, 0.2871]"
nonlinear_classification,2,Full retrain oracle*,binary_classification,0.6159963211300333,0.33033213285314145,0.7135144447293993,0.7466778544330653,0.0041038794600909865,0.030804428895727477,0.33033213285314145,0.3879551820728293,0.4052571199999875,0.23792602100002114,1393.2763671875,1393.2763671875,"[[0.7585, NaN, NaN, NaN, NaN, NaN], [0.7939, 0.8436, NaN, NaN, NaN, NaN], [0.8494, 0.881, 0.9695, NaN, NaN, NaN], [0.8488, 0.8939, 0.9792, 0.7074, NaN, NaN], [0.8548, 0.881, 0.9475, 0.7256, 0.6592, NaN], [0.8393, 0.8819, 0.9658, 0.6926, 0.7125, 0.388]]","[NaN, 0.5606, 0.8244, 0.7078, 0.6569, 0.3303]"
nonlinear_classification,2,ADAPT-X (proposed),binary_classification,0.5739181505601534,0.2725090036014406,0.6611096693556968,0.5654195563865029,0.1570892098382679,-0.13799015707584877,0.2725090036014406,0.35694277711084443,0.1503999006000413,0.19338561899985507,866.8134765625,866.8134765625,"[[0.7769, NaN, NaN, NaN, NaN, NaN], [0.7795, 0.8431, NaN, NaN, NaN, NaN], [0.8404, 0.818, 0.9386, NaN, NaN, NaN], [0.763, 0.7538, 0.8564, 0.532, NaN, NaN], [0.8018, 0.7596, 0.8791, 0.564, 0.6349, NaN], [0.6568, 0.6063, 0.811, 0.4709, 0.4905, 0.3569]]","[NaN, 0.5628, 0.8259, 0.6758, 0.5326, 0.2725]"
nonlinear_classification,2,A: no drift detection,binary_classification,0.5889010115227216,0.2889155662264906,0.6677637426898516,0.576799726240157,0.14561694121453334,-0.13098802658561864,0.2889155662264906,0.2933173269307723,0.18344575279998027,0.15994309400002749,821.2119140625,821.2119140625,"[[0.7769, NaN, NaN, NaN, NaN, NaN], [0.7821, 0.8538, NaN, NaN, NaN, NaN], [0.8501, 0.8331, 0.939, NaN, NaN, NaN], [0.8087, 0.8318, 0.8925, 0.631, NaN, NaN], [0.8076, 0.7888, 0.84, 0.59, 0.6217, NaN], [0.695, 0.7052, 0.7943, 0.4521, 0.5209, 0.2933]]","[NaN, 0.5628, 0.8255, 0.683, 0.5843, 0.2889]"
nonlinear_classification,2,B: no replay (K=0),binary_classification,0.5544223213294278,0.26290516206482595,0.656403588838477,0.5845695836190163,0.1196260571620222,-0.11030404387961287,0.26290516206482595,0.3423369347739096,0.15807261019999713,0.16359681400035697,961.3994140625,961.3994140625,"[[0.7769, NaN, NaN, NaN, NaN, NaN], [0.7761, 0.8213, NaN, NaN, NaN, NaN], [0.7829, 0.7493, 0.9606, NaN, NaN, NaN], [0.6873, 0.6673, 0.875, 0.5738, NaN, NaN], [0.7306, 0.6419, 0.9077, 0.6144, 0.5841, NaN], [0.6272, 0.6765, 0.901, 0.5042, 0.4562, 0.3423]]","[NaN, 0.5628, 0.7731, 0.6554, 0.5179, 0.2629]"
nonlinear_classification,2,C: no adaptive scaling,binary_classification,0.5889010115227216,0.2889155662264906,0.6677637426898516,0.576799726240157,0.14561694121453334,-0.13098802658561864,0.2889155662264906,0.2933173269307723,0.1608306315999471,0.21203818499998306,821.2119140625,821.2119140625,"[[0.7769, NaN, NaN, NaN, NaN, NaN], [0.7821, 0.8538, NaN, NaN, NaN, NaN], [0.8501, 0.8331, 0.939, NaN, NaN, NaN], [0.8087, 0.8318, 0.8925, 0.631, NaN, NaN], [0.8076, 0.7888, 0.84, 0.59, 0.6217, NaN], [0.695, 0.7052, 0.7943, 0.4521, 0.5209, 0.2933]]","[NaN, 0.5628, 0.8255, 0.683, 0.5843, 0.2889]"
nonlinear_classification,2,D: no stable persistent state,binary_classification,0.5653731748524619,0.23449379751900779,0.665766031056996,0.5908059936152793,0.12526858144582928,-0.1121827941026162,0.23449379751900779,0.36274509803921573,0.28109084819998315,0.1933596519997991,409.46484375,644.3046875,"[[0.7769, NaN, NaN, NaN, NaN, NaN], [0.8335, 0.8211, NaN, NaN, NaN, NaN], [0.8323, 0.7598, 0.9185, NaN, NaN, NaN], [0.7656, 0.7948, 0.8821, 0.6184, NaN, NaN], [0.6828, 0.5156, 0.766, 0.6272, 0.6081, NaN], [0.7295, 0.6228, 0.7188, 0.5624, 0.5487, 0.3627]]","[NaN, 0.5628, 0.7764, 0.685, 0.5682, 0.2345]"
nonlinear_classification,2,E: random replay,binary_classification,0.5886219397715993,0.2863145258103241,0.6625315255000535,0.6386504512682073,0.06977168581672841,-0.051534939362160206,0.2863145258103241,0.31772709083633455,0.14975197280009525,0.1737451340000007,961.3291015625,961.3291015625,"[[0.7769, NaN, NaN, NaN, NaN, NaN], [0.7707, 0.8371, NaN, NaN, NaN, NaN], [0.8162, 0.8598, 0.9438, NaN, NaN, NaN], [0.7791, 0.8418, 0.8888, 0.5944, NaN, NaN], [0.8022, 0.8527, 0.8769, 0.6236, 0.6196, NaN], [0.7675, 0.7663, 0.8188, 0.5642, 0.5974, 0.3177]]","[NaN, 0.5628, 0.8508, 0.6564, 0.5868, 0.2863]"
nonlinear_classification,3,Static,binary_classification,0.6219673998929067,0.4005400540054005,0.6219673998929067,0.6396054656672853,0.0,0.0,0.4005400540054005,0.4005400540054005,0.001076520399965375,0.15196098300020822,251.9248046875,251.9248046875,"[[0.7278, NaN, NaN, NaN, NaN, NaN], [0.7278, 0.6969, NaN, NaN, NaN, NaN], [0.7278, 0.6969, 0.7332, NaN, NaN, NaN], [0.7278, 0.6969, 0.7332, 0.5956, NaN, NaN], [0.7278, 0.6969, 0.7332, 0.5956, 0.6836, NaN], [0.7278, 0.6969, 0.7332, 0.5956, 0.6836, 0.4005]]","[NaN, 0.6969, 0.7332, 0.5956, 0.6836, 0.4005]"
nonlinear_classification,3,Naive incremental,binary_classification,0.5779336950582012,0.3499349934993501,0.6612649107656104,0.34276937319729167,0.39550082183669605,-0.39550082183669605,0.3499349934993501,0.49714971497149696,0.1311464323997825,0.19792287300015232,115.4638671875,251.9248046875,"[[0.7278, NaN, NaN, NaN, NaN, NaN], [0.6648, 0.8509, NaN, NaN, NaN, NaN], [0.5619, 0.586, 0.7629, NaN, NaN, NaN], [0.5776, 0.5364, 0.6007, 0.6061, NaN, NaN], [0.6623, 0.7077, 0.5129, 0.4855, 0.5892, NaN], [0.3347, 0.212, 0.3827, 0.3066, 0.3235, 0.4971]]","[NaN, 0.6969, 0.5614, 0.6614, 0.6201, 0.3499]"
nonlinear_classification,3,Standard replay (FIFO),binary_classification,0.6293586132139162,0.42614261426142597,0.7030246785692965,0.5703425063121755,0.17814084153925144,-0.16417282990252136,0.42614261426142597,0.5755575557555754,0.20467288719983118,0.15354026599970894,259.4013671875,420.4482421875,"[[0.7278, NaN, NaN, NaN, NaN, NaN], [0.7569, 0.8639, NaN, NaN, NaN, NaN], [0.7341, 0.8962, 0.795, NaN, NaN, NaN], [0.6562, 0.6803, 0.8034, 0.6795, NaN, NaN], [0.7236, 0.6786, 0.6648, 0.6629, 0.6012, NaN], [0.6416, 0.4296, 0.6621, 0.5763, 0.5368, 0.5756]]","[NaN, 0.6969, 0.7419, 0.669, 0.6128, 0.4261]"
nonlinear_classification,3,Full retrain oracle*,binary_classification,0.6145405536405026,0.3785378537853785,0.7124417251968257,0.7321989265718218,0.0024155894331970183,0.020637827781524808,0.3785378537853785,0.5219521952195219,0.36930790220003473,0.24386758999980884,1333.7529296875,1333.7529296875,"[[0.7278, NaN, NaN, NaN, NaN, NaN], [0.7671, 0.8682, NaN, NaN, NaN, NaN], [0.7573, 0.8816, 0.811, NaN, NaN, NaN], [0.8071, 0.882, 0.8286, 0.7261, NaN, NaN], [0.8117, 0.8747, 0.8034, 0.681, 0.6349, NaN], [0.8004, 0.8703, 0.8091, 0.7362, 0.6551, 0.522]]","[NaN, 0.6969, 0.6793, 0.674, 0.6439, 0.3785]"
nonlinear_classification,3,ADAPT-X (proposed),binary_classification,0.6170827128226793,0.3425342534253426,0.6575083359418193,0.6354846195685656,0.07557755766984053,-0.04232714814528178,0.3425342534253426,0.4305430543054305,0.1900448082001276,0.18888701800005947,1024.8447265625,1024.8447265625,"[[0.737, NaN, NaN, NaN, NaN, NaN], [0.7977, 0.8965, NaN, NaN, NaN, NaN], [0.8253, 0.8678, 0.7141, NaN, NaN, NaN], [0.7194, 0.8796, 0.7683, 0.6288, NaN, NaN], [0.7581, 0.8833, 0.7427, 0.6526, 0.6176, NaN], [0.6736, 0.7933, 0.7186, 0.5988, 0.598, 0.4305]]","[NaN, 0.7062, 0.7419, 0.6629, 0.6319, 0.3425]"
nonlinear_classification,3,A: no drift detection,binary_classification,0.6196926735090855,0.3791379137913793,0.6658337695128126,0.6182986936844909,0.09726398289952413,-0.07127569277716472,0.3791379137913793,0.43474347434743477,0.16808634820008592,0.19235540399995443,968.7939453125,968.7939453125,"[[0.737, NaN, NaN, NaN, NaN, NaN], [0.8217, 0.9128, NaN, NaN, NaN, NaN], [0.8257, 0.8807, 0.7118, NaN, NaN, NaN], [0.7753, 0.8829, 0.753, 0.6564, NaN, NaN], [0.7673, 0.8816, 0.6885, 0.637, 0.6134, NaN], [0.7527, 0.7029, 0.6835, 0.5696, 0.5663, 0.4347]]","[NaN, 0.7062, 0.7316, 0.6887, 0.5928, 0.3791]"
nonlinear_classification,3,B: no replay (K=0),binary_classification,0.6289773616136969,0.38053805380538064,0.6696596154186562,0.5916782927820106,0.12201187076855598,-0.10704601976598478,0.38053805380538064,0.48634863486348645,0.11823611279987745,0.18001071799972124,736.2041015625,736.2041015625,"[[0.737, NaN, NaN, NaN, NaN, NaN], [0.7931, 0.8686, NaN, NaN, NaN, NaN], [0.8004, 0.8801, 0.7129, NaN, NaN, NaN], [0.6977, 0.8354, 0.6828, 0.6646, NaN, NaN], [0.6958, 0.7882, 0.6167, 0.6072, 0.6158, NaN], [0.6588, 0.6952, 0.6091, 0.5153, 0.5854, 0.4863]]","[NaN, 0.7062, 0.7244, 0.6614, 0.6724, 0.3805]"
nonlinear_classification,3,C: no adaptive scaling,binary_classification,0.6279735015918938,0.4205420542054208,0.6783112638787906,0.6657230277625618,0.058169819410210266,-0.026843986249457698,0.4205420542054208,0.504950495049505,0.15864380120001442,0.1719040819998554,872.0244140625,872.0244140625,"[[0.737, NaN, NaN, NaN, NaN, NaN], [0.8217, 0.9128, NaN, NaN, NaN, NaN], [0.8257, 0.8807, 0.7118, NaN, NaN, NaN], [0.7753, 0.8829, 0.753, 0.6564, NaN, NaN], [0.8014, 0.8941, 0.7572, 0.6789, 0.6056, NaN], [0.787, 0.7797, 0.732, 0.5828, 0.6078, 0.505]]","[NaN, 0.7062, 0.7316, 0.6887, 0.5928, 0.4205]"
nonlinear_classification,3,D: no stable persistent state,binary_classification,0.6222560616194021,0.39373937393739356,0.6791465740755005,0.6333610118408024,0.10694478048827935,-0.06651371555227877,0.39373937393739356,0.5365536553655363,0.28243944260002535,0.263747598000009,440.98828125,549.02734375,"[[0.737, NaN, NaN, NaN, NaN, NaN], [0.8025, 0.8826, NaN, NaN, NaN, NaN], [0.6985, 0.8015, 0.6579, NaN, NaN, NaN], [0.6535, 0.7588, 0.7946, 0.7274, NaN, NaN], [0.7491, 0.8244, 0.606, 0.6217, 0.5912, NaN], [0.7579, 0.6477, 0.635, 0.6267, 0.5962, 0.5366]]","[NaN, 0.7062, 0.7293, 0.6562, 0.6259, 0.3937]"
nonlinear_classification,3,E: random replay,binary_classification,0.6235140195878692,0.3645364536453646,0.6791097141589617,0.6696135437257906,0.04390465506153847,-0.022973817373754146,0.3645364536453646,0.4553455345534554,0.17018915380003818,0.22968985299985434,774.5244140625,774.5244140625,"[[0.737, NaN, NaN, NaN, NaN, NaN], [0.8138, 0.9016, NaN, NaN, NaN, NaN], [0.7945, 0.8697, 0.7343, NaN, NaN, NaN], [0.7734, 0.8889, 0.7488, 0.6648, NaN, NaN], [0.774, 0.89, 0.7622, 0.6509, 0.6395, NaN], [0.7355, 0.8324, 0.7526, 0.6316, 0.6102, 0.4553]]","[NaN, 0.7062, 0.7244, 0.6595, 0.663, 0.3645]"
nonlinear_classification,4,Static,binary_classification,0.5751910773524489,0.4151378446115286,0.5751910773524489,0.5877823749806345,0.0,0.0,0.4151378446115286,0.4151378446115286,0.0012785915998392739,0.23281473900033234,218.9873046875,218.9873046875,"[[0.6507, NaN, NaN, NaN, NaN, NaN], [0.6507, 0.5517, NaN, NaN, NaN, NaN], [0.6507, 0.5517, 0.7819, NaN, NaN, NaN], [0.6507, 0.5517, 0.7819, 0.6646, NaN, NaN], [0.6507, 0.5517, 0.7819, 0.6646, 0.4626, NaN], [0.6507, 0.5517, 0.7819, 0.6646, 0.4626, 0.4151]]","[NaN, 0.5517, 0.7819, 0.6646, 0.4626, 0.4151]"
nonlinear_classification,4,Naive incremental,binary_classification,0.4958487735475394,0.41028571428571436,0.6314037724698736,0.3735085615667268,0.3133412712141138,-0.3133412712141138,0.4247619047619049,0.5101754385964912,0.15189268579988494,0.20619575399996393,112.7373046875,218.9873046875,"[[0.6507, NaN, NaN, NaN, NaN, NaN], [0.4855, 0.8212, NaN, NaN, NaN, NaN], [0.5882, 0.5789, 0.8057, NaN, NaN, NaN], [0.6138, 0.526, 0.723, 0.6639, NaN, NaN], [0.6294, 0.6846, 0.6928, 0.6303, 0.356, NaN], [0.3026, 0.35, 0.5602, 0.2652, 0.2528, 0.5102]]","[NaN, 0.5517, 0.4103, 0.5799, 0.5126, 0.4248]"
nonlinear_classification,4,Standard replay (FIFO),binary_classification,0.5684180494485152,0.46225563909774436,0.6604931126707887,0.5432472147685204,0.15000739721091838,-0.13874422757287658,0.46225563909774436,0.5077694235588974,0.20931391779995465,0.18660241699990365,252.4169921875,437.9091796875,"[[0.6507, NaN, NaN, NaN, NaN, NaN], [0.6093, 0.8632, NaN, NaN, NaN, NaN], [0.6367, 0.7914, 0.8327, NaN, NaN, NaN], [0.6531, 0.5032, 0.8866, 0.7047, NaN, NaN], [0.6218, 0.6725, 0.7637, 0.6345, 0.3941, NaN], [0.5632, 0.6518, 0.7097, 0.4218, 0.4052, 0.5078]]","[NaN, 0.5517, 0.6923, 0.5944, 0.5414, 0.4623]"
nonlinear_classification,4,Full retrain oracle*,binary_classification,0.632407935892241,0.5312280701754386,0.7138386002201316,0.7313533377311036,0.0015528928931733076,0.03363763243288043,0.5312280701754386,0.591578947368421,0.39132023060001303,0.17561510299992733,1354.8623046875,1354.8623046875,"[[0.6507, NaN, NaN, NaN, NaN, NaN], [0.6846, 0.8419, NaN, NaN, NaN, NaN], [0.7474, 0.8732, 0.9109, NaN, NaN, NaN], [0.745, 0.8522, 0.9287, 0.7089, NaN, NaN], [0.7528, 0.8764, 0.9355, 0.7236, 0.516, NaN], [0.7728, 0.8423, 0.9323, 0.7522, 0.4968, 0.5916]]","[NaN, 0.5517, 0.8181, 0.7049, 0.5561, 0.5312]"
nonlinear_classification,4,ADAPT-X (proposed),binary_classification,0.578378818154049,0.4272462517527773,0.6731485255000473,0.6492113396819761,0.04581533639100623,-0.029635851977242833,0.5456641604010024,0.5492731829573936,0.11719126579992008,0.0975538789998609,655.9267578125,655.9267578125,"[[0.6777, NaN, NaN, NaN, NaN, NaN], [0.7398, 0.8056, NaN, NaN, NaN, NaN], [0.7306, 0.7957, 0.8501, NaN, NaN, NaN], [0.6745, 0.7942, 0.8249, 0.7207, NaN, NaN], [0.6594, 0.8244, 0.7778, 0.6961, 0.4401, NaN], [0.6686, 0.7262, 0.8391, 0.6414, 0.4706, 0.5493]]","[NaN, 0.4272, 0.7298, 0.7247, 0.4645, 0.5457]"
nonlinear_classification,4,A: no drift detection,binary_classification,0.5852686925247171,0.4272462517527773,0.6740072970947838,0.6239080162961204,0.08318640367469987,-0.060858611635006235,0.4664661654135338,0.517593984962406,0.12519723040013558,0.09273975300038728,720.6220703125,720.6220703125,"[[0.6777, NaN, NaN, NaN, NaN, NaN], [0.7198, 0.8263, NaN, NaN, NaN, NaN], [0.7139, 0.8119, 0.8386, NaN, NaN, NaN], [0.7437, 0.811, 0.8674, 0.7043, NaN, NaN], [0.6965, 0.8432, 0.8162, 0.6774, 0.4832, NaN], [0.6443, 0.8005, 0.7902, 0.5559, 0.4351, 0.5176]]","[NaN, 0.4272, 0.7787, 0.7131, 0.5408, 0.4665]"
nonlinear_classification,4,B: no replay (K=0),binary_classification,0.5568665952259849,0.4272462517527773,0.6437408843733136,0.6378628204303624,0.028222525874949556,-0.013846433952445425,0.46125313283208014,0.521203007518797,0.15909436359997925,0.08895089099996767,766.3525390625,766.3525390625,"[[0.6777, NaN, NaN, NaN, NaN, NaN], [0.729, 0.794, NaN, NaN, NaN, NaN], [0.729, 0.7841, 0.8615, NaN, NaN, NaN], [0.6311, 0.7513, 0.8226, 0.6028, NaN, NaN], [0.6475, 0.808, 0.8455, 0.6093, 0.4393, NaN], [0.6753, 0.7319, 0.8341, 0.571, 0.4937, 0.5212]]","[NaN, 0.4272, 0.7399, 0.6679, 0.488, 0.4613]"
nonlinear_classification,4,C: no adaptive scaling,binary_classification,0.5852686925247171,0.4272462517527773,0.6740072970947838,0.6239080162961204,0.08318640367469987,-0.060858611635006235,0.4664661654135338,0.517593984962406,0.14848937699998715,0.09772292400020888,720.6220703125,720.6220703125,"[[0.6777, NaN, NaN, NaN, NaN, NaN], [0.7198, 0.8263, NaN, NaN, NaN, NaN], [0.7139, 0.8119, 0.8386, NaN, NaN, NaN], [0.7437, 0.811, 0.8674, 0.7043, NaN, NaN], [0.6965, 0.8432, 0.8162, 0.6774, 0.4832, NaN], [0.6443, 0.8005, 0.7902, 0.5559, 0.4351, 0.5176]]","[NaN, 0.4272, 0.7787, 0.7131, 0.5408, 0.4665]"
nonlinear_classification,4,D: no stable persistent state,binary_classification,0.546337324255368,0.4272462517527773,0.6512449642871369,0.6137819378421822,0.06005859080670946,-0.05024757297208504,0.487719298245614,0.5304260651629076,0.21565611440000793,0.09547816200029047,391.78515625,503.73828125,"[[0.6777, NaN, NaN, NaN, NaN, NaN], [0.6305, 0.8285, NaN, NaN, NaN, NaN], [0.5595, 0.767, 0.7842, NaN, NaN, NaN], [0.588, 0.6404, 0.8062, 0.6549, NaN, NaN], [0.651, 0.7023, 0.7403, 0.682, 0.4582, NaN], [0.5925, 0.6667, 0.7499, 0.5977, 0.5454, 0.5304]]","[NaN, 0.4272, 0.7806, 0.5918, 0.4443, 0.4877]"
nonlinear_classification,4,E: random replay,binary_classification,0.5993847701083359,0.4272462517527773,0.6903035067414938,0.6888083398061173,0.03582904730458418,0.0007255669302802748,0.47789473684210537,0.5578947368421052,0.1076482352000312,0.08129836899979637,699.7001953125,699.7001953125,"[[0.6777, NaN, NaN, NaN, NaN, NaN], [0.7433, 0.8093, NaN, NaN, NaN, NaN], [0.7155, 0.8168, 0.8309, NaN, NaN, NaN], [0.6736, 0.8488, 0.9086, 0.6801, NaN, NaN], [0.6617, 0.8438, 0.8473, 0.6591, 0.5734, NaN], [0.7038, 0.7467, 0.8432, 0.6803, 0.6009, 0.5579]]","[NaN, 0.4272, 0.7486, 0.7217, 0.6215, 0.4779]"
interaction_classification,0,Static,binary_classification,0.6322561348597111,0.4841943734015346,0.6322561348597111,0.6355743151367013,0.0,0.0,0.4841943734015346,0.4841943734015346,0.0010638676000780834,0.12279017299988482,152.8115234375,152.8115234375,"[[0.6522, NaN, NaN, NaN, NaN, NaN], [0.6522, 0.7713, NaN, NaN, NaN, NaN], [0.6522, 0.7713, 0.7557, NaN, NaN, NaN], [0.6522, 0.7713, 0.7557, 0.6148, NaN, NaN], [0.6522, 0.7713, 0.7557, 0.6148, 0.5353, NaN], [0.6522, 0.7713, 0.7557, 0.6148, 0.5353, 0.4842]]","[NaN, 0.7713, 0.7557, 0.6148, 0.5353, 0.4842]"
interaction_classification,0,Naive incremental,binary_classification,0.45676034040166186,0.17978896103896091,0.6468376612806119,0.180440434297195,0.564948914197539,-0.5607421834283084,0.2918670076726344,0.47109974424552425,0.13378425699993385,0.13191197400010424,294.6435546875,294.6435546875,"[[0.6522, NaN, NaN, NaN, NaN, NaN], [0.4033, 0.9455, NaN, NaN, NaN, NaN], [0.4109, 0.6124, 0.9374, NaN, NaN, NaN], [0.4281, 0.3938, 0.4308, 0.4914, NaN, NaN], [0.5524, 0.6118, 0.4602, 0.5124, 0.3888, NaN], [0.0513, 0.2016, 0.1621, 0.2053, -0.0087, 0.4711]]","[NaN, 0.7713, 0.6404, 0.4004, 0.1798, 0.2919]"
interaction_classification,0,Standard replay (FIFO),binary_classification,0.5897560356672262,0.3825063938618929,0.7071289811057008,0.47182722883260153,0.27136934981090927,-0.27136934981090927,0.3825063938618929,0.5261381074168798,0.22289497419988039,0.11149397100007263,253.3857421875,451.5068359375,"[[0.6522, NaN, NaN, NaN, NaN, NaN], [0.5916, 0.9667, NaN, NaN, NaN, NaN], [0.5436, 0.9094, 0.8977, NaN, NaN, NaN], [0.5716, 0.727, 0.8305, 0.7155, NaN, NaN], [0.5432, 0.6121, 0.6595, 0.6494, 0.4296, NaN], [0.3369, 0.4478, 0.5274, 0.6378, 0.3549, 0.5261]]","[NaN, 0.7713, 0.7125, 0.5913, 0.4911, 0.3825]"
interaction_classification,0,Full retrain oracle*,binary_classification,0.6419842925558468,0.39375959079283884,0.7332699091101645,0.7095178955477411,0.031130218901600858,-0.012281477757205783,0.39375959079283884,0.5140664961636827,0.4326607155999227,0.10087379700007659,1543.4560546875,1543.4560546875,"[[0.6522, NaN, NaN, NaN, NaN, NaN], [0.6084, 0.9627, NaN, NaN, NaN, NaN], [0.7388, 0.9492, 0.8901, NaN, NaN, NaN], [0.7152, 0.9472, 0.8824, 0.7514, NaN, NaN], [0.705, 0.9571, 0.8977, 0.7322, 0.5481, NaN], [0.7064, 0.9424, 0.8683, 0.6472, 0.5787, 0.5141]]","[NaN, 0.7713, 0.7946, 0.7011, 0.5491, 0.3938]"
interaction_classification,0,ADAPT-X (proposed),binary_classification,0.5764119260399345,0.3587662337662336,0.6602454798524804,0.5957604286509682,0.07172560473524477,-0.0572841605908303,0.44163682864450116,0.49994884910485937,0.1214252287999443,0.11796077999997578,693.4150390625,693.4150390625,"[[0.5598, NaN, NaN, NaN, NaN, NaN], [0.6146, 0.9195, NaN, NaN, NaN, NaN], [0.569, 0.9156, 0.7973, NaN, NaN, NaN], [0.632, 0.8357, 0.6251, 0.6691, NaN, NaN], [0.6086, 0.8546, 0.6858, 0.6573, 0.4154, NaN], [0.5872, 0.7888, 0.632, 0.634, 0.4326, 0.4999]]","[NaN, 0.6285, 0.7435, 0.7097, 0.3588, 0.4416]"
interaction_classification,0,A: no drift detection,binary_classification,0.5711251284179542,0.369724025974026,0.6528623561726995,0.592063064648353,0.06807740370900932,-0.054337873714187836,0.4479795396419435,0.49381074168797956,0.10940162800006874,0.16673736599977929,688.0439453125,688.0439453125,"[[0.5598, NaN, NaN, NaN, NaN, NaN], [0.5846, 0.9128, NaN, NaN, NaN, NaN], [0.567, 0.9241, 0.7561, NaN, NaN, NaN], [0.5972, 0.8597, 0.6522, 0.6863, NaN, NaN], [0.613, 0.8416, 0.7603, 0.6849, 0.4154, NaN], [0.5668, 0.7544, 0.6496, 0.6548, 0.433, 0.4938]]","[NaN, 0.6285, 0.7286, 0.6809, 0.3697, 0.448]"
interaction_classification,0,B: no replay (K=0),binary_classification,0.5585603917139503,0.3567370129870131,0.6506952372069353,0.5082367777791793,0.16804382714424726,-0.15276229899143198,0.4502301790281329,0.5038363171355498,0.15897293900006843,0.16318566600011764,820.9697265625,820.9697265625,"[[0.5598, NaN, NaN, NaN, NaN, NaN], [0.5422, 0.9094, NaN, NaN, NaN, NaN], [0.5356, 0.895, 0.8534, NaN, NaN, NaN], [0.6362, 0.751, 0.7194, 0.5899, NaN, NaN], [0.6278, 0.7236, 0.7599, 0.5857, 0.3969, NaN], [0.4645, 0.6256, 0.611, 0.5118, 0.3326, 0.5038]]","[NaN, 0.6285, 0.7206, 0.6368, 0.3567, 0.4502]"
interaction_classification,0,C: no adaptive scaling,binary_classification,0.5711251284179542,0.369724025974026,0.6528623561726995,0.592063064648353,0.06807740370900932,-0.054337873714187836,0.4479795396419435,0.49381074168797956,0.1263957303999632,0.15816100399979405,688.0439453125,688.0439453125,"[[0.5598, NaN, NaN, NaN, NaN, NaN], [0.5846, 0.9128, NaN, NaN, NaN, NaN], [0.567, 0.9241, 0.7561, NaN, NaN, NaN], [0.5972, 0.8597, 0.6522, 0.6863, NaN, NaN], [0.613, 0.8416, 0.7603, 0.6849, 0.4154, NaN], [0.5668, 0.7544, 0.6496, 0.6548, 0.433, 0.4938]]","[NaN, 0.6285, 0.7286, 0.6809, 0.3697, 0.448]"
interaction_classification,0,D: no stable persistent state,binary_classification,0.5425855497666159,0.3722762148337595,0.6623999344012453,0.4815719382470034,0.20290544768875965,-0.1964648036243532,0.3722762148337595,0.5330946291560104,0.24182527040011337,0.15498812499981796,386.77734375,526.80859375,"[[0.5598, NaN, NaN, NaN, NaN, NaN], [0.583, 0.93, NaN, NaN, NaN, NaN], [0.4765, 0.8922, 0.8271, NaN, NaN, NaN], [0.592, 0.7823, 0.7435, 0.6609, NaN, NaN], [0.5512, 0.8758, 0.5094, 0.6136, 0.361, NaN], [0.4389, 0.561, 0.5553, 0.4832, 0.318, 0.5331]]","[NaN, 0.6285, 0.7427, 0.5833, 0.3862, 0.3723]"
interaction_classification,0,E: random replay,binary_classification,0.5811065632964669,0.37966720779220786,0.6571194855121186,0.6228557585684286,0.0503666426367448,-0.02164377034951608,0.4455242966751918,0.48112531969309447,0.1133164206001311,0.13619913200000155,703.9306640625,703.9306640625,"[[0.5598, NaN, NaN, NaN, NaN, NaN], [0.5836, 0.93, NaN, NaN, NaN, NaN], [0.607, 0.9161, 0.8336, NaN, NaN, NaN], [0.6946, 0.8995, 0.7103, 0.6138, NaN, NaN], [0.7034, 0.9209, 0.7408, 0.6076, 0.4272, NaN], [0.6556, 0.8306, 0.6747, 0.6154, 0.4797, 0.4811]]","[NaN, 0.6285, 0.7458, 0.7061, 0.3797, 0.4455]"
interaction_classification,1,Static,binary_classification,0.5840155641748372,0.42375939849624067,0.5840155641748372,0.5919929200203845,0.0,0.0,0.42375939849624067,0.42375939849624067,0.0009216489998834732,0.21461706799982494,310.3193359375,310.3193359375,"[[0.6319, NaN, NaN, NaN, NaN, NaN], [0.6319, 0.8061, NaN, NaN, NaN, NaN], [0.6319, 0.8061, 0.7084, NaN, NaN, NaN], [0.6319, 0.8061, 0.7084, 0.4507, NaN, NaN], [0.6319, 0.8061, 0.7084, 0.4507, 0.5311, NaN], [0.6319, 0.8061, 0.7084, 0.4507, 0.5311, 0.4238]]","[NaN, 0.8061, 0.7084, 0.4507, 0.5311, 0.4238]"
interaction_classification,1,Naive incremental,binary_classification,0.4320123605841187,0.2427067669172931,0.6030326098006858,0.17539359618626116,0.5189362342267965,-0.5189362342267965,0.2427067669172931,0.4458145363408521,0.10950633420006853,0.22489065800027674,127.7607421875,310.3193359375,"[[0.6319, NaN, NaN, NaN, NaN, NaN], [0.4492, 0.8443, NaN, NaN, NaN, NaN], [0.4123, 0.6944, 0.788, NaN, NaN, NaN], [0.4745, 0.5748, 0.4254, 0.5242, NaN, NaN], [0.4292, 0.5431, 0.6272, 0.416, 0.4127, NaN], [0.0075, 0.146, 0.1435, 0.0879, 0.2216, 0.4458]]","[NaN, 0.8061, 0.3662, 0.3689, 0.3761, 0.2427]"
interaction_classification,1,Standard replay (FIFO),binary_classification,0.5591123787792909,0.3030576441102757,0.6430719654103585,0.4276232289831623,0.2672072986506139,-0.25630003048018785,0.3030576441102757,0.43438596491228076,0.20823494399983247,0.20499670399976821,253.3857421875,649.5654296875,"[[0.6319, NaN, NaN, NaN, NaN, NaN], [0.5733, 0.8942, NaN, NaN, NaN, NaN], [0.6864, 0.8693, 0.8764, NaN, NaN, NaN], [0.5056, 0.7336, 0.8243, 0.5663, NaN, NaN], [0.4859, 0.578, 0.716, 0.5392, 0.4441, NaN], [0.2894, 0.4397, 0.645, 0.3853, 0.3719, 0.4344]]","[NaN, 0.8061, 0.6762, 0.4943, 0.5158, 0.3031]"
interaction_classification,1,Full retrain oracle*,binary_classification,0.6175205011977409,0.4379949874686717,0.6954824971463708,0.6810176407131925,0.02896074576109875,-0.0046372681401640305,0.4379949874686717,0.503157894736842,0.4490456027999244,0.18030066499977693,1284.3779296875,1284.3779296875,"[[0.6319, NaN, NaN, NaN, NaN, NaN], [0.6533, 0.8945, NaN, NaN, NaN, NaN], [0.6954, 0.902, 0.9229, NaN, NaN, NaN], [0.7313, 0.8797, 0.88, 0.5715, NaN, NaN], [0.69, 0.9064, 0.9331, 0.559, 0.5854, NaN], [0.6882, 0.8976, 0.8948, 0.5149, 0.5874, 0.5032]]","[NaN, 0.8061, 0.6399, 0.5762, 0.6274, 0.438]"
interaction_classification,1,ADAPT-X (proposed),binary_classification,0.5641429770324202,0.37182957393483695,0.6746682199712979,0.6042689930328344,0.08499845799545258,-0.07379605489831272,0.37182957393483695,0.4448120300751881,0.12513080059979984,0.11557268900014606,624.7197265625,624.7197265625,"[[0.6213, NaN, NaN, NaN, NaN, NaN], [0.6283, 0.8724, NaN, NaN, NaN, NaN], [0.6612, 0.8773, 0.8728, NaN, NaN, NaN], [0.6251, 0.8552, 0.7074, 0.5883, NaN, NaN], [0.6092, 0.8885, 0.8059, 0.5875, 0.595, NaN], [0.5587, 0.7955, 0.7022, 0.5824, 0.542, 0.4448]]","[NaN, 0.6707, 0.6823, 0.539, 0.5568, 0.3718]"
interaction_classification,1,A: no drift detection,binary_classification,0.5651896578117801,0.3972932330827068,0.6818720689222862,0.5439244185699362,0.16160416639555217,-0.15341339320477884,0.3972932330827068,0.46065162907268187,0.1553349686000729,0.12269193100019038,808.4189453125,808.4189453125,"[[0.6213, NaN, NaN, NaN, NaN, NaN], [0.5986, 0.8807, NaN, NaN, NaN, NaN], [0.6593, 0.8836, 0.9076, NaN, NaN, NaN], [0.6006, 0.8433, 0.7656, 0.5974, NaN, NaN], [0.5717, 0.8532, 0.7748, 0.5503, 0.5631, NaN], [0.4645, 0.7269, 0.6716, 0.481, 0.4589, 0.4607]]","[NaN, 0.6707, 0.6645, 0.5501, 0.5434, 0.3973]"
interaction_classification,1,B: no replay (K=0),binary_classification,0.5399428199676215,0.34235588972431086,0.6417248095934831,0.5330117194096378,0.1312135031941483,-0.12636137286833377,0.34235588972431086,0.3860651629072682,0.13047753179980645,0.08500041099978262,741.6611328125,741.6611328125,"[[0.6213, NaN, NaN, NaN, NaN, NaN], [0.6455, 0.8501, NaN, NaN, NaN, NaN], [0.5944, 0.7853, 0.784, NaN, NaN, NaN], [0.5244, 0.651, 0.6537, 0.5921, NaN, NaN], [0.5948, 0.6247, 0.7457, 0.5539, 0.5964, NaN], [0.4452, 0.5889, 0.7155, 0.4869, 0.5755, 0.3861]]","[NaN, 0.6707, 0.6231, 0.5537, 0.5098, 0.3424]"
interaction_classification,1,C: no adaptive scaling,binary_classification,0.5623826402679205,0.38325814536340874,0.6860859802456656,0.5545591098299495,0.1537837209341883,-0.14486567501614225,0.38325814536340874,0.47468671679197993,0.1420754694000607,0.09110176099966338,712.1494140625,712.1494140625,"[[0.6213, NaN, NaN, NaN, NaN, NaN], [0.5986, 0.8807, NaN, NaN, NaN, NaN], [0.6593, 0.8836, 0.9076, NaN, NaN, NaN], [0.6006, 0.8433, 0.7656, 0.5974, NaN, NaN], [0.6369, 0.8547, 0.8279, 0.601, 0.5701, NaN], [0.431, 0.7186, 0.6604, 0.5408, 0.502, 0.4747]]","[NaN, 0.6707, 0.6645, 0.5501, 0.5434, 0.3833]"
interaction_classification,1,D: no stable persistent state,binary_classification,0.5095803895432962,0.13624060150375938,0.6019267141491438,0.4818539705113935,0.15172199966078487,-0.14795257610188767,0.13624060150375938,0.38686716791979947,0.20423184699993727,0.113714926999819,281.76171875,513.4453125,"[[0.6213, NaN, NaN, NaN, NaN, NaN], [0.5527, 0.8883, NaN, NaN, NaN, NaN], [0.6401, 0.8714, 0.8131, NaN, NaN, NaN], [0.5575, 0.8475, 0.7732, 0.5143, NaN, NaN], [0.3594, 0.6549, 0.6251, 0.4347, 0.4071, NaN], [0.3133, 0.6962, 0.7181, 0.4279, 0.3488, 0.3869]]","[NaN, 0.6707, 0.6915, 0.5018, 0.5476, 0.1362]"
interaction_classification,1,E: random replay,binary_classification,0.5771863319644384,0.4135338345864661,0.673804126242565,0.623657209459196,0.05656192119113999,-0.0496661014579459,0.4135338345864661,0.453032581453634,0.20021725379992858,0.11495971699969232,985.1767578125,985.1767578125,"[[0.6213, NaN, NaN, NaN, NaN, NaN], [0.6263, 0.8794, NaN, NaN, NaN, NaN], [0.6399, 0.869, 0.8713, NaN, NaN, NaN], [0.612, 0.8677, 0.8524, 0.6006, NaN, NaN], [0.6118, 0.8781, 0.8871, 0.5893, 0.5647, NaN], [0.5531, 0.776, 0.8774, 0.5511, 0.5313, 0.453]]","[NaN, 0.6707, 0.716, 0.5497, 0.5359, 0.4135]"
interaction_classification,2,Static,binary_classification,0.5659149652119436,0.33924790805524774,0.5659149652119436,0.5787053148141413,0.0,0.0,0.33924790805524774,0.33924790805524774,0.0010860055999728502,0.44605853799976103,507.5771484375,507.5771484375,"[[0.6427, NaN, NaN, NaN, NaN, NaN], [0.6427, 0.7613, NaN, NaN, NaN, NaN], [0.6427, 0.7613, 0.6678, NaN, NaN, NaN], [0.6427, 0.7613, 0.6678, 0.5004, NaN, NaN], [0.6427, 0.7613, 0.6678, 0.5004, 0.5609, NaN], [0.6427, 0.7613, 0.6678, 0.5004, 0.5609, 0.3392]]","[NaN, 0.7613, 0.6678, 0.5004, 0.5609, 0.3392]"
interaction_classification,2,Naive incremental,binary_classification,0.39230368384473885,0.22581845238095233,0.5916654320374678,0.26328254222472247,0.4042577939328268,-0.4042577939328268,0.2533521524347213,0.47293073898578486,0.096421114199984,0.3612629439999182,116.0966796875,507.5771484375,"[[0.6427, NaN, NaN, NaN, NaN, NaN], [0.3609, 0.8786, NaN, NaN, NaN, NaN], [0.4094, 0.5631, 0.6789, NaN, NaN, NaN], [0.3802, 0.4803, 0.4111, 0.6036, NaN, NaN], [0.387, 0.1236, 0.3371, 0.3617, 0.3243, NaN], [0.2269, 0.4767, 0.0573, 0.1543, 0.1916, 0.4729]]","[NaN, 0.7613, 0.2258, 0.3111, 0.4099, 0.2534]"
interaction_classification,2,Standard replay (FIFO),binary_classification,0.4967264032923328,0.3463346334633466,0.6566106736159164,0.4886469054727956,0.19980590362398876,-0.1987657996135877,0.359209597741708,0.46284907752797677,0.2297887320000882,0.2948550299997805,277.8310546875,589.6083984375,"[[0.6427, NaN, NaN, NaN, NaN, NaN], [0.5364, 0.897, NaN, NaN, NaN, NaN], [0.5558, 0.8939, 0.8482, NaN, NaN, NaN], [0.582, 0.6969, 0.814, 0.5562, NaN, NaN], [0.5662, 0.5245, 0.5577, 0.5614, 0.5188, NaN], [0.5044, 0.6049, 0.5011, 0.3905, 0.4681, 0.4628]]","[NaN, 0.7613, 0.4639, 0.3463, 0.5529, 0.3592]"
interaction_classification,2,Full retrain oracle*,binary_classification,0.6083058355107692,0.3684847262828914,0.7030759819384074,0.687418121000552,0.026907503113746633,-0.006705649302771066,0.3684847262828914,0.43260409315455184,0.5526019052000265,0.4116644840000845,1406.7919921875,1406.7919921875,"[[0.6427, NaN, NaN, NaN, NaN, NaN], [0.6457, 0.9211, NaN, NaN, NaN, NaN], [0.6303, 0.9167, 0.907, NaN, NaN, NaN], [0.6655, 0.9466, 0.9509, 0.5972, NaN, NaN], [0.6743, 0.9369, 0.9267, 0.5566, 0.6575, NaN], [0.6363, 0.922, 0.9386, 0.5846, 0.6104, 0.4326]]","[NaN, 0.7613, 0.715, 0.5288, 0.668, 0.3685]"
interaction_classification,2,ADAPT-X (proposed),binary_classification,0.5825961184540022,0.3063816917027926,0.6380325434805612,0.546344479729057,0.10718907576887804,-0.1040278112630757,0.3063816917027926,0.3779614880532314,0.16548196840003584,0.13440337000020008,825.2939453125,825.2939453125,"[[0.608, NaN, NaN, NaN, NaN, NaN], [0.6132, 0.8956, NaN, NaN, NaN, NaN], [0.6238, 0.8927, 0.8266, NaN, NaN, NaN], [0.5526, 0.8849, 0.7846, 0.5588, NaN, NaN], [0.559, 0.8856, 0.7556, 0.5218, 0.5312, NaN], [0.4868, 0.8315, 0.6935, 0.4309, 0.4574, 0.378]]","[NaN, 0.8567, 0.6618, 0.5326, 0.5555, 0.3064]"
interaction_classification,2,A: no drift detection,binary_classification,0.579347049781913,0.2934771650367982,0.6249498278522938,0.5338719682741004,0.12004846357229093,-0.10591210938075615,0.2934771650367982,0.29589676378667207,0.14205857420010942,0.14465705000020534,762.1533203125,762.1533203125,"[[0.608, NaN, NaN, NaN, NaN, NaN], [0.6417, 0.9002, NaN, NaN, NaN, NaN], [0.6323, 0.8995, 0.7976, NaN, NaN, NaN], [0.619, 0.9252, 0.7879, 0.5786, NaN, NaN], [0.6293, 0.9369, 0.7582, 0.579, 0.5525, NaN], [0.5344, 0.7691, 0.6603, 0.4343, 0.5092, 0.2959]]","[NaN, 0.8567, 0.6343, 0.5624, 0.5499, 0.2935]"
interaction_classification,2,B: no replay (K=0),binary_classification,0.5553824836812852,0.3273515475350339,0.6234081620619328,0.4668810851402278,0.18984153616416766,-0.18475950335104238,0.3273515475350339,0.35154753503377356,0.09942130779991203,0.15524119299971062,679.7666015625,679.7666015625,"[[0.608, NaN, NaN, NaN, NaN, NaN], [0.605, 0.9009, NaN, NaN, NaN, NaN], [0.6335, 0.8363, 0.8084, NaN, NaN, NaN], [0.5668, 0.7914, 0.5521, 0.5324, NaN, NaN], [0.5872, 0.7606, 0.6313, 0.5152, 0.5238, NaN], [0.5074, 0.5704, 0.4665, 0.4449, 0.4605, 0.3515]]","[NaN, 0.8567, 0.5677, 0.5154, 0.5098, 0.3274]"
interaction_classification,2,C: no adaptive scaling,binary_classification,0.579347049781913,0.2934771650367982,0.6249498278522938,0.5338719682741004,0.12004846357229093,-0.10591210938075615,0.2934771650367982,0.29589676378667207,0.13207624340002438,0.11744269399969198,762.1533203125,762.1533203125,"[[0.608, NaN, NaN, NaN, NaN, NaN], [0.6417, 0.9002, NaN, NaN, NaN, NaN], [0.6323, 0.8995, 0.7976, NaN, NaN, NaN], [0.619, 0.9252, 0.7879, 0.5786, NaN, NaN], [0.6293, 0.9369, 0.7582, 0.579, 0.5525, NaN], [0.5344, 0.7691, 0.6603, 0.4343, 0.5092, 0.2959]]","[NaN, 0.8567, 0.6343, 0.5624, 0.5499, 0.2935]"
interaction_classification,2,D: no stable persistent state,binary_classification,0.5790608216905799,0.32573848170178454,0.6548937808722288,0.5155159149799377,0.1827332663296771,-0.15788332635368668,0.32573848170178454,0.43361225930033265,0.22270248800004994,0.2068567510000321,330.60546875,648.2109375,"[[0.608, NaN, NaN, NaN, NaN, NaN], [0.7323, 0.925, NaN, NaN, NaN, NaN], [0.554, 0.8934, 0.8452, NaN, NaN, NaN], [0.5048, 0.705, 0.615, 0.5924, NaN, NaN], [0.6156, 0.8305, 0.6715, 0.4763, 0.4783, NaN], [0.5328, 0.6933, 0.503, 0.4707, 0.4596, 0.4336]]","[NaN, 0.8567, 0.708, 0.5144, 0.4905, 0.3257]"
interaction_classification,2,E: random replay,binary_classification,0.564379902940147,0.34509527170077625,0.6461385083782385,0.573085954618093,0.09148858412504249,-0.08004400629390993,0.34509527170077625,0.4184897671136203,0.12382517420010117,0.11271484100007001,751.7197265625,751.7197265625,"[[0.608, NaN, NaN, NaN, NaN, NaN], [0.6493, 0.8983, NaN, NaN, NaN, NaN], [0.6653, 0.8924, 0.8326, NaN, NaN, NaN], [0.5928, 0.8747, 0.7731, 0.559, NaN, NaN], [0.6289, 0.8414, 0.7552, 0.5502, 0.5224, NaN], [0.5776, 0.7887, 0.6949, 0.5312, 0.4276, 0.4185]]","[NaN, 0.8567, 0.6224, 0.5052, 0.4925, 0.3451]"
interaction_classification,3,Static,binary_classification,0.5426527654398955,0.37603843459113184,0.5426527654398955,0.5762039544914751,0.0,0.0,0.37603843459113184,0.37603843459113184,0.0010668403998352004,0.20420426100008626,283.2919921875,283.2919921875,"[[0.744, NaN, NaN, NaN, NaN, NaN], [0.744, 0.6442, NaN, NaN, NaN, NaN], [0.744, 0.6442, 0.7454, NaN, NaN, NaN], [0.744, 0.6442, 0.7454, 0.5046, NaN, NaN], [0.744, 0.6442, 0.7454, 0.5046, 0.443, NaN], [0.744, 0.6442, 0.7454, 0.5046, 0.443, 0.376]]","[NaN, 0.6442, 0.7454, 0.5046, 0.443, 0.376]"
interaction_classification,3,Naive incremental,binary_classification,0.45429674455279756,0.3254437869822484,0.5565776558686416,0.18728468652621574,0.4806280119870573,-0.4806280119870573,0.3842458212391151,0.4631168051246124,0.14618796079994353,0.24290458999985276,112.8701171875,283.2919921875,"[[0.744, NaN, NaN, NaN, NaN, NaN], [0.4073, 0.9128, NaN, NaN, NaN, NaN], [0.437, 0.5078, 0.7637, NaN, NaN, NaN], [0.4703, 0.584, 0.632, 0.4066, NaN, NaN], [0.5633, 0.5488, 0.4232, 0.3199, 0.2367, NaN], [0.1523, 0.0663, 0.3739, 0.0858, -0.0177, 0.4631]]","[NaN, 0.6442, 0.3254, 0.4974, 0.4202, 0.3842]"
interaction_classification,3,Standard replay (FIFO),binary_classification,0.5324366825748686,0.38464618156340724,0.6639783129516477,0.39780887435860174,0.33975161923905667,-0.33539964367120023,0.38464618156340724,0.4873386047442698,0.32764312720000816,0.2571233379999285,235.8310546875,494.6982421875,"[[0.744, NaN, NaN, NaN, NaN, NaN], [0.6838, 0.9315, NaN, NaN, NaN, NaN], [0.6405, 0.8883, 0.8492, NaN, NaN, NaN], [0.5844, 0.6302, 0.871, 0.6212, NaN, NaN], [0.6465, 0.4985, 0.5545, 0.466, 0.4306, NaN], [0.5288, 0.4109, 0.409, 0.3385, 0.2122, 0.4873]]","[NaN, 0.6442, 0.7381, 0.4588, 0.4364, 0.3846]"
interaction_classification,3,Full retrain oracle*,binary_classification,0.5730526985018066,0.4573115804223802,0.7186955145182271,0.7103087116072935,0.03265838818519344,-0.015117040539349568,0.4573115804223802,0.5321789610649585,0.4811685721999311,0.16953334199979508,1301.8388671875,1301.8388671875,"[[0.744, NaN, NaN, NaN, NaN, NaN], [0.7458, 0.9228, NaN, NaN, NaN, NaN], [0.7694, 0.9167, 0.9141, NaN, NaN, NaN], [0.7953, 0.9269, 0.9187, 0.6411, NaN, NaN], [0.823, 0.9126, 0.9114, 0.6321, 0.5834, NaN], [0.8099, 0.9201, 0.8752, 0.5888, 0.5356, 0.5322]]","[NaN, 0.6442, 0.7125, 0.553, 0.4981, 0.4573]"
interaction_classification,3,ADAPT-X (proposed),binary_classification,0.6067613669913998,0.4263659147869676,0.6209092017324902,0.532130312413693,0.13429401471173566,-0.11374129801400353,0.4993494144730257,0.4030627564808329,0.1412633411999195,0.18732944499970472,797.9658203125,797.9658203125,"[[0.6569, NaN, NaN, NaN, NaN, NaN], [0.7007, 0.9111, NaN, NaN, NaN, NaN], [0.7353, 0.9279, 0.874, NaN, NaN, NaN], [0.7395, 0.899, 0.8446, 0.5006, NaN, NaN], [0.7387, 0.8752, 0.7996, 0.504, 0.4157, NaN], [0.6792, 0.7326, 0.7118, 0.4088, 0.2573, 0.4031]]","[NaN, 0.89, 0.7301, 0.488, 0.4264, 0.4993]"
interaction_classification,3,A: no drift detection,binary_classification,0.6115609643946792,0.419348370927318,0.6190337841570603,0.5305031683062095,0.13917487501905992,-0.11381845336755378,0.5327795015513963,0.46992293063757384,0.18028343459991447,0.20273626700009117,741.7666015625,741.7666015625,"[[0.6569, NaN, NaN, NaN, NaN, NaN], [0.7201, 0.9089, NaN, NaN, NaN, NaN], [0.7592, 0.9335, 0.8465, NaN, NaN, NaN], [0.7377, 0.931, 0.8045, 0.524, NaN, NaN], [0.7047, 0.873, 0.748, 0.4592, 0.3458, NaN], [0.5916, 0.8266, 0.637, 0.3792, 0.2788, 0.4699]]","[NaN, 0.89, 0.7221, 0.4936, 0.4193, 0.5328]"
interaction_classification,3,B: no replay (K=0),binary_classification,0.5973208706393376,0.38245614035087727,0.6050396735808894,0.4317739892287726,0.23986613176235944,-0.21829935768430717,0.481333199879892,0.4046641977780001,0.12286212320013874,0.2219289520003258,758.2861328125,758.2861328125,"[[0.6569, NaN, NaN, NaN, NaN, NaN], [0.7478, 0.9116, NaN, NaN, NaN, NaN], [0.7267, 0.8805, 0.9019, NaN, NaN, NaN], [0.6846, 0.8456, 0.8045, 0.4194, NaN, NaN], [0.7257, 0.8344, 0.75, 0.4364, 0.3877, NaN], [0.4733, 0.6656, 0.6186, 0.2469, 0.1816, 0.4047]]","[NaN, 0.89, 0.7152, 0.5176, 0.3825, 0.4813]"
interaction_classification,3,C: no adaptive scaling,binary_classification,0.6115609643946792,0.419348370927318,0.6190337841570603,0.5305031683062095,0.13917487501905992,-0.11381845336755378,0.5327795015513963,0.46992293063757384,0.11848065259991927,0.25096736199975567,741.7666015625,741.7666015625,"[[0.6569, NaN, NaN, NaN, NaN, NaN], [0.7201, 0.9089, NaN, NaN, NaN, NaN], [0.7592, 0.9335, 0.8465, NaN, NaN, NaN], [0.7377, 0.931, 0.8045, 0.524, NaN, NaN], [0.7047, 0.873, 0.748, 0.4592, 0.3458, NaN], [0.5916, 0.8266, 0.637, 0.3792, 0.2788, 0.4699]]","[NaN, 0.89, 0.7221, 0.4936, 0.4193, 0.5328]"
interaction_classification,3,D: no stable persistent state,binary_classification,0.5953422894684564,0.4310879791812634,0.613294102913865,0.43102268793261006,0.24393655158019648,-0.2274553485726777,0.4310879791812634,0.40836753077770016,0.25787139100002604,0.19558312299977842,278.20703125,575.01171875,"[[0.6569, NaN, NaN, NaN, NaN, NaN], [0.7393, 0.89, NaN, NaN, NaN, NaN], [0.6319, 0.883, 0.8881, NaN, NaN, NaN], [0.6407, 0.7057, 0.8267, 0.5422, NaN, NaN], [0.6245, 0.7169, 0.5885, 0.4928, 0.3377, NaN], [0.514, 0.5063, 0.7221, 0.1919, 0.2435, 0.4084]]","[NaN, 0.89, 0.7106, 0.5076, 0.4374, 0.4311]"
interaction_classification,3,E: random replay,binary_classification,0.6015866005855474,0.40611528822055165,0.6086566148829824,0.5373265611491597,0.11462081575956665,-0.09525321268193569,0.5437894104694225,0.402061855670103,0.11747123080003803,0.21008281700005682,782.1923828125,782.1923828125,"[[0.6569, NaN, NaN, NaN, NaN, NaN], [0.7023, 0.9301, NaN, NaN, NaN, NaN], [0.7412, 0.9427, 0.8095, NaN, NaN, NaN], [0.691, 0.9094, 0.7965, 0.5246, NaN, NaN], [0.6974, 0.8684, 0.7721, 0.5158, 0.377, NaN], [0.6281, 0.7768, 0.6774, 0.3687, 0.3708, 0.4021]]","[NaN, 0.89, 0.7103, 0.4578, 0.4061, 0.5438]"
interaction_classification,4,Static,binary_classification,0.4372035070175856,0.2415037593984961,0.4372035070175856,0.4685800752854818,0.0,0.0,0.2415037593984961,0.2415037593984961,0.0012823738001316088,0.10120008800004143,145.7529296875,145.7529296875,"[[0.6255, NaN, NaN, NaN, NaN, NaN], [0.6255, 0.8328, NaN, NaN, NaN, NaN], [0.6255, 0.8328, 0.3733, NaN, NaN, NaN], [0.6255, 0.8328, 0.3733, 0.4721, NaN, NaN], [0.6255, 0.8328, 0.3733, 0.4721, 0.2663, NaN], [0.6255, 0.8328, 0.3733, 0.4721, 0.2663, 0.2415]]","[NaN, 0.8328, 0.3733, 0.4721, 0.2663, 0.2415]"
interaction_classification,4,Naive incremental,binary_classification,0.5011701311509416,0.27418546365914787,0.550583024353563,0.18259971464311867,0.45655595010681316,-0.45655595010681316,0.27418546365914787,0.31729323308270674,0.10511457980001068,0.09101202900001226,136.8232421875,196.2685546875,"[[0.6255, NaN, NaN, NaN, NaN, NaN], [0.4713, 0.9108, NaN, NaN, NaN, NaN], [0.522, 0.6579, 0.7586, NaN, NaN, NaN], [0.5508, 0.292, 0.4377, 0.4688, NaN, NaN], [0.2355, 0.2647, 0.3769, 0.2213, 0.2974, NaN], [0.0792, 0.3996, 0.1497, 0.1463, 0.0035, 0.3173]]","[NaN, 0.8328, 0.5264, 0.4514, 0.4211, 0.2742]"
interaction_classification,4,Standard replay (FIFO),binary_classification,0.5347681323754643,0.3762406015037594,0.6423368205561678,0.44005372995704056,0.24384896356478056,-0.23936492793271175,0.3762406015037594,0.45283208020050125,0.18862976239997806,0.15068173899999238,267.3544921875,416.8232421875,"[[0.6255, NaN, NaN, NaN, NaN, NaN], [0.6237, 0.9254, NaN, NaN, NaN, NaN], [0.6479, 0.9045, 0.8624, NaN, NaN, NaN], [0.5948, 0.6143, 0.6805, 0.4709, NaN, NaN], [0.5718, 0.5622, 0.5442, 0.4261, 0.5002, NaN], [0.5306, 0.4417, 0.4437, 0.3701, 0.4015, 0.4528]]","[NaN, 0.8328, 0.5502, 0.4969, 0.4177, 0.3762]"
interaction_classification,4,Full retrain oracle*,binary_classification,0.5888143698277333,0.35358395989974944,0.6628873080345227,0.671401439651364,0.019005641650821126,0.017701836222121604,0.35358395989974944,0.34115288220551365,0.29142671200006587,0.13074263199996494,1137.3935546875,1268.5576171875,"[[0.6255, NaN, NaN, NaN, NaN, NaN], [0.6721, 0.9398, NaN, NaN, NaN, NaN], [0.743, 0.9384, 0.792, NaN, NaN, NaN], [0.7464, 0.9343, 0.8546, 0.6511, NaN, NaN], [0.7304, 0.914, 0.8469, 0.5942, 0.5904, NaN], [0.769, 0.8985, 0.829, 0.6141, 0.5766, 0.3412]]","[NaN, 0.8328, 0.5657, 0.6303, 0.5616, 0.3536]"
interaction_classification,4,ADAPT-X (proposed),binary_classification,0.528299149061019,0.35177944862155375,0.5926671060524595,0.5580101541819366,0.06416191733080279,-0.049668873591437325,0.35177944862155375,0.34355889724310784,0.12186368719994789,0.18369367700006478,843.2197265625,843.2197265625,"[[0.6331, NaN, NaN, NaN, NaN, NaN], [0.6429, 0.8925, NaN, NaN, NaN, NaN], [0.7055, 0.8873, 0.6997, NaN, NaN, NaN], [0.6247, 0.8214, 0.6571, 0.5191, NaN, NaN], [0.6491, 0.8096, 0.6421, 0.4686, 0.5086, NaN], [0.5878, 0.7804, 0.6512, 0.5234, 0.4617, 0.3436]]","[NaN, 0.7729, 0.4939, 0.5283, 0.4945, 0.3518]"
interaction_classification,4,A: no drift detection,binary_classification,0.5242766541814559,0.284611528822055,0.5788231726492851,0.48918655552695484,0.12594003267092785,-0.11841325857424087,0.284611528822055,0.24671679197994978,0.12446332760000586,0.18230740499984677,904.4267578125,904.4267578125,"[[0.6331, NaN, NaN, NaN, NaN, NaN], [0.6241, 0.9045, NaN, NaN, NaN, NaN], [0.6635, 0.8801, 0.7243, NaN, NaN, NaN], [0.6707, 0.8354, 0.6754, 0.5394, NaN, NaN], [0.6471, 0.8001, 0.6613, 0.4912, 0.4791, NaN], [0.5972, 0.7052, 0.5077, 0.469, 0.4093, 0.2467]]","[NaN, 0.7729, 0.5346, 0.5107, 0.5186, 0.2846]"
interaction_classification,4,B: no replay (K=0),binary_classification,0.5313265093056697,0.3461654135338348,0.6199669019580878,0.5298854923460082,0.11952335166193948,-0.11071826370017952,0.3461654135338348,0.33734335839599017,0.10197390920002362,0.2509973040000659,777.9931640625,777.9931640625,"[[0.6331, NaN, NaN, NaN, NaN, NaN], [0.6453, 0.9168, NaN, NaN, NaN, NaN], [0.6257, 0.8469, 0.8382, NaN, NaN, NaN], [0.5652, 0.686, 0.6507, 0.5209, NaN, NaN], [0.6064, 0.7586, 0.6603, 0.5528, 0.4865, NaN], [0.5514, 0.6771, 0.6443, 0.5314, 0.4377, 0.3373]]","[NaN, 0.7729, 0.5566, 0.5429, 0.4381, 0.3462]"
interaction_classification,4,C: no adaptive scaling,binary_classification,0.5242766541814559,0.284611528822055,0.5788231726492851,0.48918655552695484,0.12594003267092785,-0.11841325857424087,0.284611528822055,0.24671679197994978,0.13343447540000852,0.23053045899996505,904.4267578125,904.4267578125,"[[0.6331, NaN, NaN, NaN, NaN, NaN], [0.6241, 0.9045, NaN, NaN, NaN, NaN], [0.6635, 0.8801, 0.7243, NaN, NaN, NaN], [0.6707, 0.8354, 0.6754, 0.5394, NaN, NaN], [0.6471, 0.8001, 0.6613, 0.4912, 0.4791, NaN], [0.5972, 0.7052, 0.5077, 0.469, 0.4093, 0.2467]]","[NaN, 0.7729, 0.5346, 0.5107, 0.5186, 0.2846]"
interaction_classification,4,D: no stable persistent state,binary_classification,0.5246560856633944,0.3710339305374837,0.5841353300208153,0.43995902776805673,0.19448897072577115,-0.18279844925644873,0.4229573934837094,0.36481203007518803,0.24984256600000662,0.25163531900034286,341.28515625,475.578125,"[[0.6331, NaN, NaN, NaN, NaN, NaN], [0.6255, 0.9243, NaN, NaN, NaN, NaN], [0.6915, 0.8976, 0.7541, NaN, NaN, NaN], [0.5898, 0.8171, 0.6773, 0.446, NaN, NaN], [0.5944, 0.5771, 0.5538, 0.4031, 0.4315, NaN], [0.5956, 0.4334, 0.4725, 0.3906, 0.3828, 0.3648]]","[NaN, 0.7729, 0.5246, 0.5318, 0.371, 0.423]"
interaction_classification,4,E: random replay,binary_classification,0.5454732939286396,0.37363408521303243,0.6108355231684935,0.5040481769235802,0.14836586019459816,-0.13259166341749878,0.37363408521303243,0.3666165413533833,0.15927164740005537,0.21922878000032142,965.7080078125,965.7080078125,"[[0.6331, NaN, NaN, NaN, NaN, NaN], [0.6593, 0.9094, NaN, NaN, NaN, NaN], [0.7119, 0.8893, 0.7719, NaN, NaN, NaN], [0.6761, 0.8047, 0.7275, 0.4971, NaN, NaN], [0.6867, 0.7993, 0.6997, 0.4901, 0.5092, NaN], [0.5788, 0.6829, 0.653, 0.3881, 0.3548, 0.3666]]","[NaN, 0.7729, 0.557, 0.5417, 0.4821, 0.3736]"
mixed_classification,0,Static,binary_classification,0.6173799565972711,0.41174117411741173,0.6173799565972711,0.6386790500730167,0.0,0.0,0.41174117411741173,0.41174117411741173,0.003352814400113857,0.14187148099972546,231.3720703125,231.3720703125,"[[0.7452, NaN, NaN, NaN, NaN, NaN], [0.7452, 0.6339, NaN, NaN, NaN, NaN], [0.7452, 0.6339, 0.6942, NaN, NaN, NaN], [0.7452, 0.6339, 0.6942, 0.7073, NaN, NaN], [0.7452, 0.6339, 0.6942, 0.7073, 0.6397, NaN], [0.7452, 0.6339, 0.6942, 0.7073, 0.6397, 0.4117]]","[NaN, 0.6339, 0.6942, 0.7073, 0.6397, 0.4117]"
mixed_classification,0,Naive incremental,binary_classification,0.5872730182880337,0.47174717471747196,0.6801869863640138,0.3463975264499754,0.41354485811439223,-0.41354485811439223,0.47174717471747196,0.45654565456545626,0.13161386479987414,0.12412857300023461,170.5986328125,231.3720703125,"[[0.7452, NaN, NaN, NaN, NaN, NaN], [0.6776, 0.8731, NaN, NaN, NaN, NaN], [0.6078, 0.6463, 0.8362, NaN, NaN, NaN], [0.6756, 0.4236, 0.6171, 0.6973, NaN, NaN], [0.589, 0.6045, 0.5312, 0.5524, 0.5378, NaN], [0.3723, 0.424, 0.0689, 0.45, 0.3066, 0.4565]]","[NaN, 0.6339, 0.5522, 0.6084, 0.6701, 0.4717]"
mixed_classification,0,Standard replay (FIFO),binary_classification,0.5769548642256398,0.40694069406940714,0.7007427353966988,0.4895252729480264,0.2667468350964083,-0.26234731134941625,0.40694069406940714,0.501750175017502,0.16308586579989423,0.22568883099984305,228.2236328125,471.7861328125,"[[0.7452, NaN, NaN, NaN, NaN, NaN], [0.7328, 0.8827, NaN, NaN, NaN, NaN], [0.6568, 0.8261, 0.7984, NaN, NaN, NaN], [0.7504, 0.5409, 0.8152, 0.7308, NaN, NaN], [0.6906, 0.6, 0.5182, 0.6527, 0.59, NaN], [0.5306, 0.4844, 0.3987, 0.5612, 0.4605, 0.5018]]","[NaN, 0.6339, 0.5763, 0.5992, 0.6685, 0.4069]"
mixed_classification,0,Full retrain oracle*,binary_classification,0.6009056464640866,0.41414141414141437,0.7249437162805272,0.7195505085683541,0.018545244212323776,-0.010518009488851376,0.41414141414141437,0.5029502950295031,0.22192836760013962,0.14540823300012562,1053.6455078125,1053.6455078125,"[[0.7452, NaN, NaN, NaN, NaN, NaN], [0.7134, 0.881, NaN, NaN, NaN, NaN], [0.7514, 0.8927, 0.8519, NaN, NaN, NaN], [0.7736, 0.8746, 0.7942, 0.7326, NaN, NaN], [0.7666, 0.8665, 0.8084, 0.7176, 0.6563, NaN], [0.7916, 0.8825, 0.7904, 0.736, 0.6139, 0.503]]","[NaN, 0.6339, 0.574, 0.7252, 0.6573, 0.4141]"
mixed_classification,0,ADAPT-X (proposed),binary_classification,0.6128755020757956,0.44954495449544996,0.6897607768607557,0.5881147841568971,0.1417917893066342,-0.13009764333322518,0.44954495449544996,0.5261526152615261,0.14618813219994992,0.11748960899967642,721.20703125,721.20703125,"[[0.7304, NaN, NaN, NaN, NaN, NaN], [0.744, 0.8325, NaN, NaN, NaN, NaN], [0.7082, 0.8581, 0.8183, NaN, NaN, NaN], [0.7016, 0.8022, 0.7675, 0.662, NaN, NaN], [0.6798, 0.7843, 0.7412, 0.6813, 0.6098, NaN], [0.6064, 0.735, 0.5385, 0.6532, 0.4695, 0.5262]]","[NaN, 0.6723, 0.6392, 0.665, 0.6383, 0.4495]"
mixed_classification,0,A: no drift detection,binary_classification,0.6135140108835497,0.4383438343834385,0.6943322331540693,0.5954692171164361,0.12885460275736044,-0.12584378007509214,0.4383438343834385,0.4845484548454846,0.18881536839990076,0.15260781000006318,864.01953125,864.01953125,"[[0.7304, NaN, NaN, NaN, NaN, NaN], [0.7382, 0.8227, NaN, NaN, NaN, NaN], [0.713, 0.827, 0.8339, NaN, NaN, NaN], [0.701, 0.83, 0.8087, 0.725, NaN, NaN], [0.6286, 0.7916, 0.7786, 0.6674, 0.6054, NaN], [0.602, 0.6619, 0.6606, 0.6186, 0.5452, 0.4845]]","[NaN, 0.6723, 0.6324, 0.6821, 0.6425, 0.4383]"
mixed_classification,0,B: no replay (K=0),binary_classification,0.5948539070692705,0.4139413941394141,0.6477350341577498,0.41588717218412913,0.2947450349975409,-0.2947450349975409,0.4139413941394141,0.4661466146614661,0.09426843760002157,0.11833568800011562,608.4921875,608.4921875,"[[0.7304, NaN, NaN, NaN, NaN, NaN], [0.7178, 0.8349, NaN, NaN, NaN, NaN], [0.6678, 0.7781, 0.7179, NaN, NaN, NaN], [0.6938, 0.7461, 0.6927, 0.654, NaN, NaN], [0.634, 0.6585, 0.6018, 0.6114, 0.5658, NaN], [0.4823, 0.2941, 0.4579, 0.4522, 0.3426, 0.4661]]","[NaN, 0.6723, 0.6255, 0.6188, 0.6437, 0.4139]"
mixed_classification,0,C: no adaptive scaling,binary_classification,0.6099536548479462,0.42054205420542057,0.7147420571411722,0.6654635976009032,0.06669157107304521,-0.06226034748083444,0.42054205420542057,0.5379537953795379,0.12316736620014127,0.12476824300028966,774.7646484375,774.7646484375,"[[0.7304, NaN, NaN, NaN, NaN, NaN], [0.7382, 0.8227, NaN, NaN, NaN, NaN], [0.713, 0.827, 0.8339, NaN, NaN, NaN], [0.701, 0.83, 0.8087, 0.725, NaN, NaN], [0.722, 0.8347, 0.8141, 0.7274, 0.6541, NaN], [0.6686, 0.7709, 0.7202, 0.7184, 0.5768, 0.538]]","[NaN, 0.6723, 0.6324, 0.6821, 0.6425, 0.4205]"
mixed_classification,0,D: no stable persistent state,binary_classification,0.6143352411905427,0.42554255425542564,0.7023159864442746,0.5573271476698956,0.18434747066818807,-0.17959801670114608,0.42554255425542564,0.5411541154115409,0.17555008120007187,0.12314835100005439,338.650390625,369.322265625,"[[0.7304, NaN, NaN, NaN, NaN, NaN], [0.728, 0.8526, NaN, NaN, NaN, NaN], [0.6972, 0.8588, 0.7629, NaN, NaN, NaN], [0.6974, 0.718, 0.7805, 0.7363, NaN, NaN], [0.58, 0.4769, 0.514, 0.6901, 0.6187, NaN], [0.6388, 0.338, 0.5614, 0.6716, 0.593, 0.5412]]","[NaN, 0.6723, 0.6182, 0.6837, 0.6719, 0.4255]"
mixed_classification,0,E: random replay,binary_classification,0.6059479391162276,0.4767476747674768,0.6678374027977915,0.5667018901592459,0.1351720217409338,-0.13386974206744257,0.4767476747674768,0.5275527552755275,0.12929366500002287,0.10928437999973539,653.25390625,653.25390625,"[[0.7304, NaN, NaN, NaN, NaN, NaN], [0.7284, 0.8227, NaN, NaN, NaN, NaN], [0.6954, 0.8242, 0.7584, NaN, NaN, NaN], [0.6654, 0.7775, 0.727, 0.6503, NaN, NaN], [0.639, 0.7363, 0.6927, 0.6554, 0.5802, NaN], [0.5732, 0.6017, 0.6041, 0.5879, 0.5058, 0.5276]]","[NaN, 0.6723, 0.5988, 0.6815, 0.6004, 0.4767]"
mixed_classification,1,Static,binary_classification,0.5934732530868831,0.43151515151515163,0.5934732530868831,0.6152996806027056,0.0,0.0,0.43151515151515163,0.43151515151515163,0.003235508400030085,0.1361729209997975,236.4892578125,236.4892578125,"[[0.7244, NaN, NaN, NaN, NaN, NaN], [0.7244, 0.5829, NaN, NaN, NaN, NaN], [0.7244, 0.5829, 0.8049, NaN, NaN, NaN], [0.7244, 0.5829, 0.8049, 0.5614, NaN, NaN], [0.7244, 0.5829, 0.8049, 0.5614, 0.5866, NaN], [0.7244, 0.5829, 0.8049, 0.5614, 0.5866, 0.4315]]","[NaN, 0.5829, 0.8049, 0.5614, 0.5866, 0.4315]"
mixed_classification,1,Naive incremental,binary_classification,0.519597671487792,0.36969696969696986,0.6323831026455492,0.40916848833313874,0.29052864391851,-0.2862672802821463,0.36969696969696986,0.48323232323232324,0.11592589700012468,0.18221104999975068,152.0751953125,236.4892578125,"[[0.7244, NaN, NaN, NaN, NaN, NaN], [0.6108, 0.7647, NaN, NaN, NaN, NaN], [0.6353, 0.385, 0.81, NaN, NaN, NaN], [0.7457, 0.4035, 0.736, 0.5476, NaN, NaN], [0.6282, 0.5811, 0.7804, 0.4907, 0.5564, NaN], [0.4347, 0.3439, 0.5337, 0.3007, 0.3588, 0.4832]]","[NaN, 0.5829, 0.6083, 0.4867, 0.5503, 0.3697]"
mixed_classification,1,Standard replay (FIFO),binary_classification,0.5764078190555184,0.44202020202020176,0.6331183106567193,0.5604578646181612,0.10707861337466636,-0.10545523675128972,0.44202020202020176,0.4878787878787876,0.20365756119999787,0.2353696340001079,300.9189453125,392.7705078125,"[[0.7244, NaN, NaN, NaN, NaN, NaN], [0.7133, 0.7647, NaN, NaN, NaN, NaN], [0.6893, 0.6724, 0.8386, NaN, NaN, NaN], [0.7325, 0.3593, 0.7467, 0.5158, NaN, NaN], [0.6893, 0.475, 0.7697, 0.4699, 0.5586, NaN], [0.6151, 0.5325, 0.7727, 0.4395, 0.515, 0.4879]]","[NaN, 0.5829, 0.7692, 0.5066, 0.5814, 0.442]"
mixed_classification,1,Full retrain oracle*,binary_classification,0.5944108419701694,0.4591919191919194,0.6691734211177234,0.6736439761752407,0.019406918558939036,-0.005687013343798108,0.4591919191919194,0.47717171717171736,0.23724735380001222,0.20852750400035802,1157.9345703125,1157.9345703125,"[[0.7244, NaN, NaN, NaN, NaN, NaN], [0.6932, 0.761, NaN, NaN, NaN, NaN], [0.7054, 0.7726, 0.8927, NaN, NaN, NaN], [0.7421, 0.7396, 0.9321, 0.5748, NaN, NaN], [0.707, 0.767, 0.9132, 0.5594, 0.6402, NaN], [0.7541, 0.7485, 0.8999, 0.561, 0.6013, 0.4772]]","[NaN, 0.5829, 0.784, 0.5348, 0.6112, 0.4592]"
mixed_classification,1,ADAPT-X (proposed),binary_classification,0.5574793588185495,0.4042424242424243,0.6212209503656331,0.544610368101618,0.12397436044315721,-0.1152534437086267,0.4042424242424243,0.42181818181818165,0.14045861360000345,0.23459488300022713,810.1015625,810.1015625,"[[0.7378, NaN, NaN, NaN, NaN, NaN], [0.7216, 0.7207, NaN, NaN, NaN, NaN], [0.6981, 0.6541, 0.881, NaN, NaN, NaN], [0.7283, 0.6448, 0.8488, 0.54, NaN, NaN], [0.7518, 0.6522, 0.8141, 0.5696, 0.5426, NaN], [0.641, 0.5775, 0.7099, 0.4583, 0.459, 0.4218]]","[NaN, 0.5288, 0.833, 0.534, 0.4874, 0.4042]"
mixed_classification,1,A: no drift detection,binary_classification,0.5674595824428381,0.396969696969697,0.6198363692230856,0.5262837215631783,0.14319550446308177,-0.13586083841220695,0.396969696969697,0.41414141414141437,0.142637296400153,0.1756148710001071,805.54296875,805.54296875,"[[0.7378, NaN, NaN, NaN, NaN, NaN], [0.7319, 0.7157, NaN, NaN, NaN, NaN], [0.6753, 0.6305, 0.8381, NaN, NaN, NaN], [0.6838, 0.5991, 0.8606, 0.5446, NaN, NaN], [0.6826, 0.6614, 0.8529, 0.5588, 0.5866, NaN], [0.5491, 0.5755, 0.7635, 0.4037, 0.4517, 0.4141]]","[NaN, 0.5288, 0.8182, 0.5516, 0.5418, 0.397]"
mixed_classification,1,B: no replay (K=0),binary_classification,0.5790542628579101,0.44626262626262614,0.6306121512099017,0.5474064945803376,0.12128929277843166,-0.12128929277843166,0.44626262626262614,0.4927272727272729,0.11268139820003853,0.19091356099988843,739.99609375,739.99609375,"[[0.7378, NaN, NaN, NaN, NaN, NaN], [0.7159, 0.6996, NaN, NaN, NaN, NaN], [0.6475, 0.5634, 0.8718, NaN, NaN, NaN], [0.6974, 0.5632, 0.834, 0.5182, NaN, NaN], [0.7149, 0.5792, 0.8212, 0.5012, 0.5708, NaN], [0.6729, 0.4616, 0.7303, 0.4143, 0.5126, 0.4927]]","[NaN, 0.5288, 0.8391, 0.5434, 0.5377, 0.4463]"
mixed_classification,1,C: no adaptive scaling,binary_classification,0.5674595824428381,0.396969696969697,0.6198363692230856,0.5262837215631783,0.14319550446308177,-0.13586083841220695,0.396969696969697,0.41414141414141437,0.1517420916001356,0.22606720500016309,805.54296875,805.54296875,"[[0.7378, NaN, NaN, NaN, NaN, NaN], [0.7319, 0.7157, NaN, NaN, NaN, NaN], [0.6753, 0.6305, 0.8381, NaN, NaN, NaN], [0.6838, 0.5991, 0.8606, 0.5446, NaN, NaN], [0.6826, 0.6614, 0.8529, 0.5588, 0.5866, NaN], [0.5491, 0.5755, 0.7635, 0.4037, 0.4517, 0.4141]]","[NaN, 0.5288, 0.8182, 0.5516, 0.5418, 0.397]"
mixed_classification,1,D: no stable persistent state,binary_classification,0.5736813908596348,0.42767676767676766,0.6230081586201822,0.48225074382381417,0.19422609720043646,-0.19187220109654035,0.42767676767676766,0.38141414141414165,0.2184563073999925,0.1522362579999026,358.736328125,466.103515625,"[[0.7378, NaN, NaN, NaN, NaN, NaN], [0.6893, 0.7456, NaN, NaN, NaN, NaN], [0.7054, 0.6904, 0.8703, NaN, NaN, NaN], [0.7112, 0.5527, 0.8453, 0.5358, NaN, NaN], [0.7496, 0.5894, 0.8243, 0.5272, 0.582, NaN], [0.5467, 0.5666, 0.6118, 0.3927, 0.3943, 0.3814]]","[NaN, 0.5288, 0.8447, 0.4941, 0.5731, 0.4277]"
mixed_classification,1,E: random replay,binary_classification,0.5424982057473837,0.3793939393939396,0.5983172018098275,0.521203829358302,0.12175767365800141,-0.12043754164480011,0.3793939393939396,0.4246464646464647,0.10493699700000433,0.22152668199987602,714.98046875,714.98046875,"[[0.7378, NaN, NaN, NaN, NaN, NaN], [0.721, 0.724, NaN, NaN, NaN, NaN], [0.6794, 0.6626, 0.8172, NaN, NaN, NaN], [0.723, 0.6176, 0.7043, 0.4985, NaN, NaN], [0.724, 0.6134, 0.7482, 0.5052, 0.5272, NaN], [0.6153, 0.567, 0.6236, 0.4237, 0.473, 0.4246]]","[NaN, 0.5288, 0.808, 0.525, 0.4714, 0.3794]"
mixed_classification,2,Static,binary_classification,0.4944213786319976,0.281521289789169,0.4944213786319976,0.5291376748340241,0.0,0.0,0.281521289789169,0.281521289789169,0.0032829184000547685,0.11639152099996863,116.5283203125,116.5283203125,"[[0.7027, NaN, NaN, NaN, NaN, NaN], [0.7027, 0.4266, NaN, NaN, NaN, NaN], [0.7027, 0.4266, 0.5975, NaN, NaN, NaN], [0.7027, 0.4266, 0.5975, 0.6271, NaN, NaN], [0.7027, 0.4266, 0.5975, 0.6271, 0.5395, NaN], [0.7027, 0.4266, 0.5975, 0.6271, 0.5395, 0.2815]]","[NaN, 0.4266, 0.5975, 0.6271, 0.5395, 0.2815]"
mixed_classification,2,Naive incremental,binary_classification,0.44539668572507785,0.24369574204216615,0.6003357030351278,0.35477760109689155,0.3218570910983673,-0.31514641288768913,0.24369574204216615,0.4210417527904091,0.12558667759985837,0.07054113499998493,196.5361328125,292.8876953125,"[[0.7027, NaN, NaN, NaN, NaN, NaN], [0.681, 0.838, NaN, NaN, NaN, NaN], [0.7068, 0.4521, 0.7578, NaN, NaN, NaN], [0.6727, 0.2438, 0.5558, 0.6176, NaN, NaN], [0.6853, 0.5082, 0.5357, 0.6471, 0.3673, NaN], [0.4022, 0.3659, 0.3802, 0.2756, 0.2838, 0.421]]","[NaN, 0.4266, 0.5551, 0.5473, 0.4544, 0.2437]"
mixed_classification,2,Standard replay (FIFO),binary_classification,0.47140075859708014,0.2904092600248036,0.5950473333313223,0.5169364462217177,0.12602031503697803,-0.11526742903409204,0.2904092600248036,0.36171971889210397,0.18174713779999366,0.07580535399984001,310.5986328125,473.9189453125,"[[0.7027, NaN, NaN, NaN, NaN, NaN], [0.7088, 0.8347, NaN, NaN, NaN, NaN], [0.6832, 0.8314, 0.7381, NaN, NaN, NaN], [0.6914, 0.3362, 0.7277, 0.6283, NaN, NaN], [0.6745, 0.5076, 0.6443, 0.676, 0.4124, NaN], [0.5844, 0.5659, 0.6008, 0.5602, 0.4286, 0.3617]]","[NaN, 0.4266, 0.6269, 0.5541, 0.459, 0.2904]"
mixed_classification,2,Full retrain oracle*,binary_classification,0.49916701917984563,0.27883422902025634,0.6542165925495477,0.6797450651918888,0.011093479811553264,0.02093365451188789,0.27883422902025634,0.37432823480777166,0.2271393102001639,0.08278465800003687,1100.3642578125,1100.3642578125,"[[0.7027, NaN, NaN, NaN, NaN, NaN], [0.7147, 0.8443, NaN, NaN, NaN, NaN], [0.7591, 0.8325, 0.869, NaN, NaN, NaN], [0.7301, 0.85, 0.9085, 0.6923, NaN, NaN], [0.7342, 0.8611, 0.8769, 0.7398, 0.4911, NaN], [0.7644, 0.8454, 0.8646, 0.6802, 0.5496, 0.3743]]","[NaN, 0.4266, 0.6295, 0.662, 0.4989, 0.2788]"
mixed_classification,2,ADAPT-X (proposed),binary_classification,0.46215261548147735,0.28875568416701114,0.5886597671909582,0.5540759279700409,0.07132727556053116,-0.06037579648405193,0.28875568416701114,0.3615130219098799,0.19615491699987614,0.10862759300016478,930.3515625,930.3515625,"[[0.683, NaN, NaN, NaN, NaN, NaN], [0.7169, 0.786, NaN, NaN, NaN, NaN], [0.7307, 0.7615, 0.7403, NaN, NaN, NaN], [0.6573, 0.6882, 0.6726, 0.6349, NaN, NaN], [0.7261, 0.6814, 0.6745, 0.642, 0.4205, NaN], [0.6731, 0.5751, 0.7173, 0.6028, 0.3947, 0.3615]]","[NaN, 0.3733, 0.5707, 0.6299, 0.4481, 0.2888]"
mixed_classification,2,A: no drift detection,binary_classification,0.4595308944108524,0.27862753203803226,0.578001722805858,0.5318116109108862,0.08305019231019731,-0.07643493256993747,0.27862753203803226,0.3267879288962381,0.1257175207999353,0.12849788500034265,654.84765625,654.84765625,"[[0.683, NaN, NaN, NaN, NaN, NaN], [0.7161, 0.8135, NaN, NaN, NaN, NaN], [0.7131, 0.8015, 0.6793, NaN, NaN, NaN], [0.6802, 0.7947, 0.6555, 0.6412, NaN, NaN], [0.6694, 0.7705, 0.6715, 0.6048, 0.4292, NaN], [0.5733, 0.7179, 0.67, 0.4869, 0.4161, 0.3268]]","[NaN, 0.3733, 0.513, 0.6511, 0.4816, 0.2786]"
mixed_classification,2,B: no replay (K=0),binary_classification,0.47194757648271485,0.28586192641587416,0.5841694530286737,0.42715355661710835,0.21789813602609462,-0.2081923279452865,0.28586192641587416,0.3842496899545267,0.12228818159983348,0.0817452679998496,669.828125,669.828125,"[[0.683, NaN, NaN, NaN, NaN, NaN], [0.693, 0.7653, NaN, NaN, NaN, NaN], [0.6753, 0.6602, 0.7801, NaN, NaN, NaN], [0.6388, 0.6102, 0.6689, 0.5667, NaN, NaN], [0.6006, 0.6674, 0.6745, 0.6053, 0.4245, NaN], [0.5134, 0.5161, 0.4769, 0.3657, 0.3066, 0.3842]]","[NaN, 0.3733, 0.5982, 0.5992, 0.5032, 0.2859]"
mixed_classification,2,C: no adaptive scaling,binary_classification,0.4595308944108524,0.27862753203803226,0.578001722805858,0.5318116109108862,0.08305019231019731,-0.07643493256993747,0.27862753203803226,0.3267879288962381,0.1337879742000041,0.1269058039997617,654.84765625,654.84765625,"[[0.683, NaN, NaN, NaN, NaN, NaN], [0.7161, 0.8135, NaN, NaN, NaN, NaN], [0.7131, 0.8015, 0.6793, NaN, NaN, NaN], [0.6802, 0.7947, 0.6555, 0.6412, NaN, NaN], [0.6694, 0.7705, 0.6715, 0.6048, 0.4292, NaN], [0.5733, 0.7179, 0.67, 0.4869, 0.4161, 0.3268]]","[NaN, 0.3733, 0.513, 0.6511, 0.4816, 0.2786]"
mixed_classification,2,D: no stable persistent state,binary_classification,0.48562528867193466,0.25733774286895383,0.6057144348758016,0.6137887007329156,0.018924487502796516,-0.0057751368534457725,0.25733774286895383,0.34993799090533284,0.16859179000011865,0.10161011500031236,304.876953125,381.048828125,"[[0.683, NaN, NaN, NaN, NaN, NaN], [0.7224, 0.8085, NaN, NaN, NaN, NaN], [0.7488, 0.8026, 0.83, NaN, NaN, NaN], [0.72, 0.539, 0.7987, 0.6471, NaN, NaN], [0.7135, 0.5801, 0.6722, 0.6206, 0.3931, NaN], [0.6873, 0.715, 0.7321, 0.6913, 0.507, 0.3499]]","[NaN, 0.3733, 0.6622, 0.6297, 0.5056, 0.2573]"
mixed_classification,2,E: random replay,binary_classification,0.4862736517850605,0.26519222819346844,0.6102527166054239,0.5495952855502361,0.10427631902222738,-0.08734551680228328,0.26519222819346844,0.3784621744522527,0.1316379416000018,0.1128545070000655,684.328125,684.328125,"[[0.683, NaN, NaN, NaN, NaN, NaN], [0.7279, 0.793, NaN, NaN, NaN, NaN], [0.7137, 0.7936, 0.7318, NaN, NaN, NaN], [0.683, 0.7303, 0.6789, 0.6531, NaN, NaN], [0.6798, 0.7513, 0.7533, 0.6707, 0.4949, NaN], [0.5877, 0.6572, 0.676, 0.5925, 0.4058, 0.3785]]","[NaN, 0.3733, 0.6217, 0.6543, 0.5169, 0.2652]"
mixed_classification,3,Static,binary_classification,0.5784916388353837,0.33960927219354176,0.5784916388353837,0.5948334003281878,0.0,0.0,0.33960927219354176,0.33960927219354176,0.0035870940000677365,0.1131044750000001,162.6142578125,162.6142578125,"[[0.6765, NaN, NaN, NaN, NaN, NaN], [0.6765, 0.7561, NaN, NaN, NaN, NaN], [0.6765, 0.7561, 0.6572, NaN, NaN, NaN], [0.6765, 0.7561, 0.6572, 0.5316, NaN, NaN], [0.6765, 0.7561, 0.6572, 0.5316, 0.608, NaN], [0.6765, 0.7561, 0.6572, 0.5316, 0.608, 0.3396]]","[NaN, 0.7561, 0.6572, 0.5316, 0.608, 0.3396]"
mixed_classification,3,Naive incremental,binary_classification,0.4987009410967021,0.22016398420892802,0.5592611789819293,0.3817703858610313,0.23644515750713327,-0.23644515750713327,0.22016398420892802,0.2930458548436077,0.12670837980003852,0.12472023800000898,121.7158203125,308.6845703125,"[[0.6765, NaN, NaN, NaN, NaN, NaN], [0.6351, 0.8091, NaN, NaN, NaN, NaN], [0.6073, 0.6209, 0.7522, NaN, NaN, NaN], [0.6082, 0.6739, 0.5682, 0.4528, NaN, NaN], [0.5883, 0.639, 0.5617, 0.4046, 0.4892, NaN], [0.3239, 0.695, 0.4167, 0.2116, 0.3504, 0.293]]","[NaN, 0.7561, 0.5408, 0.4794, 0.4971, 0.2202]"
mixed_classification,3,Standard replay (FIFO),binary_classification,0.538124786900033,0.2898066605931773,0.5838216082445917,0.4900896351522009,0.15835594820447324,-0.13102248762039231,0.2898066605931773,0.3460876606944021,0.1441094045999307,0.09881229600023289,209.3408203125,348.9814453125,"[[0.6765, NaN, NaN, NaN, NaN, NaN], [0.6648, 0.8352, NaN, NaN, NaN, NaN], [0.6138, 0.8316, 0.6511, NaN, NaN, NaN], [0.6575, 0.6976, 0.7877, 0.5178, NaN, NaN], [0.6433, 0.7748, 0.6461, 0.4286, 0.5689, NaN], [0.6128, 0.5724, 0.4984, 0.4194, 0.4914, 0.3461]]","[NaN, 0.7561, 0.6007, 0.4794, 0.5646, 0.2898]"
mixed_classification,3,Full retrain oracle*,binary_classification,0.5751757208025702,0.3191618584877012,0.6084129119066761,0.634649187604659,0.010685152351742878,0.01785767166047312,0.3191618584877012,0.33920437291223804,0.2530865865998749,0.11340959200015277,1033.3720703125,1033.3720703125,"[[0.6765, NaN, NaN, NaN, NaN, NaN], [0.6865, 0.8243, NaN, NaN, NaN, NaN], [0.696, 0.8555, 0.7595, NaN, NaN, NaN], [0.6934, 0.8306, 0.8225, 0.5632, NaN, NaN], [0.696, 0.8829, 0.7797, 0.5648, 0.5559, NaN], [0.7047, 0.8478, 0.7885, 0.5522, 0.5754, 0.3392]]","[NaN, 0.7561, 0.6434, 0.5604, 0.5968, 0.3192]"
mixed_classification,3,ADAPT-X (proposed),binary_classification,0.5417927087088327,0.39042413199716575,0.5898280916039056,0.5683339727111195,0.06461268384218707,-0.04090362305186077,0.39042413199716575,0.418969531329082,0.15036187140003676,0.104197903000113,682.9765625,682.9765625,"[[0.6654, NaN, NaN, NaN, NaN, NaN], [0.6753, 0.8267, NaN, NaN, NaN, NaN], [0.6745, 0.8685, 0.7087, NaN, NaN, NaN], [0.6849, 0.8506, 0.766, 0.4478, NaN, NaN], [0.6591, 0.8462, 0.7435, 0.41, 0.5469, NaN], [0.582, 0.8026, 0.69, 0.4088, 0.5077, 0.419]]","[NaN, 0.7159, 0.6171, 0.404, 0.5815, 0.3904]"
mixed_classification,3,A: no drift detection,binary_classification,0.5408933727236436,0.3902216823565139,0.5581481429478772,0.4739110108596287,0.13641109874749158,-0.1225312286176214,0.3902216823565139,0.38839963559064694,0.1360967091999555,0.0878816059998826,633.765625,633.765625,"[[0.6654, NaN, NaN, NaN, NaN, NaN], [0.6717, 0.8062, NaN, NaN, NaN, NaN], [0.6786, 0.8624, 0.6839, NaN, NaN, NaN], [0.6757, 0.8389, 0.6541, 0.4316, NaN, NaN], [0.6037, 0.819, 0.6152, 0.3198, 0.4806, NaN], [0.4955, 0.7547, 0.4995, 0.3124, 0.3929, 0.3884]]","[NaN, 0.7159, 0.5942, 0.4338, 0.5703, 0.3902]"
mixed_classification,3,B: no replay (K=0),binary_classification,0.5476277131907475,0.32260350237878344,0.5832961798492595,0.5045624188980389,0.11089757587291164,-0.11089757587291164,0.32260350237878344,0.3691669197287173,0.13370228260009753,0.08919417600009183,549.33984375,549.33984375,"[[0.6654, NaN, NaN, NaN, NaN, NaN], [0.6542, 0.819, NaN, NaN, NaN, NaN], [0.6075, 0.7739, 0.7194, NaN, NaN, NaN], [0.597, 0.6735, 0.6457, 0.4522, NaN, NaN], [0.5925, 0.7212, 0.6671, 0.3354, 0.5567, NaN], [0.4874, 0.7492, 0.5656, 0.3392, 0.5168, 0.3692]]","[NaN, 0.7159, 0.6568, 0.4676, 0.5752, 0.3226]"
mixed_classification,3,C: no adaptive scaling,binary_classification,0.5408933727236436,0.3902216823565139,0.5581481429478772,0.4739110108596287,0.13641109874749158,-0.1225312286176214,0.3902216823565139,0.38839963559064694,0.15254944380003507,0.09405946100014262,633.765625,633.765625,"[[0.6654, NaN, NaN, NaN, NaN, NaN], [0.6717, 0.8062, NaN, NaN, NaN, NaN], [0.6786, 0.8624, 0.6839, NaN, NaN, NaN], [0.6757, 0.8389, 0.6541, 0.4316, NaN, NaN], [0.6037, 0.819, 0.6152, 0.3198, 0.4806, NaN], [0.4955, 0.7547, 0.4995, 0.3124, 0.3929, 0.3884]]","[NaN, 0.7159, 0.5942, 0.4338, 0.5703, 0.3902]"
mixed_classification,3,D: no stable persistent state,binary_classification,0.5494896835826409,0.34507541249114304,0.5731499263101927,0.536379302258209,0.06740060775618609,-0.06257106230164067,0.34507541249114304,0.36936936936936937,0.18951950020009461,0.11969788499982315,299.837890625,441.908203125,"[[0.6654, NaN, NaN, NaN, NaN, NaN], [0.6356, 0.8222, NaN, NaN, NaN, NaN], [0.6579, 0.8336, 0.719, NaN, NaN, NaN], [0.6372, 0.8464, 0.6686, 0.493, NaN, NaN], [0.6262, 0.625, 0.5595, 0.4584, 0.4621, NaN], [0.5227, 0.6853, 0.6564, 0.4408, 0.5437, 0.3694]]","[NaN, 0.7159, 0.6572, 0.4744, 0.5549, 0.3451]"
mixed_classification,3,E: random replay,binary_classification,0.524780476060352,0.3258426966292136,0.5784656154199462,0.5460912006833731,0.07539808824456644,-0.05623247330119714,0.3258426966292136,0.369571819010021,0.14435407820001273,0.09430445199996029,598.76171875,598.76171875,"[[0.6654, NaN, NaN, NaN, NaN, NaN], [0.6615, 0.8494, NaN, NaN, NaN, NaN], [0.6404, 0.8768, 0.7072, NaN, NaN, NaN], [0.6276, 0.8435, 0.7232, 0.3964, NaN, NaN], [0.6169, 0.8513, 0.6851, 0.4488, 0.5697, NaN], [0.5223, 0.7796, 0.6068, 0.4342, 0.564, 0.3696]]","[NaN, 0.7159, 0.6289, 0.3666, 0.5866, 0.3258]"
mixed_classification,4,Static,binary_classification,0.5747977685134444,0.4096687018316485,0.5747977685134444,0.5982649775975207,0.0,0.0,0.4096687018316485,0.4096687018316485,0.005221937599981174,0.1474739310001496,183.3486328125,183.3486328125,"[[0.7156, NaN, NaN, NaN, NaN, NaN], [0.7156, 0.6966, NaN, NaN, NaN, NaN], [0.7156, 0.6966, 0.648, NaN, NaN, NaN], [0.7156, 0.6966, 0.648, 0.5061, NaN, NaN], [0.7156, 0.6966, 0.648, 0.5061, 0.6136, NaN], [0.7156, 0.6966, 0.648, 0.5061, 0.6136, 0.4097]]","[NaN, 0.6966, 0.648, 0.5061, 0.6136, 0.4097]"
mixed_classification,4,Naive incremental,binary_classification,0.5278880858153329,0.44550095085577013,0.6405609269611185,0.46067107049841,0.2308758469666071,-0.2308758469666071,0.44550095085577013,0.4390951856671004,0.11387523840012363,0.18374268700017637,135.9267578125,302.5830078125,"[[0.7156, NaN, NaN, NaN, NaN, NaN], [0.5605, 0.7979, NaN, NaN, NaN, NaN], [0.6301, 0.54, 0.8249, NaN, NaN, NaN], [0.6708, 0.4188, 0.5831, 0.5506, NaN, NaN], [0.6949, 0.6356, 0.5099, 0.4888, 0.5903, NaN], [0.5673, 0.3744, 0.4958, 0.41, 0.4775, 0.4391]]","[NaN, 0.6966, 0.4624, 0.5221, 0.5128, 0.4455]"
mixed_classification,4,Standard replay (FIFO),binary_classification,0.5591332882837124,0.45030527474727267,0.6093880765860253,0.5341890713518506,0.11757858226815258,-0.11148139556738532,0.45030527474727267,0.34981483335001506,0.17126165059989945,0.11437901299996156,258.0986328125,465.0595703125,"[[0.7156, NaN, NaN, NaN, NaN, NaN], [0.7461, 0.8348, NaN, NaN, NaN, NaN], [0.6158, 0.7764, 0.7632, NaN, NaN, NaN], [0.6941, 0.4825, 0.7385, 0.5508, NaN, NaN], [0.699, 0.5032, 0.5557, 0.5297, 0.5483, NaN], [0.6894, 0.4834, 0.6293, 0.4892, 0.5641, 0.3498]]","[NaN, 0.6966, 0.6539, 0.4648, 0.53, 0.4503]"
mixed_classification,4,Full retrain oracle*,binary_classification,0.5956729791876818,0.46852166950255225,0.6755425792876654,0.6834158322467374,0.010331584710224018,0.001436214804838931,0.46852166950255225,0.48813932539285365,0.2691919554000378,0.12435910300018804,1261.5595703125,1261.5595703125,"[[0.7156, NaN, NaN, NaN, NaN, NaN], [0.734, 0.8399, NaN, NaN, NaN, NaN], [0.7035, 0.8423, 0.8336, NaN, NaN, NaN], [0.7221, 0.8456, 0.8683, 0.587, NaN, NaN], [0.7291, 0.8356, 0.8162, 0.5777, 0.6291, NaN], [0.758, 0.8527, 0.8446, 0.5555, 0.6017, 0.4881]]","[NaN, 0.6966, 0.6622, 0.5461, 0.6049, 0.4685]"
mixed_classification,4,ADAPT-X (proposed),binary_classification,0.5129643112361537,0.4246822139925932,0.5919891872264907,0.5515737420878447,0.0943305226365569,-0.0789907222965247,0.4246822139925932,0.3980582524271845,0.16888343720011106,0.12073785900020084,694.984375,694.984375,"[[0.7445, NaN, NaN, NaN, NaN, NaN], [0.7248, 0.8273, NaN, NaN, NaN, NaN], [0.6538, 0.7953, 0.7358, NaN, NaN, NaN], [0.645, 0.7334, 0.7307, 0.4481, NaN, NaN], [0.7003, 0.733, 0.7728, 0.4877, 0.5507, NaN], [0.6499, 0.6688, 0.7216, 0.3948, 0.4763, 0.3981]]","[NaN, 0.5542, 0.5694, 0.4995, 0.517, 0.4247]"
mixed_classification,4,A: no drift detection,binary_classification,0.5181219542017185,0.413672305074567,0.6069685311832169,0.5477548109516569,0.10490005246013064,-0.09855278361667623,0.413672305074567,0.4024622159943947,0.15540497060019334,0.099979729000097,758.76953125,758.76953125,"[[0.7445, NaN, NaN, NaN, NaN, NaN], [0.7176, 0.8149, NaN, NaN, NaN, NaN], [0.6857, 0.7965, 0.781, NaN, NaN, NaN], [0.6587, 0.722, 0.7499, 0.477, NaN, NaN], [0.744, 0.7774, 0.7339, 0.5087, 0.5595, NaN], [0.6458, 0.7354, 0.6462, 0.4153, 0.4414, 0.4025]]","[NaN, 0.5542, 0.5461, 0.5183, 0.5584, 0.4137]"
mixed_classification,4,B: no replay (K=0),binary_classification,0.4748451835901407,0.35161645480932835,0.5829136968531913,0.49636415460103783,0.1441821982032942,-0.13616673690739348,0.35161645480932835,0.30797717946151537,0.14641842239989272,0.10523207699998238,729.3046875,729.3046875,"[[0.7445, NaN, NaN, NaN, NaN, NaN], [0.6927, 0.8117, NaN, NaN, NaN, NaN], [0.6194, 0.7518, 0.8098, NaN, NaN, NaN], [0.6493, 0.5333, 0.7083, 0.4757, NaN, NaN], [0.7224, 0.5862, 0.6594, 0.5158, 0.5093, NaN], [0.6063, 0.4722, 0.6023, 0.493, 0.4963, 0.308]]","[NaN, 0.5542, 0.5515, 0.4733, 0.4436, 0.3516]"
mixed_classification,4,C: no adaptive scaling,binary_classification,0.5181219542017185,0.413672305074567,0.6069685311832169,0.5477548109516569,0.10490005246013064,-0.09855278361667623,0.413672305074567,0.4024622159943947,0.16565304000014294,0.10636397999996916,758.76953125,758.76953125,"[[0.7445, NaN, NaN, NaN, NaN, NaN], [0.7176, 0.8149, NaN, NaN, NaN, NaN], [0.6857, 0.7965, 0.781, NaN, NaN, NaN], [0.6587, 0.722, 0.7499, 0.477, NaN, NaN], [0.744, 0.7774, 0.7339, 0.5087, 0.5595, NaN], [0.6458, 0.7354, 0.6462, 0.4153, 0.4414, 0.4025]]","[NaN, 0.5542, 0.5461, 0.5183, 0.5584, 0.4137]"
mixed_classification,4,D: no stable persistent state,binary_classification,0.5300813570719216,0.42488239415473905,0.6205390393564952,0.548632421678889,0.11692917631123385,-0.11107015891727601,0.42488239415473905,0.43869482534280846,0.1943636206001429,0.11874919199999567,292.541015625,427.501953125,"[[0.7445, NaN, NaN, NaN, NaN, NaN], [0.6896, 0.8166, NaN, NaN, NaN, NaN], [0.7031, 0.7884, 0.7961, NaN, NaN, NaN], [0.6972, 0.6711, 0.7051, 0.5154, NaN, NaN], [0.6974, 0.5775, 0.6311, 0.5447, 0.5359, NaN], [0.6512, 0.6356, 0.5506, 0.4965, 0.5193, 0.4387]]","[NaN, 0.5542, 0.6302, 0.512, 0.5292, 0.4249]"
mixed_classification,4,E: random replay,binary_classification,0.52774374472306,0.4046641977780001,0.6164204013670037,0.5518080474613652,0.10867428641643997,-0.10314076998881308,0.4046641977780001,0.3746371734561105,0.1499528931999521,0.07663237399992795,790.53515625,790.53515625,"[[0.7445, NaN, NaN, NaN, NaN, NaN], [0.7236, 0.8354, NaN, NaN, NaN, NaN], [0.6919, 0.8253, 0.8062, NaN, NaN, NaN], [0.672, 0.7636, 0.6919, 0.4859, NaN, NaN], [0.7003, 0.7719, 0.7426, 0.5136, 0.58, NaN], [0.654, 0.6451, 0.6791, 0.4501, 0.5079, 0.3746]]","[NaN, 0.5542, 0.6151, 0.5423, 0.5225, 0.4047]"
highdim_regression,0,Static,regression,0.5176441167842976,-0.21702885710188102,0.5176441167842976,0.5845845835719671,0.0,0.0,-0.21702885710188102,-0.21702885710188102,0.0029377001999819187,0.6745951400002923,556.7080078125,556.7080078125,"[[0.9193, NaN, NaN, NaN, NaN, NaN], [0.9193, 0.9296, NaN, NaN, NaN, NaN], [0.9193, 0.9296, 0.3205, NaN, NaN, NaN], [0.9193, 0.9296, 0.3205, 0.7742, NaN, NaN], [0.9193, 0.9296, 0.3205, 0.7742, 0.7811, NaN], [0.9193, 0.9296, 0.3205, 0.7742, 0.7811, -0.217]]","[NaN, 0.9296, 0.3205, 0.7742, 0.7811, -0.217]"
highdim_regression,0,Naive incremental,regression,0.44232419476672247,-0.27066753318772685,0.8225061923523107,0.5488637462311113,0.34818999376039106,-0.3477270803770399,-0.27066753318772685,0.703157348485965,0.614400697399924,0.7321378820001883,279.4462890625,718.2197265625,"[[0.9193, NaN, NaN, NaN, NaN, NaN], [0.9216, 0.9253, NaN, NaN, NaN, NaN], [0.3881, 0.3455, 0.9214, NaN, NaN, NaN], [0.887, 0.8723, 0.5241, 0.8134, NaN, NaN], [0.8682, 0.8799, 0.3373, 0.7522, 0.7493, NaN], [0.5912, 0.4258, 0.5324, 0.591, 0.4496, 0.7032]]","[NaN, 0.9296, 0.3395, 0.4621, 0.7511, -0.2707]"
highdim_regression,0,Standard replay (FIFO),regression,0.5235245213313795,0.049109795488487595,0.8025253069164531,0.724924366413859,0.12108114532869921,-0.11647345072188506,0.049109795488487595,0.6978271608627252,0.7129789130000972,0.6481559690000722,717.7119140625,945.3017578125,"[[0.9193, NaN, NaN, NaN, NaN, NaN], [0.9334, 0.9352, NaN, NaN, NaN, NaN], [0.6212, 0.831, 0.868, NaN, NaN, NaN], [0.8013, 0.7913, 0.7474, 0.7807, NaN, NaN], [0.9102, 0.8749, 0.4142, 0.7896, 0.731, NaN], [0.8834, 0.8867, 0.3891, 0.7502, 0.7424, 0.6978]]","[NaN, 0.9296, 0.3611, 0.6113, 0.6666, 0.0491]"
highdim_regression,0,Full retrain oracle*,regression,0.616683428562293,0.22597729956111945,0.7876236767689027,0.7940845508974702,0.026320006327327294,-0.018579599194001095,0.22597729956111945,0.7071383293220207,0.9683016682000016,0.6394606570001997,3631.3134765625,3631.3134765625,"[[0.9193, NaN, NaN, NaN, NaN, NaN], [0.9402, 0.9452, NaN, NaN, NaN, NaN], [0.8759, 0.9171, 0.7164, NaN, NaN, NaN], [0.8997, 0.9252, 0.6723, 0.8154, NaN, NaN], [0.9166, 0.9425, 0.6162, 0.8332, 0.754, NaN], [0.9164, 0.94, 0.6075, 0.8348, 0.7587, 0.7071]]","[NaN, 0.9296, 0.3843, 0.7961, 0.7475, 0.226]"
highdim_regression,0,ADAPT-X (proposed),regression,0.5368116375368658,0.07008785680786211,0.831730588047073,0.7408896425025228,0.13033488458530668,-0.12514688499194065,0.07008785680786211,0.6892012527042746,0.3175233173999004,0.4359221830000024,1629.9892578125,1629.9892578125,"[[0.9124, NaN, NaN, NaN, NaN, NaN], [0.9384, 0.9447, NaN, NaN, NaN, NaN], [0.6052, 0.8498, 0.9032, NaN, NaN, NaN], [0.8558, 0.8897, 0.609, 0.8669, NaN, NaN], [0.8938, 0.8847, 0.4584, 0.8481, 0.7546, NaN], [0.9095, 0.9239, 0.3842, 0.7873, 0.7513, 0.6892]]","[NaN, 0.9127, 0.3445, 0.6128, 0.744, 0.0701]"
highdim_regression,0,A: no drift detection,regression,0.5448600675880565,0.10840734555374265,0.8282580259269492,0.749850617260242,0.11630770798765433,-0.11092115316255355,0.10840734555374265,0.6967796698039663,0.3287818789999619,0.3441736449999553,1736.7158203125,1736.7158203125,"[[0.9124, NaN, NaN, NaN, NaN, NaN], [0.9394, 0.9435, NaN, NaN, NaN, NaN], [0.6126, 0.8661, 0.8955, NaN, NaN, NaN], [0.8571, 0.8915, 0.6179, 0.8495, NaN, NaN], [0.8945, 0.8973, 0.4882, 0.8371, 0.756, NaN], [0.9044, 0.9185, 0.4388, 0.7875, 0.7531, 0.6968]]","[NaN, 0.9127, 0.3341, 0.6153, 0.7539, 0.1084]"
highdim_regression,0,B: no replay (K=0),regression,0.4945895802332281,-0.03535615197587094,0.8366741963544021,0.7020368032182075,0.18058660398733684,-0.17671390044044788,-0.03535615197587094,0.6868531794139905,0.26395942939989253,0.4289119430000028,1280.2353515625,1280.2353515625,"[[0.9124, NaN, NaN, NaN, NaN, NaN], [0.9318, 0.938, NaN, NaN, NaN, NaN], [0.4955, 0.4994, 0.9317, NaN, NaN, NaN], [0.8607, 0.8791, 0.5607, 0.8724, NaN, NaN], [0.9011, 0.8987, 0.4195, 0.8144, 0.7544, NaN], [0.8208, 0.8836, 0.4349, 0.6829, 0.7032, 0.6869]]","[NaN, 0.9127, 0.3384, 0.4994, 0.7578, -0.0354]"
highdim_regression,0,C: no adaptive scaling,regression,0.5448600675880565,0.10840734555374265,0.8282580259269492,0.749850617260242,0.11630770798765433,-0.11092115316255355,0.10840734555374265,0.6967796698039663,0.31712715679996106,0.3582502569997814,1736.7158203125,1736.7158203125,"[[0.9124, NaN, NaN, NaN, NaN, NaN], [0.9394, 0.9435, NaN, NaN, NaN, NaN], [0.6126, 0.8661, 0.8955, NaN, NaN, NaN], [0.8571, 0.8915, 0.6179, 0.8495, NaN, NaN], [0.8945, 0.8973, 0.4882, 0.8371, 0.756, NaN], [0.9044, 0.9185, 0.4388, 0.7875, 0.7531, 0.6968]]","[NaN, 0.9127, 0.3341, 0.6153, 0.7539, 0.1084]"
highdim_regression,0,D: no stable persistent state,regression,0.5330332981835907,-0.0006847310022375375,0.7999220451897331,0.7324247891537071,0.1065788297408677,-0.10349616615317943,-0.0006847310022375375,0.7049070695298424,0.8527938435999204,0.3690108850000797,1107.775390625,1478.888671875,"[[0.9124, NaN, NaN, NaN, NaN, NaN], [0.9278, 0.9313, NaN, NaN, NaN, NaN], [0.7169, 0.8388, 0.8118, NaN, NaN, NaN], [0.8704, 0.8723, 0.6851, 0.7884, NaN, NaN], [0.9017, 0.8795, 0.453, 0.7788, 0.7632, NaN], [0.8805, 0.8583, 0.4613, 0.7583, 0.7313, 0.7049]]","[NaN, 0.9127, 0.3419, 0.6935, 0.7178, -0.0007]"
highdim_regression,0,E: random replay,regression,0.5369562664205478,0.06496028712023771,0.8339476219835881,0.740666215293941,0.1334029880792948,-0.12763203157875364,0.06496028712023771,0.7016678136594008,0.28128235739995944,0.4746494549999625,1621.3720703125,1621.3720703125,"[[0.9124, NaN, NaN, NaN, NaN, NaN], [0.9413, 0.9501, NaN, NaN, NaN, NaN], [0.6156, 0.8557, 0.9057, NaN, NaN, NaN], [0.8459, 0.9039, 0.622, 0.8759, NaN, NaN], [0.8797, 0.8961, 0.4572, 0.8326, 0.7364, NaN], [0.8984, 0.9283, 0.3918, 0.779, 0.7449, 0.7017]]","[NaN, 0.9127, 0.3505, 0.6144, 0.7422, 0.065]"
highdim_regression,1,Static,regression,0.5512010628035726,0.023137918460501172,0.5512010628035726,0.6127362930106427,0.0,0.0,0.023137918460501172,0.023137918460501172,0.0030179769998539994,0.5179031919997215,462.2158203125,462.2158203125,"[[0.9204, NaN, NaN, NaN, NaN, NaN], [0.9204, 0.9294, NaN, NaN, NaN, NaN], [0.9204, 0.9294, 0.2355, NaN, NaN, NaN], [0.9204, 0.9294, 0.2355, 0.7538, NaN, NaN], [0.9204, 0.9294, 0.2355, 0.7538, 0.8142, NaN], [0.9204, 0.9294, 0.2355, 0.7538, 0.8142, 0.0231]]","[NaN, 0.9294, 0.2355, 0.7538, 0.8142, 0.0231]"
highdim_regression,1,Naive incremental,regression,0.44892024317239354,-0.11805028413972929,0.8091754363508403,0.5406003526466735,0.3445375019840307,-0.3445375019840307,-0.11805028413972929,0.626172843143538,0.7445535670000026,0.47754332799968324,298.5166015625,1009.0322265625,"[[0.9204, NaN, NaN, NaN, NaN, NaN], [0.9193, 0.9325, NaN, NaN, NaN, NaN], [0.4226, 0.321, 0.9027, NaN, NaN, NaN], [0.8776, 0.8686, 0.2956, 0.8142, NaN, NaN], [0.8804, 0.9043, 0.1633, 0.6832, 0.7702, NaN], [0.7401, 0.7208, -0.0235, 0.5862, 0.5938, 0.6262]]","[NaN, 0.9294, 0.2591, 0.4173, 0.7569, -0.1181]"
highdim_regression,1,Standard replay (FIFO),regression,0.46734041822171246,-0.06554857628281585,0.7995833020193323,0.6629848547004616,0.19684312513017502,-0.18808396518797682,-0.06554857628281585,0.6588339916511797,0.8023685624000791,0.6060383099998035,808.7900390625,1106.1884765625,"[[0.9204, NaN, NaN, NaN, NaN, NaN], [0.9334, 0.9401, NaN, NaN, NaN, NaN], [0.5955, 0.8245, 0.8619, NaN, NaN, NaN], [0.7941, 0.7671, 0.6763, 0.7433, NaN, NaN], [0.8978, 0.8834, 0.2742, 0.7741, 0.7938, NaN], [0.907, 0.8957, 0.0615, 0.7128, 0.742, 0.6588]]","[NaN, 0.9294, 0.2471, 0.5457, 0.6801, -0.0655]"
highdim_regression,1,Full retrain oracle*,regression,0.5934871520902959,0.2394575615185578,0.7804832750667018,0.7817818501528722,0.03346420669681651,-0.026427543692453526,0.2394575615185578,0.6880008659782713,0.9174281223999969,0.5769614929999989,3473.8525390625,3473.8525390625,"[[0.9204, NaN, NaN, NaN, NaN, NaN], [0.9416, 0.9484, NaN, NaN, NaN, NaN], [0.8619, 0.9063, 0.6713, NaN, NaN, NaN], [0.8848, 0.9168, 0.6352, 0.7913, NaN, NaN], [0.8969, 0.9394, 0.5332, 0.8053, 0.8033, NaN], [0.9149, 0.9352, 0.5528, 0.8095, 0.7902, 0.688]]","[NaN, 0.9294, 0.2749, 0.751, 0.7727, 0.2395]"
highdim_regression,1,ADAPT-X (proposed),regression,0.5057888792055696,-0.014256742051500515,0.8319602247207897,0.6911806866078605,0.1891623923990952,-0.18487581549666557,-0.014256742051500515,0.6813246341173715,0.3093750333998287,0.7430216390002897,1906.2587890625,1906.2587890625,"[[0.9117, NaN, NaN, NaN, NaN, NaN], [0.9331, 0.9465, NaN, NaN, NaN, NaN], [0.5994, 0.8275, 0.8856, NaN, NaN, NaN], [0.8267, 0.8757, 0.523, 0.8615, NaN, NaN], [0.8638, 0.8723, 0.3772, 0.812, 0.785, NaN], [0.9023, 0.9053, 0.1517, 0.7068, 0.7995, 0.6813]]","[NaN, 0.9214, 0.2465, 0.5869, 0.7884, -0.0143]"
highdim_regression,1,A: no drift detection,regression,0.5134572670821962,0.024696294917085804,0.8283669985400515,0.7196851738020857,0.1514700911102029,-0.14707720468285684,0.024696294917085804,0.6619879913351059,0.31885814500001286,0.6984549759999936,1900.9501953125,1900.9501953125,"[[0.9117, NaN, NaN, NaN, NaN, NaN], [0.9336, 0.9443, NaN, NaN, NaN, NaN], [0.6012, 0.8186, 0.8793, NaN, NaN, NaN], [0.836, 0.8746, 0.5159, 0.8702, NaN, NaN], [0.8696, 0.8746, 0.3772, 0.8222, 0.786, NaN], [0.9129, 0.9074, 0.259, 0.7751, 0.8018, 0.662]]","[NaN, 0.9214, 0.2469, 0.5964, 0.7779, 0.0247]"
highdim_regression,1,B: no replay (K=0),regression,0.4778100125726292,0.0021578608143049127,0.833903502280384,0.6553097390866172,0.2332816629797275,-0.22986423008175164,0.0021578608143049127,0.6565793785230636,0.3350802631998704,0.6466063160000886,1701.9150390625,1701.9150390625,"[[0.9117, NaN, NaN, NaN, NaN, NaN], [0.9287, 0.9447, NaN, NaN, NaN, NaN], [0.5165, 0.4141, 0.911, NaN, NaN, NaN], [0.8519, 0.8592, 0.4164, 0.8665, NaN, NaN], [0.8839, 0.8668, 0.3375, 0.7961, 0.7907, NaN], [0.8669, 0.8661, 0.0859, 0.6788, 0.7775, 0.6566]]","[NaN, 0.9214, 0.186, 0.494, 0.7854, 0.0022]"
highdim_regression,1,C: no adaptive scaling,regression,0.5134572670821962,0.024696294917085804,0.8283669985400515,0.7196851738020857,0.1514700911102029,-0.14707720468285684,0.024696294917085804,0.6619879913351059,0.3141486684001393,0.6522884050000357,1900.9501953125,1900.9501953125,"[[0.9117, NaN, NaN, NaN, NaN, NaN], [0.9336, 0.9443, NaN, NaN, NaN, NaN], [0.6012, 0.8186, 0.8793, NaN, NaN, NaN], [0.836, 0.8746, 0.5159, 0.8702, NaN, NaN], [0.8696, 0.8746, 0.3772, 0.8222, 0.786, NaN], [0.9129, 0.9074, 0.259, 0.7751, 0.8018, 0.662]]","[NaN, 0.9214, 0.2469, 0.5964, 0.7779, 0.0247]"
highdim_regression,1,D: no stable persistent state,regression,0.5048060748782136,-0.049836296916466516,0.7763504332810567,0.6664387181191438,0.1638899524034869,-0.15895638624339242,-0.049836296916466516,0.6269654373232644,0.7557810116000837,0.6298686209997868,1093.806640625,1235.521484375,"[[0.9117, NaN, NaN, NaN, NaN, NaN], [0.9363, 0.9437, NaN, NaN, NaN, NaN], [0.7041, 0.8297, 0.7773, NaN, NaN, NaN], [0.8374, 0.8719, 0.5393, 0.7739, NaN, NaN], [0.8889, 0.9096, 0.2871, 0.7621, 0.7599, NaN], [0.8831, 0.877, 0.1593, 0.7013, 0.7509, 0.627]]","[NaN, 0.9214, 0.2677, 0.6546, 0.7301, -0.0498]"
highdim_regression,1,E: random replay,regression,0.5142947010324816,0.01159982327462683,0.8339280678084678,0.707607361999605,0.17263588883074132,-0.16713164811425013,0.01159982327462683,0.676585419496986,0.32502734700001384,0.7606246780001129,1951.8330078125,1951.8330078125,"[[0.9117, NaN, NaN, NaN, NaN, NaN], [0.9392, 0.9487, NaN, NaN, NaN, NaN], [0.6327, 0.8289, 0.8859, NaN, NaN, NaN], [0.8503, 0.8687, 0.5091, 0.8595, NaN, NaN], [0.8729, 0.8939, 0.3791, 0.7977, 0.799, NaN], [0.9244, 0.9178, 0.1801, 0.7407, 0.8061, 0.6766]]","[NaN, 0.9214, 0.2473, 0.597, 0.7942, 0.0116]"
highdim_regression,2,Static,regression,0.579290012266956,0.05527236700732341,0.579290012266956,0.6361838191104591,0.0,0.0,0.05527236700732341,0.05527236700732341,0.002816568400066899,0.544738210000105,470.7158203125,470.7158203125,"[[0.9207, NaN, NaN, NaN, NaN, NaN], [0.9207, 0.9301, NaN, NaN, NaN, NaN], [0.9207, 0.9301, 0.3787, NaN, NaN, NaN], [0.9207, 0.9301, 0.3787, 0.7573, NaN, NaN], [0.9207, 0.9301, 0.3787, 0.7573, 0.7751, NaN], [0.9207, 0.9301, 0.3787, 0.7573, 0.7751, 0.0553]]","[NaN, 0.9301, 0.3787, 0.7573, 0.7751, 0.0553]"
highdim_regression,2,Naive incremental,regression,0.461848538648762,-0.040973589046600756,0.8228524526586829,0.6057230950548171,0.28011530925849765,-0.28011530925849765,-0.040973589046600756,0.6991719258448954,0.6883690182000464,0.6123065179999685,342.9306640625,1006.8447265625,"[[0.9207, NaN, NaN, NaN, NaN, NaN], [0.8948, 0.921, NaN, NaN, NaN, NaN], [0.3383, 0.2479, 0.917, NaN, NaN, NaN], [0.847, 0.8474, 0.5157, 0.8284, NaN, NaN], [0.8747, 0.8512, 0.3116, 0.7286, 0.7487, NaN], [0.7027, 0.6768, 0.5137, 0.5521, 0.4899, 0.6992]]","[NaN, 0.9301, 0.3076, 0.3974, 0.7151, -0.041]"
highdim_regression,2,Standard replay (FIFO),regression,0.517542649730698,0.1133601949071742,0.812648089702693,0.724697855585943,0.13970091212424468,-0.12714123366515628,0.1133601949071742,0.7266920952572911,0.6858871374000046,0.5935010060002242,609.2353515625,917.2041015625,"[[0.9207, NaN, NaN, NaN, NaN, NaN], [0.922, 0.9426, NaN, NaN, NaN, NaN], [0.5275, 0.8082, 0.8894, NaN, NaN, NaN], [0.7497, 0.7593, 0.7637, 0.7402, NaN, NaN], [0.9008, 0.9035, 0.4923, 0.8017, 0.7643, NaN], [0.9045, 0.8817, 0.3521, 0.7345, 0.7487, 0.7267]]","[NaN, 0.9301, 0.3582, 0.5594, 0.6266, 0.1134]"
highdim_regression,2,Full retrain oracle*,regression,0.6395964751736216,0.38268617103480806,0.7989306057668105,0.7981484733354375,0.03135099442141483,-0.02528300842988045,0.39550940041488003,0.721068110634605,0.9109662603999823,0.6634351619995869,3466.8681640625,3466.8681640625,"[[0.9207, NaN, NaN, NaN, NaN, NaN], [0.9326, 0.9474, NaN, NaN, NaN, NaN], [0.839, 0.9142, 0.7607, NaN, NaN, NaN], [0.8812, 0.9211, 0.7124, 0.8029, NaN, NaN], [0.9056, 0.929, 0.6581, 0.8213, 0.7625, NaN], [0.9036, 0.936, 0.6565, 0.8271, 0.7446, 0.7211]]","[NaN, 0.9301, 0.3827, 0.7747, 0.7149, 0.3955]"
highdim_regression,2,ADAPT-X (proposed),regression,0.5816400643768439,0.3295410758104331,0.8349087273296654,0.7444023581868856,0.12856123039277403,-0.12289188397133537,0.3295410758104331,0.7320411790682539,0.3405524224000146,0.6989086929997939,1900.4150390625,1900.4150390625,"[[0.9063, NaN, NaN, NaN, NaN, NaN], [0.9347, 0.951, NaN, NaN, NaN, NaN], [0.5983, 0.8274, 0.9142, NaN, NaN, NaN], [0.8227, 0.8625, 0.6303, 0.8687, NaN, NaN], [0.8428, 0.8991, 0.5431, 0.8259, 0.7086, NaN], [0.8706, 0.8964, 0.4726, 0.7603, 0.7346, 0.732]]","[NaN, 0.9205, 0.3957, 0.5792, 0.6833, 0.3295]"
highdim_regression,2,A: no drift detection,regression,0.5716419461749046,0.2794965779790628,0.8321329112227195,0.7482583641455011,0.12179824852379764,-0.11548886071405114,0.2794965779790628,0.7447657660066811,0.35318027580005945,0.6440287800000988,1970.3056640625,1970.3056640625,"[[0.9063, NaN, NaN, NaN, NaN, NaN], [0.9379, 0.9481, NaN, NaN, NaN, NaN], [0.6223, 0.8306, 0.9001, NaN, NaN, NaN], [0.8016, 0.863, 0.625, 0.8456, NaN, NaN], [0.8751, 0.8956, 0.5393, 0.8082, 0.722, NaN], [0.8865, 0.8857, 0.4819, 0.7691, 0.7216, 0.7448]]","[NaN, 0.9205, 0.3919, 0.5877, 0.6786, 0.2795]"
highdim_regression,2,B: no replay (K=0),regression,0.5549099827001811,0.3468606275906929,0.8361967489277651,0.6668590671334408,0.22207673091811805,-0.21723185483356885,0.3468606275906929,0.7313062720534103,0.2724063402000866,0.5756536300000334,1568.0556640625,1568.0556640625,"[[0.9063, NaN, NaN, NaN, NaN, NaN], [0.9306, 0.9466, NaN, NaN, NaN, NaN], [0.4547, 0.3668, 0.9384, NaN, NaN, NaN], [0.8144, 0.8348, 0.5624, 0.8697, NaN, NaN], [0.8649, 0.8046, 0.4791, 0.8036, 0.695, NaN], [0.7988, 0.8499, 0.2865, 0.6947, 0.64, 0.7313]]","[NaN, 0.9205, 0.3481, 0.4816, 0.6775, 0.3469]"
highdim_regression,2,C: no adaptive scaling,regression,0.5716419461749046,0.2794965779790628,0.8321329112227195,0.7482583641455011,0.12179824852379764,-0.11548886071405114,0.2794965779790628,0.7447657660066811,0.34217323459997717,0.6194025180002427,1970.3056640625,1970.3056640625,"[[0.9063, NaN, NaN, NaN, NaN, NaN], [0.9379, 0.9481, NaN, NaN, NaN, NaN], [0.6223, 0.8306, 0.9001, NaN, NaN, NaN], [0.8016, 0.863, 0.625, 0.8456, NaN, NaN], [0.8751, 0.8956, 0.5393, 0.8082, 0.722, NaN], [0.8865, 0.8857, 0.4819, 0.7691, 0.7216, 0.7448]]","[NaN, 0.9205, 0.3919, 0.5877, 0.6786, 0.2795]"
highdim_regression,2,D: no stable persistent state,regression,0.5719737971268906,0.22567862146163853,0.8105509998374878,0.7111080549057468,0.1430951165445513,-0.13848732041652423,0.22567862146163853,0.708909763365648,0.8612417721999919,0.6331385969997427,1013.236328125,1422.763671875,"[[0.9063, NaN, NaN, NaN, NaN, NaN], [0.9259, 0.9454, NaN, NaN, NaN, NaN], [0.6782, 0.802, 0.8592, NaN, NaN, NaN], [0.801, 0.8575, 0.6759, 0.7743, NaN, NaN], [0.8867, 0.8833, 0.5432, 0.7778, 0.765, NaN], [0.8395, 0.865, 0.4678, 0.6964, 0.689, 0.7089]]","[NaN, 0.9205, 0.3991, 0.6369, 0.6777, 0.2257]"
highdim_regression,2,E: random replay,regression,0.5952077571650142,0.3465693320102724,0.8286338778973071,0.7498346703566279,0.1160933978925928,-0.11009825993528641,0.3465693320102724,0.769369824004706,0.34633910239990656,0.6967938509997111,1973.9306640625,1973.9306640625,"[[0.9063, NaN, NaN, NaN, NaN, NaN], [0.9363, 0.9464, NaN, NaN, NaN, NaN], [0.6145, 0.8336, 0.8985, NaN, NaN, NaN], [0.8239, 0.8491, 0.646, 0.8235, NaN, NaN], [0.8481, 0.8476, 0.5401, 0.7772, 0.7053, NaN], [0.8694, 0.8883, 0.4871, 0.7547, 0.7302, 0.7694]]","[NaN, 0.9205, 0.3757, 0.627, 0.7063, 0.3466]"
highdim_regression,3,Static,regression,0.5334032294082359,-0.12122617592365814,0.5334032294082359,0.5974218910213626,0.0,0.0,-0.12122617592365814,-0.12122617592365814,0.0036886586000036913,0.8177442510000219,707.6416015625,707.6416015625,"[[0.9175, NaN, NaN, NaN, NaN, NaN], [0.9175, 0.8891, NaN, NaN, NaN, NaN], [0.9175, 0.8891, 0.3623, NaN, NaN, NaN], [0.9175, 0.8891, 0.3623, 0.7479, NaN, NaN], [0.9175, 0.8891, 0.3623, 0.7479, 0.789, NaN], [0.9175, 0.8891, 0.3623, 0.7479, 0.789, -0.1212]]","[NaN, 0.8891, 0.3623, 0.7479, 0.789, -0.1212]"
highdim_regression,3,Naive incremental,regression,0.47846550389179787,-0.05353151091986108,0.8133877690340725,0.5859443651211875,0.29763236153692335,-0.2937575707060465,-0.05353151091986108,0.6642744592476513,0.6061677012000473,1.2072114420002436,211.8212890625,707.6416015625,"[[0.9175, NaN, NaN, NaN, NaN, NaN], [0.9369, 0.9116, NaN, NaN, NaN, NaN], [0.2867, 0.3514, 0.9228, NaN, NaN, NaN], [0.8879, 0.834, 0.4692, 0.7908, NaN, NaN], [0.8858, 0.8583, 0.3201, 0.714, 0.7775, NaN], [0.6203, 0.6137, 0.4621, 0.5488, 0.6065, 0.6643]]","[NaN, 0.8891, 0.366, 0.4481, 0.7426, -0.0535]"
highdim_regression,3,Standard replay (FIFO),regression,0.5227713783588998,0.10751777880073798,0.8060568338894247,0.6950016238076868,0.16016910675246898,-0.15555792513759942,0.10751777880073798,0.6839019614432993,0.711098750399924,0.9103595530000348,619.7119140625,1029.3603515625,"[[0.9175, NaN, NaN, NaN, NaN, NaN], [0.9406, 0.9233, NaN, NaN, NaN, NaN], [0.557, 0.7865, 0.8689, NaN, NaN, NaN], [0.7696, 0.7233, 0.7336, 0.7708, NaN, NaN], [0.9138, 0.8759, 0.451, 0.7657, 0.7834, NaN], [0.8708, 0.8685, 0.3098, 0.6852, 0.7518, 0.6839]]","[NaN, 0.8891, 0.3531, 0.5543, 0.7098, 0.1075]"
highdim_regression,3,Full retrain oracle*,regression,0.6110119101097033,0.26176237737414665,0.7944192067487512,0.7939829905565841,0.03187706916071058,-0.02514265789824919,0.26176237737414665,0.6995782939332473,0.8643666169999051,0.7290286590000505,3575.2822265625,3575.2822265625,"[[0.9175, NaN, NaN, NaN, NaN, NaN], [0.9512, 0.9306, NaN, NaN, NaN, NaN], [0.8529, 0.8889, 0.725, NaN, NaN, NaN], [0.8957, 0.9239, 0.6653, 0.812, NaN, NaN], [0.9099, 0.924, 0.6203, 0.7996, 0.805, NaN], [0.9181, 0.9241, 0.619, 0.7973, 0.8059, 0.6996]]","[NaN, 0.8891, 0.3656, 0.7582, 0.7804, 0.2618]"
highdim_regression,3,ADAPT-X (proposed),regression,0.5804549736618809,0.2692392273932259,0.8177711960564125,0.70976152974035,0.15404600460462675,-0.15072438961274942,0.2692392273932259,0.676766969360457,0.3223868903998664,0.6560675699997773,1913.8681640625,1913.8681640625,"[[0.9233, NaN, NaN, NaN, NaN, NaN], [0.9399, 0.9176, NaN, NaN, NaN, NaN], [0.596, 0.8113, 0.8815, NaN, NaN, NaN], [0.8401, 0.8234, 0.5992, 0.854, NaN, NaN], [0.864, 0.8438, 0.4361, 0.8047, 0.7589, NaN], [0.8284, 0.8547, 0.4155, 0.7335, 0.7497, 0.6768]]","[NaN, 0.8924, 0.3716, 0.629, 0.74, 0.2692]"
highdim_regression,3,A: no drift detection,regression,0.5539864342756566,0.1264141259610545,0.8167209133847733,0.7323069431236542,0.1258934130925306,-0.12261961088114504,0.1264141259610545,0.6628357120732925,0.3413595818000431,0.6740113880000536,1913.8525390625,1913.8525390625,"[[0.9233, NaN, NaN, NaN, NaN, NaN], [0.9397, 0.9246, NaN, NaN, NaN, NaN], [0.6042, 0.8232, 0.8831, NaN, NaN, NaN], [0.8496, 0.8245, 0.6193, 0.8682, NaN, NaN], [0.8691, 0.857, 0.461, 0.8241, 0.7448, NaN], [0.8803, 0.8799, 0.4253, 0.7781, 0.7673, 0.6628]]","[NaN, 0.8924, 0.3747, 0.636, 0.7403, 0.1264]"
highdim_regression,3,B: no replay (K=0),regression,0.5055222161288295,0.05365457986995037,0.8205157672541727,0.671561949239959,0.20151594219031957,-0.19930845741097863,0.05365457986995037,0.6433925500340985,0.31350383000008153,0.6993444540003111,1655.0908203125,1655.0908203125,"[[0.9233, NaN, NaN, NaN, NaN, NaN], [0.9344, 0.9099, NaN, NaN, NaN, NaN], [0.4367, 0.4702, 0.9341, NaN, NaN, NaN], [0.8462, 0.8047, 0.5756, 0.8639, NaN, NaN], [0.8523, 0.8688, 0.4325, 0.7683, 0.7513, NaN], [0.8036, 0.8467, 0.3405, 0.6731, 0.7221, 0.6434]]","[NaN, 0.8924, 0.3587, 0.5077, 0.7151, 0.0537]"
highdim_regression,3,C: no adaptive scaling,regression,0.5539864342756566,0.1264141259610545,0.8167209133847733,0.7323069431236542,0.1258934130925306,-0.12261961088114504,0.1264141259610545,0.6628357120732925,0.3133255900001132,0.7007840719998057,1913.8525390625,1913.8525390625,"[[0.9233, NaN, NaN, NaN, NaN, NaN], [0.9397, 0.9246, NaN, NaN, NaN, NaN], [0.6042, 0.8232, 0.8831, NaN, NaN, NaN], [0.8496, 0.8245, 0.6193, 0.8682, NaN, NaN], [0.8691, 0.857, 0.461, 0.8241, 0.7448, NaN], [0.8803, 0.8799, 0.4253, 0.7781, 0.7673, 0.6628]]","[NaN, 0.8924, 0.3747, 0.636, 0.7403, 0.1264]"
highdim_regression,3,D: no stable persistent state,regression,0.4932440383716356,-0.11184754589268042,0.7901882694343733,0.7069060405469679,0.13122933239517054,-0.12656805002276847,-0.11184754589268042,0.6691143794885126,0.8112589622000996,0.7497446339998532,1167.298828125,1206.357421875,"[[0.9233, NaN, NaN, NaN, NaN, NaN], [0.9466, 0.9258, NaN, NaN, NaN, NaN], [0.6576, 0.7835, 0.8207, NaN, NaN, NaN], [0.8422, 0.8243, 0.6554, 0.7576, NaN, NaN], [0.9019, 0.8544, 0.4338, 0.7429, 0.7777, NaN], [0.8552, 0.838, 0.4253, 0.7023, 0.7514, 0.6691]]","[NaN, 0.8924, 0.3306, 0.6348, 0.7202, -0.1118]"
highdim_regression,3,E: random replay,regression,0.5392624281814316,0.0908274074487545,0.8235219711938013,0.7210032199809432,0.14587782506525604,-0.14298513646142613,0.0908274074487545,0.6891717751992064,0.3242767619997721,0.8548299050003152,1873.6455078125,1873.6455078125,"[[0.9233, NaN, NaN, NaN, NaN, NaN], [0.9378, 0.9162, NaN, NaN, NaN, NaN], [0.598, 0.8188, 0.8835, NaN, NaN, NaN], [0.8251, 0.828, 0.6144, 0.8607, NaN, NaN], [0.8822, 0.8515, 0.4395, 0.7908, 0.7681, NaN], [0.8642, 0.864, 0.4095, 0.7459, 0.7532, 0.6892]]","[NaN, 0.8924, 0.3553, 0.6194, 0.7383, 0.0908]"
highdim_regression,4,Static,regression,0.5351024510367072,-0.17961578245907428,0.5351024510367072,0.5974953057725703,0.0,0.0,-0.17961578245907428,-0.17961578245907428,0.003058126799987804,1.2049032939999051,898.1806640625,898.1806640625,"[[0.9095, NaN, NaN, NaN, NaN, NaN], [0.9095, 0.9212, NaN, NaN, NaN, NaN], [0.9095, 0.9212, 0.3675, NaN, NaN, NaN], [0.9095, 0.9212, 0.3675, 0.7843, NaN, NaN], [0.9095, 0.9212, 0.3675, 0.7843, 0.7821, NaN], [0.9095, 0.9212, 0.3675, 0.7843, 0.7821, -0.1796]]","[NaN, 0.9212, 0.3675, 0.7843, 0.7821, -0.1796]"
highdim_regression,4,Naive incremental,regression,0.43600481339670993,-0.1730945807523625,0.814278049041491,0.5107351628451966,0.38328776951763216,-0.38328776951763216,-0.1730945807523625,0.7003397289424966,0.6544439889997193,1.0985824960002901,278.2431640625,999.4072265625,"[[0.9095, NaN, NaN, NaN, NaN, NaN], [0.9029, 0.913, NaN, NaN, NaN, NaN], [0.2834, 0.2652, 0.92, NaN, NaN, NaN], [0.8477, 0.8117, 0.5704, 0.7946, NaN, NaN], [0.8715, 0.9034, 0.3852, 0.7654, 0.7433, NaN], [0.5623, 0.419, 0.3802, 0.5016, 0.501, 0.7003]]","[NaN, 0.9212, 0.3665, 0.3427, 0.7228, -0.1731]"
highdim_regression,4,Standard replay (FIFO),regression,0.4946664120649773,-0.016892875456470557,0.8002873762877082,0.7278560649801942,0.13576668627877336,-0.10875201420185225,-0.016892875456470557,0.7023619603494813,0.6865331259999039,1.166586063000068,672.1884765625,1214.5869140625,"[[0.9095, NaN, NaN, NaN, NaN, NaN], [0.9325, 0.942, NaN, NaN, NaN, NaN], [0.552, 0.793, 0.8812, NaN, NaN, NaN], [0.7437, 0.6936, 0.7799, 0.6857, NaN, NaN], [0.8863, 0.8692, 0.4754, 0.7978, 0.7901, NaN], [0.8806, 0.8723, 0.3965, 0.7588, 0.7566, 0.7024]]","[NaN, 0.9212, 0.3974, 0.5088, 0.6629, -0.0169]"
highdim_regression,4,Full retrain oracle*,regression,0.607542400298254,0.2197779891517826,0.7906381721884184,0.7985297255218518,0.025688514318236978,-0.014294417452573493,0.2197779891517826,0.7325020307751138,0.9228332042000147,1.4510510420000173,3456.3916015625,3456.3916015625,"[[0.9095, NaN, NaN, NaN, NaN, NaN], [0.9398, 0.9465, NaN, NaN, NaN, NaN], [0.8316, 0.9026, 0.7062, NaN, NaN, NaN], [0.8766, 0.9124, 0.6852, 0.8003, NaN, NaN], [0.8926, 0.9265, 0.6521, 0.8269, 0.7677, NaN], [0.9047, 0.9199, 0.6348, 0.824, 0.7752, 0.7325]]","[NaN, 0.9212, 0.4068, 0.7574, 0.7326, 0.2198]"
highdim_regression,4,ADAPT-X (proposed),regression,0.5450904644758674,0.14970442855101296,0.8417498587575096,0.7424549272564374,0.1372738011030017,-0.13282531622323537,0.14970442855101296,0.7664636191780005,0.3776541261999228,0.6989463780000733,1853.3408203125,1853.3408203125,"[[0.9101, NaN, NaN, NaN, NaN, NaN], [0.9323, 0.9341, NaN, NaN, NaN, NaN], [0.5779, 0.8361, 0.8991, NaN, NaN, NaN], [0.82, 0.8347, 0.577, 0.8699, NaN, NaN], [0.8786, 0.8901, 0.526, 0.8279, 0.7392, NaN], [0.8727, 0.8872, 0.4259, 0.767, 0.7355, 0.7665]]","[NaN, 0.9114, 0.3718, 0.5728, 0.7197, 0.1497]"
highdim_regression,4,A: no drift detection,regression,0.5528411057524262,0.1815541437228303,0.8396280663514679,0.7514908869996323,0.12428171202690845,-0.11986037212535983,0.1815541437228303,0.7748712651368387,0.39429698799995094,0.9735000450000371,1867.1962890625,1867.1962890625,"[[0.9101, NaN, NaN, NaN, NaN, NaN], [0.9322, 0.9326, NaN, NaN, NaN, NaN], [0.5832, 0.829, 0.8919, NaN, NaN, NaN], [0.8144, 0.848, 0.5716, 0.8596, NaN, NaN], [0.8504, 0.8766, 0.4799, 0.8434, 0.7392, NaN], [0.8804, 0.9013, 0.4134, 0.7904, 0.7485, 0.7749]]","[NaN, 0.9114, 0.3677, 0.5698, 0.7338, 0.1816]"
highdim_regression,4,B: no replay (K=0),regression,0.4881258236923026,0.014593488096241836,0.8459885903354778,0.5746833601166214,0.34182960446511756,-0.33838992836898285,0.014593488096241836,0.7473439233463213,0.31649275520003356,0.8034287750001567,1555.9189453125,1555.9189453125,"[[0.9101, NaN, NaN, NaN, NaN, NaN], [0.9273, 0.9235, NaN, NaN, NaN, NaN], [0.4214, 0.4155, 0.9318, NaN, NaN, NaN], [0.8138, 0.7377, 0.5271, 0.8734, NaN, NaN], [0.8924, 0.865, 0.3787, 0.8239, 0.7539, NaN], [0.6159, 0.7117, 0.3361, 0.526, 0.511, 0.7473]]","[NaN, 0.9114, 0.3365, 0.4525, 0.7257, 0.0146]"
highdim_regression,4,C: no adaptive scaling,regression,0.5528411057524262,0.1815541437228303,0.8396280663514679,0.7514908869996323,0.12428171202690845,-0.11986037212535983,0.1815541437228303,0.7748712651368387,0.37548172680008063,0.712738914000056,1867.1962890625,1867.1962890625,"[[0.9101, NaN, NaN, NaN, NaN, NaN], [0.9322, 0.9326, NaN, NaN, NaN, NaN], [0.5832, 0.829, 0.8919, NaN, NaN, NaN], [0.8144, 0.848, 0.5716, 0.8596, NaN, NaN], [0.8504, 0.8766, 0.4799, 0.8434, 0.7392, NaN], [0.8804, 0.9013, 0.4134, 0.7904, 0.7485, 0.7749]]","[NaN, 0.9114, 0.3677, 0.5698, 0.7338, 0.1816]"
highdim_regression,4,D: no stable persistent state,regression,0.5228703157919882,-0.008241836521036827,0.8012952538020478,0.715654466095834,0.12794436384140312,-0.12453126466049769,-0.008241836521036827,0.6929739650603226,0.8309655315999407,0.734980209999776,1135.869140625,1391.333984375,"[[0.9101, NaN, NaN, NaN, NaN, NaN], [0.9272, 0.9327, NaN, NaN, NaN, NaN], [0.6612, 0.7958, 0.8298, NaN, NaN, NaN], [0.83, 0.8436, 0.6595, 0.7876, NaN, NaN], [0.8761, 0.8831, 0.4987, 0.7832, 0.7634, NaN], [0.8528, 0.8621, 0.4039, 0.7446, 0.7376, 0.693]]","[NaN, 0.9114, 0.3818, 0.6208, 0.7086, -0.0082]"
highdim_regression,4,E: random replay,regression,0.537087077412078,0.09001480480276491,0.8427868349147667,0.7328725629486382,0.14948953253387648,-0.1453611295498515,0.09001480480276491,0.7869676988698547,0.30827315979995545,0.5110333699999501,1828.7939453125,1828.7939453125,"[[0.9101, NaN, NaN, NaN, NaN, NaN], [0.9307, 0.9263, NaN, NaN, NaN, NaN], [0.5871, 0.7929, 0.9001, NaN, NaN, NaN], [0.8135, 0.8138, 0.6085, 0.8456, NaN, NaN], [0.8436, 0.863, 0.4811, 0.831, 0.755, NaN], [0.8514, 0.889, 0.3632, 0.7694, 0.7372, 0.787]]","[NaN, 0.9114, 0.3609, 0.5882, 0.7349, 0.09]"
heteroscedastic_regression,0,Static,regression,0.25728416372537233,-0.5401362609284448,0.25728416372537233,0.3549699814376163,0.0,0.0,-0.5401362609284448,-0.5401362609284448,0.0007896403999438917,0.14149330100008228,225.2705078125,225.2705078125,"[[0.8434, NaN, NaN, NaN, NaN, NaN], [0.8434, 0.0994, NaN, NaN, NaN, NaN], [0.8434, 0.0994, 0.2959, NaN, NaN, NaN], [0.8434, 0.0994, 0.2959, 0.7094, NaN, NaN], [0.8434, 0.0994, 0.2959, 0.7094, 0.7218, NaN], [0.8434, 0.0994, 0.2959, 0.7094, 0.7218, -0.5401]]","[NaN, 0.0994, 0.2959, 0.7094, 0.7218, -0.5401]"
heteroscedastic_regression,0,Naive incremental,regression,0.16887971651832073,-0.5815076072895804,0.7667710653891361,-7.232015490913239,9.613869468484792,-9.613869468484792,-0.5815076072895804,0.7142777603409969,0.17411927600005583,0.1417176240001936,195.7431640625,340.3955078125,"[[0.8434, NaN, NaN, NaN, NaN, NaN], [0.6946, 0.68, NaN, NaN, NaN, NaN], [0.091, 0.4437, 0.8655, NaN, NaN, NaN], [0.6618, 0.2798, 0.1461, 0.8667, NaN, NaN], [0.8001, -0.0745, 0.314, 0.6988, 0.7074, NaN], [-11.8655, -3.3145, -10.4939, -9.3412, -9.0911, 0.7143]]","[NaN, 0.0994, 0.4522, 0.2783, 0.596, -0.5815]"
heteroscedastic_regression,0,Standard replay (FIFO),regression,0.15714460025035057,-0.5667306992379464,0.7445216368571427,0.03287548893017733,0.8783052996239638,-0.8737508641406972,-0.5667306992379464,0.7086952313920459,0.18132489819990952,0.12885199000038483,295.4150390625,375.9267578125,"[[0.8434, NaN, NaN, NaN, NaN, NaN], [0.8363, 0.701, NaN, NaN, NaN, NaN], [0.2631, 0.682, 0.8303, NaN, NaN, NaN], [0.6401, 0.4129, 0.5874, 0.7814, NaN, NaN], [0.7885, 0.2931, 0.3018, 0.8042, 0.7012, NaN], [-0.0844, -0.0864, -0.4515, 0.0514, 0.0595, 0.7087]]","[NaN, 0.0994, 0.3125, 0.3818, 0.5587, -0.5667]"
heteroscedastic_regression,0,Full retrain oracle*,regression,0.21466421881856537,-0.5959986930278125,0.7016918237251897,0.6672874305717628,0.07594714906654934,-0.06962672103884145,-0.5959986930278125,0.7049434592544062,0.23815549200007807,0.17092818300034196,1028.8212890625,1028.8212890625,"[[0.8434, NaN, NaN, NaN, NaN, NaN], [0.8258, 0.6835, NaN, NaN, NaN, NaN], [0.6945, 0.6972, 0.6678, NaN, NaN, NaN], [0.7569, 0.6698, 0.5754, 0.7629, NaN, NaN], [0.8126, 0.7007, 0.5719, 0.7774, 0.6893, NaN], [0.7537, 0.6292, 0.5445, 0.7483, 0.6231, 0.7049]]","[NaN, 0.0994, 0.2758, 0.6345, 0.6596, -0.596]"
heteroscedastic_regression,0,ADAPT-X (proposed),regression,0.16709880160758833,-0.5697848930469163,0.7294256762753836,-0.24932817578854485,1.1949250856859686,-1.1949250856859686,-0.5697848930469163,0.7035322433411764,0.12389347039998029,0.1991538419997596,818.1611328125,818.1611328125,"[[0.8315, NaN, NaN, NaN, NaN, NaN], [0.8248, 0.6784, NaN, NaN, NaN, NaN], [0.3572, 0.6443, 0.8196, NaN, NaN, NaN], [0.6396, 0.6136, 0.3546, 0.8107, NaN, NaN], [0.7461, 0.6325, 0.3346, 0.7398, 0.635, NaN], [-0.8304, 0.1347, -0.5543, -0.5277, -0.4219, 0.7035]]","[NaN, 0.0629, 0.2882, 0.4413, 0.6129, -0.5698]"
heteroscedastic_regression,0,A: no drift detection,regression,0.1773424900744111,-0.5823272663955212,0.7310502478307939,0.07864250399027067,0.8029848415068003,-0.8029848415068003,-0.5823272663955212,0.6976760334056136,0.1440214535999985,0.13704087799987974,825.0517578125,825.0517578125,"[[0.8315, NaN, NaN, NaN, NaN, NaN], [0.8215, 0.6811, NaN, NaN, NaN, NaN], [0.3873, 0.641, 0.803, NaN, NaN, NaN], [0.7085, 0.6233, 0.3911, 0.7926, NaN, NaN], [0.7572, 0.6555, 0.3977, 0.7226, 0.6809, NaN], [-0.339, 0.3928, 0.0321, -0.1632, -0.1486, 0.6977]]","[NaN, 0.0629, 0.3069, 0.4585, 0.6406, -0.5823]"
heteroscedastic_regression,0,B: no replay (K=0),regression,0.19952282845874153,-0.52994119962146,0.7419371478232435,-6.87935641580545,9.163470445254115,-9.163470445254115,-0.52994119962146,0.6990962313789401,0.14212030659991798,0.169577384999684,795.3408203125,795.3408203125,"[[0.8315, NaN, NaN, NaN, NaN, NaN], [0.8073, 0.6741, NaN, NaN, NaN, NaN], [0.3443, 0.612, 0.8354, NaN, NaN, NaN], [0.6566, 0.6177, 0.2375, 0.8229, NaN, NaN], [0.7521, 0.5221, 0.3101, 0.7201, 0.6781, NaN], [-13.696, -2.5266, -9.0915, -9.0447, -7.6164, 0.6991]]","[NaN, 0.0629, 0.4118, 0.4229, 0.63, -0.5299]"
heteroscedastic_regression,0,C: no adaptive scaling,regression,0.1773424900744111,-0.5823272663955212,0.7310502478307939,0.07864250399027067,0.8029848415068003,-0.8029848415068003,-0.5823272663955212,0.6976760334056136,0.14312553499994465,0.14717815899984998,825.0517578125,825.0517578125,"[[0.8315, NaN, NaN, NaN, NaN, NaN], [0.8215, 0.6811, NaN, NaN, NaN, NaN], [0.3873, 0.641, 0.803, NaN, NaN, NaN], [0.7085, 0.6233, 0.3911, 0.7926, NaN, NaN], [0.7572, 0.6555, 0.3977, 0.7226, 0.6809, NaN], [-0.339, 0.3928, 0.0321, -0.1632, -0.1486, 0.6977]]","[NaN, 0.0629, 0.3069, 0.4585, 0.6406, -0.5823]"
heteroscedastic_regression,0,D: no stable persistent state,regression,0.18356351130620965,-0.5970902859355369,0.7388950633748885,0.31045075576055187,0.5326597549265576,-0.5326597549265576,-0.5970902859355369,0.7064927012870506,0.18492067899996983,0.17412882400003582,400.556640625,442.748046875,"[[0.8315, NaN, NaN, NaN, NaN, NaN], [0.817, 0.6842, NaN, NaN, NaN, NaN], [0.4805, 0.6531, 0.7918, NaN, NaN, NaN], [0.7107, 0.6673, 0.4911, 0.8067, NaN, NaN], [0.8099, 0.5423, 0.4217, 0.7902, 0.7053, NaN], [0.2825, 0.2987, -0.0006, 0.4456, 0.13, 0.7065]]","[NaN, 0.0629, 0.2816, 0.535, 0.6354, -0.5971]"
heteroscedastic_regression,0,E: random replay,regression,0.172615797551688,-0.5507546049559597,0.7371512204324985,-0.5369331668136686,1.547776619073232,-1.547776619073232,-0.5507546049559597,0.6966934026542109,0.13830444340001122,0.1827333119999821,811.2158203125,811.2158203125,"[[0.8315, NaN, NaN, NaN, NaN, NaN], [0.8264, 0.6873, NaN, NaN, NaN, NaN], [0.3843, 0.6399, 0.8208, NaN, NaN, NaN], [0.7103, 0.6407, 0.4074, 0.8202, NaN, NaN], [0.7445, 0.676, 0.3881, 0.7693, 0.6608, NaN], [-1.2855, -0.1845, -0.9598, -0.7543, -0.7342, 0.6967]]","[NaN, 0.0629, 0.279, 0.438, 0.6339, -0.5508]"
heteroscedastic_regression,1,Static,regression,0.2564334797113535,-0.6493810543224152,0.2564334797113535,0.36142663827608823,0.0,0.0,-0.6493810543224152,-0.6493810543224152,0.0012565634000566207,0.1529791610000757,160.8251953125,160.8251953125,"[[0.8864, NaN, NaN, NaN, NaN, NaN], [0.8864, 0.2067, NaN, NaN, NaN, NaN], [0.8864, 0.2067, 0.3422, NaN, NaN, NaN], [0.8864, 0.2067, 0.3422, 0.6671, NaN, NaN], [0.8864, 0.2067, 0.3422, 0.6671, 0.7155, NaN], [0.8864, 0.2067, 0.3422, 0.6671, 0.7155, -0.6494]]","[NaN, 0.2067, 0.3422, 0.6671, 0.7155, -0.6494]"
heteroscedastic_regression,1,Naive incremental,regression,0.17006864975225225,-0.6498672997256612,0.7878351532929215,-9.399372602036696,12.244360761956907,-12.244360761956907,-0.6498672997256612,0.7581701281971881,0.1973657154000648,0.14038000900018233,302.5634765625,302.5634765625,"[[0.8864, NaN, NaN, NaN, NaN, NaN], [0.526, 0.7546, NaN, NaN, NaN, NaN], [0.3117, 0.5156, 0.8495, NaN, NaN, NaN], [0.7369, 0.3502, 0.1314, 0.825, NaN, NaN], [0.7967, 0.0157, 0.2171, 0.6496, 0.752, NaN], [-12.5745, -4.8894, -14.0468, -13.1084, -12.5353, 0.7582]]","[NaN, 0.2067, 0.4927, 0.1633, 0.6375, -0.6499]"
heteroscedastic_regression,1,Standard replay (FIFO),regression,0.15115480971765752,-0.6616486222085658,0.7563652960967818,-0.12286884214657488,1.0889349611117538,-1.081086392892624,-0.6616486222085658,0.7537693901027794,0.1910752390000198,0.14010996900015016,347.7822265625,389.9228515625,"[[0.8864, NaN, NaN, NaN, NaN, NaN], [0.8675, 0.7583, NaN, NaN, NaN, NaN], [0.4402, 0.7284, 0.8265, NaN, NaN, NaN], [0.6982, 0.4504, 0.5624, 0.7131, NaN, NaN], [0.8078, 0.2811, 0.2204, 0.7524, 0.7301, NaN], [0.082, -0.8396, -0.4283, -0.2245, -0.0806, 0.7538]]","[NaN, 0.2067, 0.3573, 0.2617, 0.5918, -0.6616]"
heteroscedastic_regression,1,Full retrain oracle*,regression,0.2146689925556445,-0.674212095755238,0.7145236344905886,0.6648844255101503,0.10157353687661945,-0.09394081009836086,-0.674212095755238,0.7451486981182386,0.20299961960008658,0.1398208139999042,951.8056640625,951.8056640625,"[[0.8864, NaN, NaN, NaN, NaN, NaN], [0.8866, 0.7648, NaN, NaN, NaN, NaN], [0.7797, 0.7608, 0.6659, NaN, NaN, NaN], [0.8231, 0.7583, 0.5789, 0.6841, NaN, NaN], [0.8533, 0.7361, 0.4952, 0.722, 0.7128, NaN], [0.7848, 0.6781, 0.4228, 0.6735, 0.685, 0.7451]]","[NaN, 0.2067, 0.315, 0.5585, 0.6673, -0.6742]"
heteroscedastic_regression,1,ADAPT-X (proposed),regression,0.17596694148063108,-0.6338311458060595,0.7657494279088146,-0.3657165949102412,1.3812821278565295,-1.3812821278565295,-0.6338311458060595,0.7550228444791237,0.12735021779999442,0.2006872859997202,776.0048828125,776.0048828125,"[[0.8834, NaN, NaN, NaN, NaN, NaN], [0.8792, 0.7676, NaN, NaN, NaN, NaN], [0.5161, 0.7057, 0.8247, NaN, NaN, NaN], [0.7674, 0.7261, 0.329, 0.7625, NaN, NaN], [0.8018, 0.7096, 0.2594, 0.6876, 0.7189, NaN], [-0.4612, 0.0968, -1.0685, -0.8186, -0.6978, 0.755]]","[NaN, 0.2359, 0.2881, 0.328, 0.6616, -0.6338]"
heteroscedastic_regression,1,A: no drift detection,regression,0.17777960152122096,-0.6408575448465914,0.7688668570625973,0.03599436473652031,0.9023464054341982,-0.9023464054341982,-0.6408575448465914,0.7591832699690821,0.13725651459999427,0.17796733499972106,751.4423828125,751.4423828125,"[[0.8834, NaN, NaN, NaN, NaN, NaN], [0.8794, 0.7638, NaN, NaN, NaN, NaN], [0.5358, 0.6964, 0.8201, NaN, NaN, NaN], [0.7803, 0.7211, 0.373, 0.7703, NaN, NaN], [0.8333, 0.7304, 0.3045, 0.6931, 0.731, NaN], [0.0073, 0.3865, -0.2737, -0.3384, -0.3249, 0.7592]]","[NaN, 0.2359, 0.3001, 0.3228, 0.6709, -0.6409]"
heteroscedastic_regression,1,B: no replay (K=0),regression,0.1536517052547291,-0.6591882959442139,0.7635909472410095,-4.568576759510194,6.422555844708667,-6.422555844708667,-0.6591882959442139,0.7500849212399843,0.11551326299995708,0.15704137500006254,802.2783203125,802.2783203125,"[[0.8834, NaN, NaN, NaN, NaN, NaN], [0.8704, 0.7582, NaN, NaN, NaN, NaN], [0.4607, 0.5696, 0.8311, NaN, NaN, NaN], [0.7613, 0.6823, 0.2227, 0.7757, NaN, NaN], [0.7791, 0.58, 0.1943, 0.6482, 0.7028, NaN], [-6.4191, -2.722, -5.5711, -6.3618, -7.0876, 0.7501]]","[NaN, 0.2359, 0.292, 0.2597, 0.6399, -0.6592]"
heteroscedastic_regression,1,C: no adaptive scaling,regression,0.17777960152122096,-0.6408575448465914,0.7688668570625973,0.03599436473652031,0.9023464054341982,-0.9023464054341982,-0.6408575448465914,0.7591832699690821,0.11439658859990232,0.13336697000022468,751.4423828125,751.4423828125,"[[0.8834, NaN, NaN, NaN, NaN, NaN], [0.8794, 0.7638, NaN, NaN, NaN, NaN], [0.5358, 0.6964, 0.8201, NaN, NaN, NaN], [0.7803, 0.7211, 0.373, 0.7703, NaN, NaN], [0.8333, 0.7304, 0.3045, 0.6931, 0.731, NaN], [0.0073, 0.3865, -0.2737, -0.3384, -0.3249, 0.7592]]","[NaN, 0.2359, 0.3001, 0.3228, 0.6709, -0.6409]"
heteroscedastic_regression,1,D: no stable persistent state,regression,0.19091225752280003,-0.6749429079425768,0.7613451618603503,0.22597934659356675,0.6668427320034954,-0.6668427320034954,-0.6749429079425768,0.7577078630525748,0.20445874540000658,0.17882259199996042,361.611328125,446.267578125,"[[0.8834, NaN, NaN, NaN, NaN, NaN], [0.8761, 0.7765, NaN, NaN, NaN, NaN], [0.5993, 0.7021, 0.785, NaN, NaN, NaN], [0.7445, 0.6971, 0.4558, 0.756, NaN, NaN], [0.8139, 0.5902, 0.289, 0.7178, 0.7314, NaN], [0.3852, 0.1021, -0.3242, 0.2107, 0.2245, 0.7577]]","[NaN, 0.2359, 0.334, 0.4108, 0.6488, -0.6749]"
heteroscedastic_regression,1,E: random replay,regression,0.16532755396620513,-0.6590354810079251,0.7628626631478987,-0.3477740400937404,1.3568642973158123,-1.3568642973158123,-0.6590354810079251,0.7534708242395888,0.14351703599995744,0.11288351700022758,797.0048828125,797.0048828125,"[[0.8834, NaN, NaN, NaN, NaN, NaN], [0.8777, 0.7635, NaN, NaN, NaN, NaN], [0.5031, 0.7285, 0.841, NaN, NaN, NaN], [0.7845, 0.7068, 0.3786, 0.7408, NaN, NaN], [0.8279, 0.7323, 0.2608, 0.7074, 0.7155, NaN], [-0.4486, 0.1571, -1.0113, -0.7587, -0.7786, 0.7535]]","[NaN, 0.2359, 0.2915, 0.3128, 0.6454, -0.659]"
heteroscedastic_regression,2,Static,regression,0.20299154379260123,-0.8000960687084488,0.20299154379260123,0.3170947811954098,0.0,0.0,-0.8000960687084488,-0.8000960687084488,0.0011211249998268613,0.15646544900027948,170.2080078125,170.2080078125,"[[0.8876, NaN, NaN, NaN, NaN, NaN], [0.8876, 0.1451, NaN, NaN, NaN, NaN], [0.8876, 0.1451, 0.3492, NaN, NaN, NaN], [0.8876, 0.1451, 0.3492, 0.6353, NaN, NaN], [0.8876, 0.1451, 0.3492, 0.6353, 0.6855, NaN], [0.8876, 0.1451, 0.3492, 0.6353, 0.6855, -0.8001]]","[NaN, 0.1451, 0.3492, 0.6353, 0.6855, -0.8001]"
heteroscedastic_regression,2,Naive incremental,regression,0.09131378765653739,-0.8242427470964739,0.7735172166396691,-7.711867052399021,10.205279873160384,-10.205279873160384,-0.8242427470964739,0.7269367484902244,0.14832571779998033,0.152155593000316,165.8759765625,215.8212890625,"[[0.8876, NaN, NaN, NaN, NaN, NaN], [0.6718, 0.7567, NaN, NaN, NaN, NaN], [0.2885, 0.4124, 0.8691, NaN, NaN, NaN], [0.7201, 0.2608, 0.2382, 0.85, NaN, NaN], [0.8285, 0.0418, 0.4039, 0.619, 0.6649, NaN], [-11.9383, -2.7253, -10.8886, -10.8829, -10.5629, 0.7269]]","[NaN, 0.1451, 0.5225, 0.1101, 0.5031, -0.8242]"
heteroscedastic_regression,2,Standard replay (FIFO),regression,0.09229463463819995,-0.7611985932215792,0.7353608810760888,0.07835159703162053,0.8268182258127463,-0.8188611582800345,-0.7611985932215792,0.6988063147034855,0.20604623320004975,0.12818891200004146,302.2900390625,354.8759765625,"[[0.8876, NaN, NaN, NaN, NaN, NaN], [0.8842, 0.7504, NaN, NaN, NaN, NaN], [0.3908, 0.7056, 0.8529, NaN, NaN, NaN], [0.7243, 0.4059, 0.6229, 0.7058, NaN, NaN], [0.8482, 0.1952, 0.3819, 0.7456, 0.6689, NaN], [0.3362, -0.0887, -0.2926, 0.0083, -0.1918, 0.6988]]","[NaN, 0.1451, 0.395, 0.1745, 0.5081, -0.7612]"
heteroscedastic_regression,2,Full retrain oracle*,regression,0.16854324697043963,-0.8040345842634466,0.7101849880781762,0.6429675325491299,0.1162720054322471,-0.1161461426611109,-0.8040345842634466,0.6888430602375568,0.22509091079991778,0.12713028799998938,979.8369140625,979.8369140625,"[[0.8876, NaN, NaN, NaN, NaN, NaN], [0.878, 0.7672, NaN, NaN, NaN, NaN], [0.7533, 0.741, 0.7403, NaN, NaN, NaN], [0.8197, 0.7462, 0.6303, 0.6963, NaN, NaN], [0.8536, 0.7566, 0.5966, 0.6969, 0.6584, NaN], [0.7781, 0.701, 0.4655, 0.6514, 0.5729, 0.6888]]","[NaN, 0.1451, 0.3541, 0.5032, 0.6445, -0.804]"
heteroscedastic_regression,2,ADAPT-X (proposed),regression,0.1262080988093503,-0.8066849784592858,0.7280272524703868,-0.24109287455103703,1.1928564472531888,-1.1916834048642504,-0.8066849784592858,0.6904294408211358,0.14508506059992216,0.1374609260001307,723.4228515625,723.4228515625,"[[0.8717, NaN, NaN, NaN, NaN, NaN], [0.8776, 0.7525, NaN, NaN, NaN, NaN], [0.4974, 0.6949, 0.8582, NaN, NaN, NaN], [0.7911, 0.6696, 0.4928, 0.719, NaN, NaN], [0.8301, 0.6737, 0.4105, 0.689, 0.6199, NaN], [-0.4082, 0.1417, -0.7094, -0.6066, -0.5545, 0.6904]]","[NaN, 0.1551, 0.3924, 0.3133, 0.577, -0.8067]"
heteroscedastic_regression,2,A: no drift detection,regression,0.12751632554651512,-0.8070273724658827,0.7327958889495552,0.16278026789375216,0.7128296724960879,-0.7118042704096716,-0.8070273724658827,0.679325740066514,0.11275622060002206,0.12223476799999844,646.2470703125,646.2470703125,"[[0.8717, NaN, NaN, NaN, NaN, NaN], [0.8769, 0.76, NaN, NaN, NaN, NaN], [0.5042, 0.702, 0.8585, NaN, NaN, NaN], [0.7992, 0.6795, 0.4881, 0.7065, NaN, NaN], [0.8393, 0.7136, 0.4048, 0.6558, 0.6596, NaN], [0.2471, 0.4158, -0.3005, -0.0479, -0.0172, 0.6793]]","[NaN, 0.1551, 0.3918, 0.3145, 0.5832, -0.807]"
heteroscedastic_regression,2,B: no replay (K=0),regression,0.11600362224640985,-0.7929068861151127,0.745675945356387,-5.7529185345241745,7.823522889718015,-7.823522889718015,-0.7929068861151127,0.7022933088820131,0.11830468699990888,0.147621555999649,632.4072265625,632.4072265625,"[[0.8717, NaN, NaN, NaN, NaN, NaN], [0.862, 0.73, NaN, NaN, NaN, NaN], [0.4174, 0.6221, 0.8645, NaN, NaN, NaN], [0.7589, 0.6305, 0.3662, 0.7885, NaN, NaN], [0.8574, 0.4869, 0.3631, 0.6688, 0.6431, NaN], [-8.6046, -2.5792, -8.9087, -7.9846, -7.1427, 0.7023]]","[NaN, 0.1551, 0.4638, 0.2004, 0.5537, -0.7929]"
heteroscedastic_regression,2,C: no adaptive scaling,regression,0.12751632554651512,-0.8070273724658827,0.7327958889495552,0.16278026789375216,0.7128296724960879,-0.7118042704096716,-0.8070273724658827,0.679325740066514,0.11195905240001594,0.12552102200015725,646.2470703125,646.2470703125,"[[0.8717, NaN, NaN, NaN, NaN, NaN], [0.8769, 0.76, NaN, NaN, NaN, NaN], [0.5042, 0.702, 0.8585, NaN, NaN, NaN], [0.7992, 0.6795, 0.4881, 0.7065, NaN, NaN], [0.8393, 0.7136, 0.4048, 0.6558, 0.6596, NaN], [0.2471, 0.4158, -0.3005, -0.0479, -0.0172, 0.6793]]","[NaN, 0.1551, 0.3918, 0.3145, 0.5832, -0.807]"
heteroscedastic_regression,2,D: no stable persistent state,regression,0.12236109667415902,-0.8407962997302227,0.7267697865380573,0.07091448174601746,0.8160171113754557,-0.8160171113754557,-0.8407962997302227,0.686534739158173,0.26455433559995073,0.14695440100013002,430.658203125,442.775390625,"[[0.8717, NaN, NaN, NaN, NaN, NaN], [0.8675, 0.7668, NaN, NaN, NaN, NaN], [0.5791, 0.7272, 0.8112, NaN, NaN, NaN], [0.7594, 0.6992, 0.5822, 0.728, NaN, NaN], [0.8482, 0.5698, 0.5337, 0.6904, 0.6412, NaN], [0.2258, 0.0958, -0.5061, -0.0654, -0.0112, 0.6865]]","[NaN, 0.1551, 0.3808, 0.3637, 0.553, -0.8408]"
heteroscedastic_regression,2,E: random replay,regression,0.1279456262273241,-0.8222397585168031,0.7122459569587972,-0.19252780723240093,1.1184996517105943,-1.1176240285702979,-0.8222397585168031,0.6813147365572376,0.12331414459986263,0.13086203300008492,653.3330078125,653.3330078125,"[[0.8717, NaN, NaN, NaN, NaN, NaN], [0.8761, 0.7586, NaN, NaN, NaN, NaN], [0.5266, 0.6775, 0.8342, NaN, NaN, NaN], [0.7925, 0.7173, 0.4473, 0.6858, NaN, NaN], [0.8125, 0.6951, 0.3757, 0.6419, 0.6012, NaN], [-0.1932, 0.0579, -0.7413, -0.4802, -0.4797, 0.6813]]","[NaN, 0.1551, 0.388, 0.3157, 0.6032, -0.8222]"
heteroscedastic_regression,3,Static,regression,0.2640153521682356,-0.6129440975115947,0.2640153521682356,0.36432270007768963,0.0,0.0,-0.6129440975115947,-0.6129440975115947,0.0007688758000767848,0.1485066000000188,246.1337890625,246.1337890625,"[[0.8659, NaN, NaN, NaN, NaN, NaN], [0.8659, 0.2518, NaN, NaN, NaN, NaN], [0.8659, 0.2518, 0.3002, NaN, NaN, NaN], [0.8659, 0.2518, 0.3002, 0.6881, NaN, NaN], [0.8659, 0.2518, 0.3002, 0.6881, 0.693, NaN], [0.8659, 0.2518, 0.3002, 0.6881, 0.693, -0.6129]]","[NaN, 0.2518, 0.3002, 0.6881, 0.693, -0.6129]"
heteroscedastic_regression,3,Naive incremental,regression,0.1877525200982478,-0.619034978675433,0.7619415951120022,-6.891420926525246,9.204818594867287,-9.204818594867287,-0.619034978675433,0.7059817176888958,0.13524582620002548,0.21786946699967302,163.3603515625,246.1337890625,"[[0.8659, NaN, NaN, NaN, NaN, NaN], [0.708, 0.7604, NaN, NaN, NaN, NaN], [0.297, 0.4237, 0.8257, NaN, NaN, NaN], [0.6795, 0.3041, -0.0176, 0.8688, NaN, NaN], [0.8253, 0.0314, 0.299, 0.6531, 0.6489, NaN], [-9.2596, -2.8369, -11.585, -6.1003, -12.2727, 0.706]]","[NaN, 0.2518, 0.5106, 0.3055, 0.4899, -0.619]"
heteroscedastic_regression,3,Standard replay (FIFO),regression,0.18667544588083412,-0.596807266132644,0.7314568539896126,0.07152743186121628,0.8207631816232224,-0.818795823681145,-0.596807266132644,0.704122452798444,0.20160988919988085,0.25684333199978937,305.8916015625,358.3681640625,"[[0.8659, NaN, NaN, NaN, NaN, NaN], [0.8637, 0.741, NaN, NaN, NaN, NaN], [0.3593, 0.6955, 0.8026, NaN, NaN, NaN], [0.6907, 0.4219, 0.4827, 0.7934, NaN, NaN], [0.8176, 0.2573, 0.2184, 0.8032, 0.6161, NaN], [0.169, -0.3594, -0.3752, 0.2726, 0.0181, 0.7041]]","[NaN, 0.2518, 0.3191, 0.3859, 0.5734, -0.5968]"
heteroscedastic_regression,3,Full retrain oracle*,regression,0.25200964671109133,-0.6228386021418424,0.7205156212226407,0.671471840474725,0.0909729347821013,-0.0879213005779625,-0.6228386021418424,0.7112789509637775,0.21269217299995943,0.14534073400000125,1025.3291015625,1025.3291015625,"[[0.8659, NaN, NaN, NaN, NaN, NaN], [0.8683, 0.7648, NaN, NaN, NaN, NaN], [0.7286, 0.7739, 0.6922, NaN, NaN, NaN], [0.8087, 0.7659, 0.5617, 0.7581, NaN, NaN], [0.8367, 0.7585, 0.5336, 0.7618, 0.6762, NaN], [0.7867, 0.7034, 0.4758, 0.7635, 0.5882, 0.7113]]","[NaN, 0.2518, 0.3621, 0.6217, 0.6473, -0.6228]"
heteroscedastic_regression,3,ADAPT-X (proposed),regression,0.18011540609869595,-0.5934906539488203,0.7305644615396559,-0.4145040086211062,1.400471582410596,-1.400471582410596,-0.5934906539488203,0.705196638716811,0.14749517539994486,0.16516097299972898,746.5244140625,746.5244140625,"[[0.8625, NaN, NaN, NaN, NaN, NaN], [0.8617, 0.7741, NaN, NaN, NaN, NaN], [0.5271, 0.7005, 0.8156, NaN, NaN, NaN], [0.7862, 0.7068, 0.3157, 0.776, NaN, NaN], [0.8106, 0.701, 0.3635, 0.7215, 0.5819, NaN], [-0.7378, -0.0782, -1.1622, -0.2159, -0.9981, 0.7052]]","[NaN, 0.1792, 0.3306, 0.4356, 0.5486, -0.5935]"
heteroscedastic_regression,3,A: no drift detection,regression,0.17542965413828798,-0.6100267606752727,0.7323659063259038,0.029527468397853456,0.8694352547740923,-0.8694352547740923,-0.6100267606752727,0.6970290039054308,0.13537971279993144,0.15703483500010407,744.7041015625,744.7041015625,"[[0.8625, NaN, NaN, NaN, NaN, NaN], [0.8615, 0.7653, NaN, NaN, NaN, NaN], [0.5126, 0.6922, 0.8137, NaN, NaN, NaN], [0.782, 0.7086, 0.3202, 0.7711, NaN, NaN], [0.8377, 0.6487, 0.3501, 0.7022, 0.6147, NaN], [-0.0051, 0.1526, -0.4137, 0.1263, -0.38, 0.697]]","[NaN, 0.1792, 0.3292, 0.43, 0.5487, -0.61]"
heteroscedastic_regression,3,B: no replay (K=0),regression,0.1486843841442449,-0.5987171304932595,0.7462992410319377,-4.117082029635007,5.85929998711956,-5.85929998711956,-0.5987171304932595,0.7165763381281842,0.13723191080007383,0.1116169719998652,799.2080078125,799.2080078125,"[[0.8625, NaN, NaN, NaN, NaN, NaN], [0.8475, 0.7439, NaN, NaN, NaN, NaN], [0.4092, 0.6569, 0.8142, NaN, NaN, NaN], [0.7267, 0.6921, 0.0889, 0.828, NaN, NaN], [0.7751, 0.575, 0.2333, 0.6581, 0.6288, NaN], [-5.3509, -2.4167, -6.4453, -3.6365, -7.5697, 0.7166]]","[NaN, 0.1792, 0.2496, 0.39, 0.5233, -0.5987]"
heteroscedastic_regression,3,C: no adaptive scaling,regression,0.17542965413828798,-0.6100267606752727,0.7323659063259038,0.029527468397853456,0.8694352547740923,-0.8694352547740923,-0.6100267606752727,0.6970290039054308,0.12483355500007746,0.16142446899993956,744.7041015625,744.7041015625,"[[0.8625, NaN, NaN, NaN, NaN, NaN], [0.8615, 0.7653, NaN, NaN, NaN, NaN], [0.5126, 0.6922, 0.8137, NaN, NaN, NaN], [0.782, 0.7086, 0.3202, 0.7711, NaN, NaN], [0.8377, 0.6487, 0.3501, 0.7022, 0.6147, NaN], [-0.0051, 0.1526, -0.4137, 0.1263, -0.38, 0.697]]","[NaN, 0.1792, 0.3292, 0.43, 0.5487, -0.61]"
heteroscedastic_regression,3,D: no stable persistent state,regression,0.19530504213707173,-0.6477410599234996,0.7301698128637618,0.22249034376256857,0.6363092902735774,-0.6356837108742921,-0.6477410599234996,0.7104609125880563,0.2242540538000867,0.1377487760000804,361.830078125,446.267578125,"[[0.8625, NaN, NaN, NaN, NaN, NaN], [0.8656, 0.7445, NaN, NaN, NaN, NaN], [0.5951, 0.6949, 0.7685, NaN, NaN, NaN], [0.7676, 0.6368, 0.4208, 0.7811, NaN, NaN], [0.8365, 0.6558, 0.3685, 0.7582, 0.6463, NaN], [0.1954, 0.2288, -0.4044, 0.4868, 0.1179, 0.7105]]","[NaN, 0.1792, 0.3476, 0.5141, 0.5834, -0.6477]"
heteroscedastic_regression,3,E: random replay,regression,0.17886811410126352,-0.615516471720936,0.7390877601838688,-0.34945452054446347,1.3309354953628376,-1.3309354953628376,-0.615516471720936,0.6992691648487237,0.10541743579997273,0.13837238799987972,753.5244140625,753.5244140625,"[[0.8625, NaN, NaN, NaN, NaN, NaN], [0.8612, 0.7724, NaN, NaN, NaN, NaN], [0.5116, 0.7049, 0.8226, NaN, NaN, NaN], [0.7766, 0.7423, 0.3332, 0.7726, NaN, NaN], [0.8394, 0.7407, 0.3285, 0.6953, 0.6286, NaN], [-0.4905, -0.5993, -0.8165, -0.0779, -0.8118, 0.6993]]","[NaN, 0.1792, 0.343, 0.4211, 0.5666, -0.6155]"
heteroscedastic_regression,4,Static,regression,0.3078632518346787,-0.5282779724578572,0.3078632518346787,0.4012232068010498,0.0,0.0,-0.5282779724578572,-0.5282779724578572,0.0007581115999528265,0.15275394299987965,195.6416015625,195.6416015625,"[[0.868, NaN, NaN, NaN, NaN, NaN], [0.868, 0.2993, NaN, NaN, NaN, NaN], [0.868, 0.2993, 0.3687, NaN, NaN, NaN], [0.868, 0.2993, 0.3687, 0.6548, NaN, NaN], [0.868, 0.2993, 0.3687, 0.6548, 0.7449, NaN], [0.868, 0.2993, 0.3687, 0.6548, 0.7449, -0.5283]]","[NaN, 0.2993, 0.3687, 0.6548, 0.7449, -0.5283]"
heteroscedastic_regression,4,Naive incremental,regression,0.19958287539361286,-0.5224759342668273,0.7734002790018915,-4.68311660827658,6.5667448052603685,-6.5667448052603685,-0.5224759342668273,0.7427297935454011,0.17039755779996996,0.15296967299991593,238.9228515625,297.0947265625,"[[0.868, NaN, NaN, NaN, NaN, NaN], [0.6684, 0.7131, NaN, NaN, NaN, NaN], [0.2988, 0.4829, 0.8528, NaN, NaN, NaN], [0.67, 0.4388, 0.1885, 0.8412, NaN, NaN], [0.8546, -0.0635, 0.2782, 0.6804, 0.7171, NaN], [-7.2799, -1.8318, -8.3372, -6.0701, -5.3224, 0.7427]]","[NaN, 0.2993, 0.5081, 0.15, 0.563, -0.5225]"
heteroscedastic_regression,4,Standard replay (FIFO),regression,0.18626829758379398,-0.5087921486402998,0.7426517188219816,0.28069451896986924,0.5946798273683604,-0.5794228923847194,-0.5087921486402998,0.7446013551615558,0.16932758240000112,0.12251183299986224,270.8759765625,375.9541015625,"[[0.868, NaN, NaN, NaN, NaN, NaN], [0.8626, 0.7305, NaN, NaN, NaN, NaN], [0.3957, 0.6774, 0.8454, NaN, NaN, NaN], [0.6793, 0.5092, 0.6154, 0.7313, NaN, NaN], [0.818, 0.3944, 0.289, 0.8076, 0.6614, NaN], [0.4404, 0.1585, -0.3676, 0.3584, 0.3498, 0.7446]]","[NaN, 0.2993, 0.3633, 0.2159, 0.5616, -0.5088]"
heteroscedastic_regression,4,Full retrain oracle*,regression,0.24590490422720257,-0.5989122604717814,0.7159802282246723,0.6937660553370311,0.06183191071501226,-0.05706555814681593,-0.5989122604717814,0.7260135169406758,0.21715216500006135,0.15925239099988175,976.3447265625,976.3447265625,"[[0.868, NaN, NaN, NaN, NaN, NaN], [0.8608, 0.7143, NaN, NaN, NaN, NaN], [0.7291, 0.7033, 0.7342, NaN, NaN, NaN], [0.797, 0.7197, 0.6179, 0.7215, NaN, NaN], [0.81, 0.7322, 0.6029, 0.7275, 0.6838, NaN], [0.8084, 0.7191, 0.5117, 0.7214, 0.6759, 0.726]]","[NaN, 0.2993, 0.3578, 0.5176, 0.6538, -0.5989]"
heteroscedastic_regression,4,ADAPT-X (proposed),regression,0.21519714889982572,-0.5435411872020859,0.7475929402222642,0.11955668951725641,0.7788140984472838,-0.7788140984472838,-0.5435411872020859,0.7294323650671737,0.13277294399995299,0.12920649999978195,694.5791015625,694.5791015625,"[[0.8734, NaN, NaN, NaN, NaN, NaN], [0.8671, 0.7177, NaN, NaN, NaN, NaN], [0.5104, 0.6658, 0.8276, NaN, NaN, NaN], [0.7654, 0.6961, 0.4445, 0.7668, NaN, NaN], [0.8341, 0.7079, 0.3759, 0.7195, 0.6965, NaN], [0.1659, -0.025, -0.3396, 0.1488, 0.0378, 0.7294]]","[NaN, 0.3044, 0.341, 0.3415, 0.6326, -0.5435]"
heteroscedastic_regression,4,A: no drift detection,regression,0.2172503805166929,-0.5274293596714754,0.7422046185943171,0.3794327842681584,0.4615744631182543,-0.4615744631182543,-0.5274293596714754,0.7298809700154028,0.1387890438001705,0.15194936199986842,750.4345703125,750.4345703125,"[[0.8734, NaN, NaN, NaN, NaN, NaN], [0.8695, 0.7204, NaN, NaN, NaN, NaN], [0.504, 0.6652, 0.8371, NaN, NaN, NaN], [0.7533, 0.6836, 0.439, 0.75, NaN, NaN], [0.797, 0.6817, 0.3459, 0.7119, 0.6737, NaN], [0.4539, 0.5011, -0.139, 0.3638, 0.367, 0.7299]]","[NaN, 0.3044, 0.3332, 0.3438, 0.6323, -0.5274]"
heteroscedastic_regression,4,B: no replay (K=0),regression,0.20016810989121675,-0.5361500700400146,0.7612142676087974,-2.970713464966735,4.500759611214606,-4.500759611214606,-0.5361500700400146,0.7428292082016613,0.11253052100009882,0.12725494599999365,696.3642578125,696.3642578125,"[[0.8734, NaN, NaN, NaN, NaN, NaN], [0.8655, 0.7357, NaN, NaN, NaN, NaN], [0.4111, 0.4448, 0.8393, NaN, NaN, NaN], [0.7305, 0.632, 0.2923, 0.8211, NaN, NaN], [0.8264, 0.663, 0.2862, 0.7006, 0.6672, NaN], [-4.795, -1.8879, -5.079, -3.6838, -3.1213, 0.7428]]","[NaN, 0.3044, 0.3418, 0.2501, 0.6406, -0.5362]"
heteroscedastic_regression,4,C: no adaptive scaling,regression,0.2150640192555222,-0.5383611659773289,0.7481175141133983,0.404430244050989,0.43749040689793867,-0.43749040689793867,-0.5383611659773289,0.7251651082852628,0.13343207759999132,0.16000992899989797,682.2275390625,682.2275390625,"[[0.8734, NaN, NaN, NaN, NaN, NaN], [0.8695, 0.7204, NaN, NaN, NaN, NaN], [0.504, 0.6652, 0.8371, NaN, NaN, NaN], [0.7533, 0.6836, 0.439, 0.75, NaN, NaN], [0.8527, 0.7039, 0.4199, 0.7468, 0.708, NaN], [0.4514, 0.478, 0.0345, 0.3598, 0.3777, 0.7252]]","[NaN, 0.3044, 0.3332, 0.3438, 0.6323, -0.5384]"
heteroscedastic_regression,4,D: no stable persistent state,regression,0.23421953295326398,-0.5697032984775285,0.7316189956143045,0.41568339680950767,0.4074881050886228,-0.4074881050886228,-0.5697032984775285,0.7256061805439751,0.21733245499999612,0.19241200199985542,368.376953125,425.287109375,"[[0.8734, NaN, NaN, NaN, NaN, NaN], [0.8658, 0.723, NaN, NaN, NaN, NaN], [0.5774, 0.6918, 0.815, NaN, NaN, NaN], [0.7598, 0.6905, 0.5379, 0.732, NaN, NaN], [0.7981, 0.6439, 0.4541, 0.719, 0.6624, NaN], [0.5602, 0.2489, 0.0721, 0.444, 0.4433, 0.7256]]","[NaN, 0.3044, 0.4336, 0.3824, 0.6204, -0.5697]"
heteroscedastic_regression,4,E: random replay,regression,0.20871555472038925,-0.5383949850908156,0.7446183851678418,0.08256857054931942,0.8207475167412663,-0.8202252861543858,-0.5383949850908156,0.7304010413556894,0.12409827659994335,0.14344761199981804,720.7783203125,720.7783203125,"[[0.8734, NaN, NaN, NaN, NaN, NaN], [0.8761, 0.722, NaN, NaN, NaN, NaN], [0.4996, 0.677, 0.8195, NaN, NaN, NaN], [0.7476, 0.6919, 0.3999, 0.7723, NaN, NaN], [0.7689, 0.6669, 0.3084, 0.7107, 0.6789, NaN], [0.0859, 0.024, -0.423, -0.0134, 0.0915, 0.7304]]","[NaN, 0.3044, 0.3586, 0.3039, 0.615, -0.5384]"
imbalanced_classification,0,Static,binary_classification,0.45251710966578285,0.20149602618045814,0.45251710966578285,0.5081517224422835,0.0,0.0,0.20149602618045814,0.20149602618045814,0.0011694830000124057,0.08662279400004991,102.4677734375,102.4677734375,"[[0.7863, NaN, NaN, NaN, NaN, NaN], [0.7863, 0.4608, NaN, NaN, NaN, NaN], [0.7863, 0.4608, 0.6618, NaN, NaN, NaN], [0.7863, 0.4608, 0.6618, 0.4984, NaN, NaN], [0.7863, 0.4608, 0.6618, 0.4984, 0.4401, NaN], [0.7863, 0.4608, 0.6618, 0.4984, 0.4401, 0.2015]]","[NaN, 0.4608, 0.6618, 0.4984, 0.4401, 0.2015]"
imbalanced_classification,0,Naive incremental,binary_classification,0.3945593241199802,0.22381954184198216,0.6530836033272949,0.13889984633814753,0.6436687449864752,-0.6436687449864752,0.22381954184198216,0.5233754090696587,0.14339444279994495,0.09451902700038772,77.1201171875,398.3818359375,"[[0.7863, NaN, NaN, NaN, NaN, NaN], [0.7735, 0.9259, NaN, NaN, NaN, NaN], [0.6532, 0.5178, 0.9706, NaN, NaN, NaN], [0.5549, 0.34, 0.4945, 0.575, NaN, NaN], [0.4631, 0.3687, 0.5008, 0.324, 0.2706, NaN], [0.094, 0.0418, -0.0298, 0.1685, 0.0354, 0.5234]]","[NaN, 0.4608, 0.5869, 0.4223, 0.2791, 0.2238]"
imbalanced_classification,0,Standard replay (FIFO),binary_classification,0.45143917975355186,0.2599345488546052,0.649235400000907,0.4592748607240212,0.2630389879240137,-0.25537052439703883,0.2599345488546052,0.532258064516129,0.23758316200010085,0.12193859499984683,186.7060546875,482.9990234375,"[[0.7863, NaN, NaN, NaN, NaN, NaN], [0.8242, 0.8958, NaN, NaN, NaN, NaN], [0.7937, 0.8669, 0.9816, NaN, NaN, NaN], [0.6355, 0.6392, 0.8764, 0.5839, NaN, NaN], [0.6306, 0.5418, 0.5678, 0.5844, 0.2527, NaN], [0.6844, 0.4921, 0.4311, 0.4773, 0.1386, 0.5323]]","[NaN, 0.4608, 0.7153, 0.4193, 0.4018, 0.2599]"
imbalanced_classification,0,Full retrain oracle*,binary_classification,0.4681954677446285,0.3620850864890135,0.6689050259682585,0.6914921903535509,0.03308263351665475,0.003620645191045391,0.3620850864890135,0.5556334735857877,0.3821930262000933,0.09536893900030918,1175.8076171875,1175.8076171875,"[[0.7863, NaN, NaN, NaN, NaN, NaN], [0.8657, 0.9038, NaN, NaN, NaN, NaN], [0.8443, 0.9022, 0.992, NaN, NaN, NaN], [0.8162, 0.8717, 0.9635, 0.5554, NaN, NaN], [0.8168, 0.8871, 0.9122, 0.6595, 0.3377, NaN], [0.7894, 0.8875, 0.9598, 0.5687, 0.388, 0.5556]]","[NaN, 0.4608, 0.7162, 0.4277, 0.3742, 0.3621]"
imbalanced_classification,0,ADAPT-X (proposed),binary_classification,0.4638323332431204,0.30582166543846734,0.598686048189391,0.5691581293029874,0.09465920314544989,-0.05806503539454857,0.449742870500234,0.5327255726975222,0.13649920859988923,0.10282571800007645,670.3330078125,670.3330078125,"[[0.7118, NaN, NaN, NaN, NaN, NaN], [0.7796, 0.8457, NaN, NaN, NaN, NaN], [0.7735, 0.8299, 0.8897, NaN, NaN, NaN], [0.7802, 0.8093, 0.8975, 0.3171, NaN, NaN], [0.8339, 0.8087, 0.8035, 0.3702, 0.4082, NaN], [0.7772, 0.6095, 0.7376, 0.4011, 0.3568, 0.5327]]","[NaN, 0.4828, 0.6648, 0.3058, 0.416, 0.4497]"
imbalanced_classification,0,A: no drift detection,binary_classification,0.45978321237800124,0.2910832719233605,0.646569900188468,0.5891689461807866,0.1234603900265769,-0.08193590714026647,0.46353436185133234,0.5603085553997196,0.13740675120025117,0.1334535959999812,749.1220703125,749.1220703125,"[[0.7118, NaN, NaN, NaN, NaN, NaN], [0.7961, 0.8582, NaN, NaN, NaN, NaN], [0.8407, 0.8584, 0.9233, NaN, NaN, NaN], [0.7808, 0.736, 0.8853, 0.5127, NaN, NaN], [0.7692, 0.7048, 0.8711, 0.5913, 0.3785, NaN], [0.6795, 0.6594, 0.7665, 0.4979, 0.3714, 0.5603]]","[NaN, 0.4828, 0.6664, 0.2911, 0.3951, 0.4635]"
imbalanced_classification,0,B: no replay (K=0),binary_classification,0.4905959694016085,0.42075736325385704,0.670793194872924,0.55222062817428,0.16856800150334822,-0.15049718343253016,0.42075736325385704,0.5194015895278168,0.13644166060003043,0.08792489600000408,739.9736328125,739.9736328125,"[[0.7118, NaN, NaN, NaN, NaN, NaN], [0.7601, 0.86, NaN, NaN, NaN, NaN], [0.8022, 0.8149, 0.9276, NaN, NaN, NaN], [0.7827, 0.7337, 0.8477, 0.6217, NaN, NaN], [0.7918, 0.7149, 0.869, 0.5809, 0.4252, NaN], [0.6557, 0.6832, 0.7463, 0.382, 0.3267, 0.5194]]","[NaN, 0.4828, 0.6248, 0.4842, 0.4405, 0.4208]"
imbalanced_classification,0,C: no adaptive scaling,binary_classification,0.45978321237800124,0.2910832719233605,0.646569900188468,0.5891689461807866,0.1234603900265769,-0.08193590714026647,0.46353436185133234,0.5603085553997196,0.14483866279988433,0.09746141699997679,749.1220703125,749.1220703125,"[[0.7118, NaN, NaN, NaN, NaN, NaN], [0.7961, 0.8582, NaN, NaN, NaN, NaN], [0.8407, 0.8584, 0.9233, NaN, NaN, NaN], [0.7808, 0.736, 0.8853, 0.5127, NaN, NaN], [0.7692, 0.7048, 0.8711, 0.5913, 0.3785, NaN], [0.6795, 0.6594, 0.7665, 0.4979, 0.3714, 0.5603]]","[NaN, 0.4828, 0.6664, 0.2911, 0.3951, 0.4635]"
imbalanced_classification,0,D: no stable persistent state,binary_classification,0.4313497081047061,0.16596540439457685,0.6735768545940375,0.5193403793295492,0.22236761119145282,-0.1927371417673208,0.16596540439457685,0.5224403927068724,0.20846420899988516,0.10069005600007586,298.78515625,440.171875,"[[0.7118, NaN, NaN, NaN, NaN, NaN], [0.8315, 0.9069, NaN, NaN, NaN, NaN], [0.8297, 0.8358, 0.9667, NaN, NaN, NaN], [0.7766, 0.783, 0.8063, 0.6143, NaN, NaN], [0.6606, 0.4667, 0.6335, 0.6428, 0.3575, NaN], [0.7149, 0.6147, 0.6075, 0.4144, 0.242, 0.5224]]","[NaN, 0.4828, 0.6926, 0.4203, 0.3951, 0.166]"
imbalanced_classification,0,E: random replay,binary_classification,0.5006895632823605,0.4345369688037337,0.6527092503612743,0.535779909676353,0.18823144070037964,-0.15214210111839294,0.48036465638148673,0.5511921458625526,0.128513089199987,0.10715110399996775,642.4267578125,642.4267578125,"[[0.7118, NaN, NaN, NaN, NaN, NaN], [0.7814, 0.8632, NaN, NaN, NaN, NaN], [0.8803, 0.8616, 0.8819, NaN, NaN, NaN], [0.8632, 0.8374, 0.8686, 0.5264, NaN, NaN], [0.8748, 0.8006, 0.8938, 0.4881, 0.4408, NaN], [0.7863, 0.5398, 0.7178, 0.3024, 0.3172, 0.5512]]","[NaN, 0.4828, 0.6638, 0.4345, 0.4419, 0.4804]"
imbalanced_classification,1,Static,binary_classification,0.334445898939835,0.10559982044663907,0.334445898939835,0.4128575015486848,0.0,0.0,0.10559982044663907,0.10559982044663907,0.0009773469998435758,0.12528922999990755,141.8740234375,141.8740234375,"[[0.8049, NaN, NaN, NaN, NaN, NaN], [0.8049, 0.4896, NaN, NaN, NaN, NaN], [0.8049, 0.4896, 0.5772, NaN, NaN, NaN], [0.8049, 0.4896, 0.5772, 0.1861, NaN, NaN], [0.8049, 0.4896, 0.5772, 0.1861, 0.3137, NaN], [0.8049, 0.4896, 0.5772, 0.1861, 0.3137, 0.1056]]","[NaN, 0.4896, 0.5772, 0.1861, 0.3137, 0.1056]"
imbalanced_classification,1,Naive incremental,binary_classification,0.3551046709487581,-0.014588710582426168,0.6503760402468435,0.21458621417051402,0.5538556861608136,-0.5538556861608136,-0.014588710582426168,0.5659297497475031,0.160099120400173,0.10242984300020908,137.3388671875,459.4873046875,"[[0.8049, NaN, NaN, NaN, NaN, NaN], [0.7104, 0.8275, NaN, NaN, NaN, NaN], [0.6237, 0.6552, 0.9843, NaN, NaN, NaN], [0.427, 0.3413, 0.3594, 0.6468, NaN, NaN], [0.679, 0.3215, 0.2169, 0.2604, 0.2274, NaN], [0.1682, 0.1189, 0.2258, 0.2415, -0.0328, 0.5659]]","[NaN, 0.4896, 0.73, 0.3352, 0.2353, -0.0146]"
imbalanced_classification,1,Standard replay (FIFO),binary_classification,0.3966300414130913,0.1957131635057794,0.6652863082545618,0.41284459882638597,0.33085589258148557,-0.33085589258148557,0.1957131635057794,0.6052070474694198,0.1516040791998421,0.13740509599983852,179.8310546875,467.6044921875,"[[0.8049, NaN, NaN, NaN, NaN, NaN], [0.682, 0.8346, NaN, NaN, NaN, NaN], [0.6636, 0.8159, 0.9803, NaN, NaN, NaN], [0.6221, 0.597, 0.8402, 0.6013, NaN, NaN], [0.5207, 0.3089, 0.4132, 0.4048, 0.305, NaN], [0.3218, 0.4968, 0.5216, 0.3319, 0.1998, 0.6052]]","[NaN, 0.4896, 0.7759, 0.2855, 0.2364, 0.1957]"
imbalanced_classification,1,Full retrain oracle*,binary_classification,0.47901954415335196,0.3200757575757578,0.6597696716433801,0.6527891410025218,0.0374058053589406,-0.0374058053589406,0.4882729211087422,0.6103692065985862,0.28780695500008735,0.10573634899992612,1158.3466796875,1158.3466796875,"[[0.8049, NaN, NaN, NaN, NaN, NaN], [0.6874, 0.8696, NaN, NaN, NaN, NaN], [0.7727, 0.8529, 0.9619, NaN, NaN, NaN], [0.6697, 0.849, 0.9467, 0.4801, NaN, NaN], [0.7565, 0.8385, 0.9551, 0.4574, 0.3769, NaN], [0.7604, 0.8303, 0.9462, 0.4176, 0.3518, 0.6104]]","[NaN, 0.4896, 0.7508, 0.3201, 0.3464, 0.4883]"
imbalanced_classification,1,ADAPT-X (proposed),binary_classification,0.3997771255600787,0.1439393939393938,0.5591409696667952,0.5824113811708428,0.007689882223484945,-0.003334869865470269,0.43912018853102897,0.5861295028616316,0.16861216560000686,0.0801850419998118,808.7353515625,808.7353515625,"[[0.7154, NaN, NaN, NaN, NaN, NaN], [0.6682, 0.7951, NaN, NaN, NaN, NaN], [0.7166, 0.765, 0.9511, NaN, NaN, NaN], [0.7012, 0.7736, 0.9559, 0.232, NaN, NaN], [0.6905, 0.7821, 0.9589, 0.2448, 0.2314, NaN], [0.6667, 0.7506, 0.9508, 0.2879, 0.2524, 0.5861]]","[NaN, 0.397, 0.7465, 0.1439, 0.2724, 0.4391]"
imbalanced_classification,1,A: no drift detection,binary_classification,0.4145361485404617,0.1439393939393938,0.6266198237045828,0.5305418239206432,0.13804951211194605,-0.1330571926034975,0.43036696218157355,0.593984962406015,0.1609940818000723,0.07562538599995605,754.1455078125,754.1455078125,"[[0.7154, NaN, NaN, NaN, NaN, NaN], [0.649, 0.7947, NaN, NaN, NaN, NaN], [0.7404, 0.7095, 0.96, NaN, NaN, NaN], [0.6828, 0.6422, 0.9313, 0.3821, NaN, NaN], [0.7358, 0.6664, 0.9149, 0.331, 0.4023, NaN], [0.672, 0.5555, 0.807, 0.2798, 0.2749, 0.594]]","[NaN, 0.397, 0.7354, 0.1439, 0.366, 0.4304]"
imbalanced_classification,1,B: no replay (K=0),binary_classification,0.4205240149741605,0.22443181818181812,0.6319528344845856,0.4815354655358677,0.19719783344523104,-0.19719783344523104,0.4106160924699811,0.5740096509931543,0.15974269359985555,0.061948746999860305,768.3447265625,768.3447265625,"[[0.7154, NaN, NaN, NaN, NaN, NaN], [0.6367, 0.7994, NaN, NaN, NaN, NaN], [0.6275, 0.7705, 0.9735, NaN, NaN, NaN], [0.5806, 0.7603, 0.933, 0.4915, NaN, NaN], [0.6406, 0.7095, 0.88, 0.446, 0.3214, NaN], [0.4547, 0.586, 0.6032, 0.4683, 0.203, 0.574]]","[NaN, 0.397, 0.7681, 0.2244, 0.3025, 0.4106]"
imbalanced_classification,1,C: no adaptive scaling,binary_classification,0.4145361485404617,0.1439393939393938,0.6266198237045828,0.5305418239206432,0.13804951211194605,-0.1330571926034975,0.43036696218157355,0.593984962406015,0.15787345740000092,0.07135284200012393,754.1455078125,754.1455078125,"[[0.7154, NaN, NaN, NaN, NaN, NaN], [0.649, 0.7947, NaN, NaN, NaN, NaN], [0.7404, 0.7095, 0.96, NaN, NaN, NaN], [0.6828, 0.6422, 0.9313, 0.3821, NaN, NaN], [0.7358, 0.6664, 0.9149, 0.331, 0.4023, NaN], [0.672, 0.5555, 0.807, 0.2798, 0.2749, 0.594]]","[NaN, 0.397, 0.7354, 0.1439, 0.366, 0.4304]"
imbalanced_classification,1,D: no stable persistent state,binary_classification,0.3769002238206761,0.23106060606060597,0.6896024766134559,0.5238990758733552,0.21714478372211174,-0.20401114316911634,0.2961508248232523,0.6108180900011222,0.1569270799998776,0.0867313630001263,284.70703125,408.4140625,"[[0.7154, NaN, NaN, NaN, NaN, NaN], [0.7281, 0.8513, NaN, NaN, NaN, NaN], [0.7811, 0.7778, 0.9565, NaN, NaN, NaN], [0.5138, 0.7435, 0.7956, 0.6652, NaN, NaN], [0.5568, 0.5996, 0.6724, 0.1761, 0.3642, NaN], [0.6459, 0.6375, 0.6129, 0.4238, 0.2125, 0.6108]]","[NaN, 0.397, 0.7097, 0.2311, 0.2506, 0.2962]"
imbalanced_classification,1,E: random replay,binary_classification,0.41152360113985986,0.13920454545454541,0.5790099387023735,0.5876308812626946,0.02638744339912158,-0.016940438790826608,0.4431601391538549,0.5338345864661653,0.18247317860013937,0.07974112800002331,952.2470703125,952.2470703125,"[[0.7154, NaN, NaN, NaN, NaN, NaN], [0.6436, 0.8059, NaN, NaN, NaN, NaN], [0.7135, 0.8041, 0.9703, NaN, NaN, NaN], [0.7197, 0.785, 0.9697, 0.2169, NaN, NaN], [0.7627, 0.7608, 0.9616, 0.1946, 0.3682, NaN], [0.6805, 0.6855, 0.947, 0.3797, 0.2992, 0.5338]]","[NaN, 0.397, 0.7594, 0.1392, 0.3188, 0.4432]"
imbalanced_classification,2,Static,binary_classification,0.43837807851934996,0.22115178762577603,0.43837807851934996,0.5140193023723227,0.0,0.0,0.23555555555555552,0.23555555555555552,0.0010913006000009772,0.07908932200007257,108.7412109375,108.7412109375,"[[0.8922, NaN, NaN, NaN, NaN, NaN], [0.8922, 0.4928, NaN, NaN, NaN, NaN], [0.8922, 0.4928, 0.673, NaN, NaN, NaN], [0.8922, 0.4928, 0.673, 0.5694, NaN, NaN], [0.8922, 0.4928, 0.673, 0.5694, 0.2212, NaN], [0.8922, 0.4928, 0.673, 0.5694, 0.2212, 0.2356]]","[NaN, 0.4928, 0.673, 0.5694, 0.2212, 0.2356]"
imbalanced_classification,2,Naive incremental,binary_classification,0.4014087835148752,0.1678632478632478,0.5839705117616306,0.2660646822436516,0.44313797739668603,-0.44313797739668603,0.1678632478632478,0.42153846153846164,0.17639710379999088,0.07979358600005071,83.7763671875,590.6904296875,"[[0.8922, NaN, NaN, NaN, NaN, NaN], [0.7507, 0.8316, NaN, NaN, NaN, NaN], [0.7877, 0.5671, 0.9917, NaN, NaN, NaN], [0.6536, 0.0892, 0.5115, 0.5095, NaN, NaN], [0.5113, 0.3354, 0.3869, 0.3979, 0.1655, NaN], [0.3394, 0.2874, 0.1599, 0.3015, 0.0867, 0.4215]]","[NaN, 0.4928, 0.5221, 0.5995, 0.2248, 0.1679]"
imbalanced_classification,2,Standard replay (FIFO),binary_classification,0.4846986243031246,0.2957264957264958,0.584155704247107,0.3515142336965889,0.3512594114634457,-0.34078370813863756,0.2957264957264958,0.42017094017094014,0.2574489053999969,0.10552054399977351,193.8623046875,638.8935546875,"[[0.8922, NaN, NaN, NaN, NaN, NaN], [0.8437, 0.7717, NaN, NaN, NaN, NaN], [0.8157, 0.824, 0.9954, NaN, NaN, NaN], [0.8387, 0.3805, 0.9435, 0.5621, NaN, NaN], [0.5615, 0.2812, 0.5377, 0.4459, 0.1715, NaN], [0.5261, 0.4699, 0.4053, 0.2005, 0.0871, 0.4202]]","[NaN, 0.4928, 0.7537, 0.5762, 0.3051, 0.2957]"
imbalanced_classification,2,Full retrain oracle*,binary_classification,0.5142749246213351,0.3388034188034188,0.6302222418850613,0.6507914113827896,0.04091547416805761,-0.02771763255315083,0.3388034188034188,0.42131054131054135,0.322185339599946,0.09366114600015862,1210.8857421875,1210.8857421875,"[[0.8922, NaN, NaN, NaN, NaN, NaN], [0.8865, 0.7905, NaN, NaN, NaN, NaN], [0.8404, 0.8208, 0.9841, NaN, NaN, NaN], [0.8593, 0.8034, 0.9938, 0.6608, NaN, NaN], [0.8239, 0.8052, 0.9871, 0.6869, 0.2944, NaN], [0.791, 0.758, 0.9929, 0.6219, 0.3196, 0.4213]]","[NaN, 0.4928, 0.7266, 0.6512, 0.362, 0.3388]"
imbalanced_classification,2,ADAPT-X (proposed),binary_classification,0.47738547857546554,0.21162393162393167,0.6073646052377868,0.52760253903959,0.1462695304182508,-0.1462695304182508,0.21162393162393167,0.4197150997150998,0.16203160179993575,0.10254086400027518,856.3564453125,856.3564453125,"[[0.8601, NaN, NaN, NaN, NaN, NaN], [0.8075, 0.8404, NaN, NaN, NaN, NaN], [0.717, 0.8308, 0.8817, NaN, NaN, NaN], [0.7433, 0.717, 0.8663, 0.6713, NaN, NaN], [0.6956, 0.708, 0.8718, 0.6658, 0.2237, NaN], [0.6199, 0.5847, 0.7546, 0.584, 0.2027, 0.4197]]","[NaN, 0.5707, 0.6696, 0.6261, 0.3089, 0.2116]"
imbalanced_classification,2,A: no drift detection,binary_classification,0.4988857401744237,0.2879469064440163,0.6186805913773135,0.5697789886170298,0.1069737770648497,-0.1069737770648497,0.32535612535612546,0.47396011396011417,0.16826249499999904,0.15983007000022553,828.2783203125,828.2783203125,"[[0.8601, NaN, NaN, NaN, NaN, NaN], [0.8124, 0.833, NaN, NaN, NaN, NaN], [0.7532, 0.8122, 0.8548, NaN, NaN, NaN], [0.7828, 0.7146, 0.8357, 0.6608, NaN, NaN], [0.6775, 0.7258, 0.8419, 0.6402, 0.2708, NaN], [0.6421, 0.6671, 0.7537, 0.5639, 0.3179, 0.474]]","[NaN, 0.5707, 0.6491, 0.6613, 0.2879, 0.3254]"
imbalanced_classification,2,B: no replay (K=0),binary_classification,0.47285577202538837,0.2789552558338684,0.5977079201085452,0.4380299769329185,0.2485920791155169,-0.2440999198170149,0.29732193732193735,0.45207977207977224,0.19160988740004542,0.16867745000035939,981.2392578125,981.2392578125,"[[0.8601, NaN, NaN, NaN, NaN, NaN], [0.8108, 0.831, NaN, NaN, NaN, NaN], [0.6882, 0.8324, 0.8897, NaN, NaN, NaN], [0.6627, 0.4011, 0.7937, 0.5689, NaN, NaN], [0.6742, 0.4899, 0.8006, 0.5899, 0.2468, NaN], [0.5886, 0.2796, 0.6213, 0.4825, 0.204, 0.4521]]","[NaN, 0.5707, 0.631, 0.5863, 0.279, 0.2973]"
imbalanced_classification,2,C: no adaptive scaling,binary_classification,0.4988857401744237,0.2879469064440163,0.6186805913773135,0.5697789886170298,0.1069737770648497,-0.1069737770648497,0.32535612535612546,0.47396011396011417,0.17269706979996044,0.12680450200014093,828.2783203125,828.2783203125,"[[0.8601, NaN, NaN, NaN, NaN, NaN], [0.8124, 0.833, NaN, NaN, NaN, NaN], [0.7532, 0.8122, 0.8548, NaN, NaN, NaN], [0.7828, 0.7146, 0.8357, 0.6608, NaN, NaN], [0.6775, 0.7258, 0.8419, 0.6402, 0.2708, NaN], [0.6421, 0.6671, 0.7537, 0.5639, 0.3179, 0.474]]","[NaN, 0.5707, 0.6491, 0.6613, 0.2879, 0.3254]"
imbalanced_classification,2,D: no stable persistent state,binary_classification,0.4849910586088228,0.13823361823361835,0.6009948588483173,0.5414240846144142,0.12397209470303991,-0.12331392933899217,0.13823361823361835,0.45777777777777784,0.17814676139996663,0.13252900999987105,285.03515625,443.63671875,"[[0.8601, NaN, NaN, NaN, NaN, NaN], [0.8634, 0.7921, NaN, NaN, NaN, NaN], [0.7302, 0.7665, 0.9692, NaN, NaN, NaN], [0.7639, 0.7203, 0.875, 0.6242, NaN, NaN], [0.6701, 0.5636, 0.6073, 0.5177, 0.1616, NaN], [0.7688, 0.642, 0.7059, 0.4944, 0.1796, 0.4578]]","[NaN, 0.5707, 0.7831, 0.6471, 0.2858, 0.1382]"
imbalanced_classification,2,E: random replay,binary_classification,0.4894182405608733,0.3050712250712251,0.6051138270959302,0.5741748144112523,0.09279487897325667,-0.08813202183039955,0.3050712250712251,0.4844444444444447,0.1949246304000553,0.2173603149999508,840.5244140625,840.5244140625,"[[0.8601, NaN, NaN, NaN, NaN, NaN], [0.8231, 0.8332, NaN, NaN, NaN, NaN], [0.7038, 0.7829, 0.9115, NaN, NaN, NaN], [0.6907, 0.6839, 0.8989, 0.472, NaN, NaN], [0.7088, 0.6923, 0.8768, 0.4953, 0.3243, NaN], [0.6166, 0.5912, 0.8026, 0.5886, 0.3616, 0.4844]]","[NaN, 0.5707, 0.6482, 0.5529, 0.3702, 0.3051]"
imbalanced_classification,3,Static,binary_classification,0.349941820050376,0.115975935828877,0.349941820050376,0.34950067319497596,0.0,0.0,0.115975935828877,0.115975935828877,0.0009526029999506136,0.06714744999999311,67.3857421875,67.3857421875,"[[0.3473, NaN, NaN, NaN, NaN, NaN], [0.3473, 0.4601, NaN, NaN, NaN, NaN], [0.3473, 0.4601, 0.4538, NaN, NaN, NaN], [0.3473, 0.4601, 0.4538, 0.4711, NaN, NaN], [0.3473, 0.4601, 0.4538, 0.4711, 0.2488, NaN], [0.3473, 0.4601, 0.4538, 0.4711, 0.2488, 0.116]]","[NaN, 0.4601, 0.4538, 0.4711, 0.2488, 0.116]"
imbalanced_classification,3,Naive incremental,binary_classification,0.31100698340619487,0.009581105169340631,0.6102456178339983,0.2607264409374545,0.3991772627637359,-0.366832876492648,0.009581105169340631,0.4420677361853831,0.18618037260002893,0.06384226799991666,156.4248046875,450.7138671875,"[[0.3473, NaN, NaN, NaN, NaN, NaN], [0.509, 0.7927, NaN, NaN, NaN, NaN], [0.5079, 0.5331, 0.9707, NaN, NaN, NaN], [0.2757, 0.2148, 0.4758, 0.7233, NaN, NaN], [0.0099, 0.3799, 0.4629, 0.3848, 0.1225, NaN], [0.1635, 0.3956, 0.0924, 0.4452, 0.0256, 0.4421]]","[NaN, 0.4601, 0.5469, 0.477, 0.0614, 0.0096]"
imbalanced_classification,3,Standard replay (FIFO),binary_classification,0.36300270539017687,0.11812500000000004,0.6011431922621664,0.4018087355138933,0.25288777654485456,-0.18843169742908955,0.2192513368983957,0.46234402852049916,0.20587219340004595,0.06800325699987297,235.8310546875,704.5888671875,"[[0.3473, NaN, NaN, NaN, NaN, NaN], [0.6696, 0.8177, NaN, NaN, NaN, NaN], [0.5928, 0.7979, 0.989, NaN, NaN, NaN], [0.5137, 0.5281, 0.9693, 0.7085, NaN, NaN], [0.3834, 0.3754, 0.5393, 0.7022, 0.0281, NaN], [0.3229, 0.4549, 0.5252, 0.4336, 0.2119, 0.4623]]","[NaN, 0.4601, 0.5717, 0.4459, 0.1181, 0.2193]"
imbalanced_classification,3,Full retrain oracle*,binary_classification,0.4270701195164822,0.19281249999999983,0.621577602768628,0.6157784843499821,0.04016338585240886,0.04789759066775532,0.375445632798574,0.5086898395721924,0.38154890000005254,0.07020584700012478,1056.8232421875,1086.6201171875,"[[0.3473, NaN, NaN, NaN, NaN, NaN], [0.6963, 0.8291, NaN, NaN, NaN, NaN], [0.7778, 0.8365, 0.9743, NaN, NaN, NaN], [0.7429, 0.8105, 0.9767, 0.5974, NaN, NaN], [0.6824, 0.82, 0.96, 0.5715, 0.1984, NaN], [0.687, 0.8181, 0.9538, 0.5855, 0.1416, 0.5087]]","[NaN, 0.4601, 0.6479, 0.4591, 0.1928, 0.3754]"
imbalanced_classification,3,ADAPT-X (proposed),binary_classification,0.39892982306923497,0.16156250000000005,0.572867354999051,0.5595687043774747,0.030913491835015617,-0.00528252463846055,0.36319073083778974,0.46256684491978595,0.15755384640006015,0.13097248499980196,805.0751953125,805.0751953125,"[[0.5195, NaN, NaN, NaN, NaN, NaN], [0.6067, 0.7863, NaN, NaN, NaN, NaN], [0.5602, 0.7803, 0.9129, NaN, NaN, NaN], [0.5742, 0.7656, 0.9405, 0.5742, NaN, NaN], [0.523, 0.7898, 0.9502, 0.5414, 0.1284, NaN], [0.5544, 0.7472, 0.9293, 0.5646, 0.0994, 0.4626]]","[NaN, 0.5537, 0.536, 0.3802, 0.1616, 0.3632]"
imbalanced_classification,3,A: no drift detection,binary_classification,0.37225811588679153,0.14031250000000006,0.563054987376354,0.5235373648010951,0.08563656141855006,-0.038707764507419196,0.3025846702317292,0.48573975044563267,0.16896528360002777,0.10497123000004649,866.0087890625,866.0087890625,"[[0.5195, NaN, NaN, NaN, NaN, NaN], [0.5905, 0.7941, NaN, NaN, NaN, NaN], [0.6219, 0.7598, 0.9426, NaN, NaN, NaN], [0.7196, 0.7146, 0.925, 0.5172, NaN, NaN], [0.7359, 0.6784, 0.9383, 0.5354, 0.0756, NaN], [0.5369, 0.6166, 0.8576, 0.5334, 0.1109, 0.4857]]","[NaN, 0.5537, 0.5531, 0.3116, 0.1403, 0.3026]"
imbalanced_classification,3,B: no replay (K=0),binary_classification,0.3419732073570481,0.11937500000000001,0.5680253657573059,0.5202798004555699,0.07108925617048234,-0.047587220103001246,0.30102495543672014,0.42624777183600715,0.12605799580005622,0.0824433580000914,702.5166015625,702.5166015625,"[[0.5195, NaN, NaN, NaN, NaN, NaN], [0.5963, 0.7933, NaN, NaN, NaN, NaN], [0.5602, 0.6974, 0.9305, NaN, NaN, NaN], [0.637, 0.6507, 0.9205, 0.5573, NaN, NaN], [0.6056, 0.7205, 0.8774, 0.5049, 0.1328, NaN], [0.5381, 0.7311, 0.7798, 0.5324, 0.1141, 0.4262]]","[NaN, 0.5537, 0.4567, 0.2791, 0.1194, 0.301]"
imbalanced_classification,3,C: no adaptive scaling,binary_classification,0.37225811588679153,0.14031250000000006,0.563054987376354,0.5235373648010951,0.08563656141855006,-0.038707764507419196,0.3025846702317292,0.48573975044563267,0.1907039301999248,0.13101531499978591,866.0087890625,866.0087890625,"[[0.5195, NaN, NaN, NaN, NaN, NaN], [0.5905, 0.7941, NaN, NaN, NaN, NaN], [0.6219, 0.7598, 0.9426, NaN, NaN, NaN], [0.7196, 0.7146, 0.925, 0.5172, NaN, NaN], [0.7359, 0.6784, 0.9383, 0.5354, 0.0756, NaN], [0.5369, 0.6166, 0.8576, 0.5334, 0.1109, 0.4857]]","[NaN, 0.5537, 0.5531, 0.3116, 0.1403, 0.3026]"
imbalanced_classification,3,D: no stable persistent state,binary_classification,0.3895501189921291,0.1395944741532975,0.6204401521187368,0.511845667793961,0.16503861429128897,-0.1101229656583628,0.1395944741532975,0.5434491978609626,0.20505034819989304,0.11055637800018303,305.44140625,563.76953125,"[[0.5195, NaN, NaN, NaN, NaN, NaN], [0.5055, 0.778, NaN, NaN, NaN, NaN], [0.7941, 0.7509, 0.9798, NaN, NaN, NaN], [0.4706, 0.667, 0.7931, 0.6647, NaN, NaN], [0.3543, 0.4952, 0.525, 0.5162, 0.1362, NaN], [0.5439, 0.7334, 0.7262, 0.3132, 0.2109, 0.5434]]","[NaN, 0.5537, 0.6457, 0.4571, 0.1516, 0.1396]"
imbalanced_classification,3,E: random replay,binary_classification,0.36989358445748205,0.12281249999999999,0.5577261490678371,0.5210512897381315,0.05211009404655505,-0.03636221627445857,0.3132798573975044,0.4371657754010696,0.17698703079986444,0.09417117600014535,904.7275390625,904.7275390625,"[[0.5195, NaN, NaN, NaN, NaN, NaN], [0.5497, 0.8032, NaN, NaN, NaN, NaN], [0.4602, 0.7518, 0.955, NaN, NaN, NaN], [0.566, 0.7146, 0.9333, 0.4817, NaN, NaN], [0.58, 0.7185, 0.9136, 0.4999, 0.1116, NaN], [0.5672, 0.6505, 0.8702, 0.4741, 0.1272, 0.4372]]","[NaN, 0.5537, 0.5262, 0.3334, 0.1228, 0.3133]"
imbalanced_classification,4,Static,binary_classification,0.46609446131643806,0.16098484848484862,0.46609446131643806,0.5117494979638904,0.0,0.0,0.16098484848484862,0.16098484848484862,0.0009335926000858308,0.058095440000215604,66.9404296875,66.9404296875,"[[0.74, NaN, NaN, NaN, NaN, NaN], [0.74, 0.4486, NaN, NaN, NaN, NaN], [0.74, 0.4486, 0.6795, NaN, NaN, NaN], [0.74, 0.4486, 0.6795, 0.6228, NaN, NaN], [0.74, 0.4486, 0.6795, 0.6228, 0.4187, NaN], [0.74, 0.4486, 0.6795, 0.6228, 0.4187, 0.161]]","[NaN, 0.4486, 0.6795, 0.6228, 0.4187, 0.161]"
imbalanced_classification,4,Naive incremental,binary_classification,0.49771499802620517,0.3304592936494777,0.6688446792000989,0.38224256307369514,0.38004253810648164,-0.35815853975189504,0.36452762923351156,0.5461229946524067,0.1366588698000669,0.061321777000102884,95.0654296875,346.7138671875,"[[0.74, NaN, NaN, NaN, NaN, NaN], [0.8494, 0.8641, NaN, NaN, NaN, NaN], [0.7746, 0.4531, 0.9369, NaN, NaN, NaN], [0.6125, 0.1926, 0.524, 0.7366, NaN, NaN], [0.4192, 0.3307, 0.2414, 0.359, 0.2605, NaN], [0.4981, 0.3553, 0.3271, 0.3424, 0.2243, 0.5461]]","[NaN, 0.4486, 0.6102, 0.7347, 0.3305, 0.3645]"
imbalanced_classification,4,Standard replay (FIFO),binary_classification,0.5004370725710985,0.31155695572873476,0.686687137750245,0.43666605112378926,0.3487018624156838,-0.31069281264192816,0.34491978609625673,0.5686274509803921,0.2204798622000453,0.055648708999797236,228.8466796875,600.9404296875,"[[0.74, NaN, NaN, NaN, NaN, NaN], [0.9301, 0.8631, NaN, NaN, NaN, NaN], [0.8618, 0.8171, 0.9772, NaN, NaN, NaN], [0.7096, 0.557, 0.8866, 0.7295, NaN, NaN], [0.5146, 0.305, 0.4359, 0.6525, 0.295, NaN], [0.471, 0.5235, 0.476, 0.3765, 0.2044, 0.5686]]","[NaN, 0.4486, 0.6899, 0.7072, 0.3116, 0.3449]"
imbalanced_classification,4,Full retrain oracle*,binary_classification,0.5477314218544829,0.37688608854253025,0.694172949480784,0.7068845137518389,0.030109554905499446,0.006083530781192392,0.4761586452762925,0.5049019607843142,0.35818962619996453,0.07466248299988365,1151.3623046875,1151.3623046875,"[[0.74, NaN, NaN, NaN, NaN, NaN], [0.8091, 0.8533, NaN, NaN, NaN, NaN], [0.9153, 0.859, 0.9517, NaN, NaN, NaN], [0.8799, 0.8494, 0.9398, 0.8136, NaN, NaN], [0.833, 0.8171, 0.9393, 0.76, 0.3474, NaN], [0.7779, 0.8631, 0.9405, 0.7638, 0.3911, 0.5049]]","[NaN, 0.4486, 0.7086, 0.7284, 0.3769, 0.4762]"
imbalanced_classification,4,ADAPT-X (proposed),binary_classification,0.5809491919693491,0.3337754932846959,0.681481603091517,0.5833537044919502,0.15216879900105332,-0.1396636570841467,0.482843137254902,0.5387700534759357,0.1566730305999954,0.06546950300025856,708.2900390625,708.2900390625,"[[0.791, NaN, NaN, NaN, NaN, NaN], [0.8536, 0.8116, NaN, NaN, NaN, NaN], [0.8157, 0.7766, 0.9597, NaN, NaN, NaN], [0.8264, 0.771, 0.9332, 0.744, NaN, NaN], [0.6602, 0.7796, 0.9029, 0.7147, 0.3533, NaN], [0.6479, 0.6943, 0.8565, 0.5658, 0.1968, 0.5388]]","[NaN, 0.5529, 0.8213, 0.7139, 0.3338, 0.4828]"
imbalanced_classification,4,A: no drift detection,binary_classification,0.5880530693577044,0.4083899850771018,0.6789601107889872,0.6190435306670811,0.10928262084834942,-0.09431437337145984,0.4260249554367199,0.553475935828877,0.16651341599999797,0.06254857899966737,657.4423828125,657.4423828125,"[[0.791, NaN, NaN, NaN, NaN, NaN], [0.8593, 0.8114, NaN, NaN, NaN, NaN], [0.8174, 0.7428, 0.9522, NaN, NaN, NaN], [0.7951, 0.706, 0.9587, 0.7347, NaN, NaN], [0.8182, 0.7264, 0.9429, 0.7147, 0.3431, NaN], [0.8256, 0.6857, 0.8684, 0.5889, 0.1922, 0.5535]]","[NaN, 0.5529, 0.8159, 0.737, 0.4084, 0.426]"
imbalanced_classification,4,B: no replay (K=0),binary_classification,0.5109942384080346,0.3055877963853424,0.6468755374904346,0.6104629469261279,0.08848701064020811,-0.07252650056205101,0.4026292335115864,0.4734848484848486,0.15345408259991017,0.07501723399991533,786.9814453125,786.9814453125,"[[0.791, NaN, NaN, NaN, NaN, NaN], [0.847, 0.8245, NaN, NaN, NaN, NaN], [0.8708, 0.7068, 0.9451, NaN, NaN, NaN], [0.8445, 0.6769, 0.9116, 0.6957, NaN, NaN], [0.7162, 0.6788, 0.8832, 0.6849, 0.2956, NaN], [0.6997, 0.682, 0.8783, 0.6336, 0.2956, 0.4735]]","[NaN, 0.5529, 0.661, 0.6328, 0.3056, 0.4026]"
imbalanced_classification,4,C: no adaptive scaling,binary_classification,0.5880530693577044,0.4083899850771018,0.6789601107889872,0.6190435306670811,0.10928262084834942,-0.09431437337145984,0.4260249554367199,0.553475935828877,0.15769764360002228,0.0676193740000599,657.4423828125,657.4423828125,"[[0.791, NaN, NaN, NaN, NaN, NaN], [0.8593, 0.8114, NaN, NaN, NaN, NaN], [0.8174, 0.7428, 0.9522, NaN, NaN, NaN], [0.7951, 0.706, 0.9587, 0.7347, NaN, NaN], [0.8182, 0.7264, 0.9429, 0.7147, 0.3431, NaN], [0.8256, 0.6857, 0.8684, 0.5889, 0.1922, 0.5535]]","[NaN, 0.5529, 0.8159, 0.737, 0.4084, 0.426]"
imbalanced_classification,4,D: no stable persistent state,binary_classification,0.5561010349922798,0.38036809815950945,0.7060782417344282,0.542856326003845,0.22750132926284575,-0.21285714991278404,0.4320409982174689,0.5309714795008911,0.259168174000024,0.061023179999665444,444.70703125,462.234375,"[[0.791, NaN, NaN, NaN, NaN, NaN], [0.8387, 0.8441, NaN, NaN, NaN, NaN], [0.8643, 0.8202, 0.9599, NaN, NaN, NaN], [0.6545, 0.5822, 0.8346, 0.8129, NaN, NaN], [0.6898, 0.6915, 0.7234, 0.7414, 0.3825, NaN], [0.5245, 0.6855, 0.5566, 0.6905, 0.2691, 0.531]]","[NaN, 0.5529, 0.6581, 0.7571, 0.3804, 0.432]"
imbalanced_classification,4,E: random replay,binary_classification,0.5241042631198148,0.2289835848118058,0.6243584745219861,0.6070595734791584,0.06890220642103957,-0.05409348572996597,0.4603386809269161,0.5037878787878789,0.1468394848000571,0.07247561300027883,722.3486328125,722.3486328125,"[[0.791, NaN, NaN, NaN, NaN, NaN], [0.861, 0.8159, NaN, NaN, NaN, NaN], [0.8651, 0.8054, 0.9485, NaN, NaN, NaN], [0.8355, 0.7811, 0.9405, 0.692, NaN, NaN], [0.7302, 0.7616, 0.9007, 0.6131, 0.1617, NaN], [0.7104, 0.7191, 0.8791, 0.5692, 0.2608, 0.5038]]","[NaN, 0.5529, 0.7484, 0.6298, 0.229, 0.4603]"
